:1000000000040020810A000015070000610A0000BA
:100010001F07000029070000330700000000000050
:10002000000000000000000000000000A50A000021
:100030003D070000000000004707000051070000D6
:100040005B070000650700006F07000079070000EC
:10005000830700008D07000097070000A10700003C
:10006000AB070000B5070000BF070000C90700008C
:10007000D3070000DD070000E7070000F1070000DC
:10008000FB070000050800000F0800001908000029
:10009000230800002D080000370800004108000078
:1000A0004B080000550800005F08000069080000C8
:1000B000730800007D080000870800009108000018
:1000C0009B080000A5080000AF080000B908000068
:1000D000C3080000CD080000D7080000E1080000B8
:1000E000EB080000F5080000FF0800000909000007
:1000F000130900001D090000270900003109000054
:100100003B0900001FB500F003F88DE80F001FBD8C
:1001100000F0ACBC40F6FC7108684FF01022401CA7
:1001200008D00868401C09D00868401C04D0086842
:1001300000F037BA9069F5E79069F9E7704770B554
:100140000B46010B184400F6FF70040B4FF0805073
:100150000022090303692403406943431D1B104621
:1001600000F048FA29462046BDE8704000F042BA47
:10017000F0B54FF6FF734FF4B4751A466E1E11E0DA
:10018000A94201D3344600E00C46091B30F8027B3B
:10019000641E3B441A44F9D19CB204EB134394B25D
:1001A00004EB12420029EBD198B200EB134002EBB2
:1001B000124140EA0140F0BDF34992B00446D1E952
:1001C0000001CDE91001FF224021684600F0F4FB58
:1001D00094E80F008DE80F00684610A902E004C8FB
:1001E00041F8042D8842FAD110216846FFF7C0FF7C
:1001F0001090AA208DF8440000F099F9FFF78AFFCB
:1002000040F6FC7420684FF01025401C0FD0206889
:1002100010226946803000F078F92068401C08D030
:100220002068082210A900F070F900F061F9A869AF
:10023000EEE7A869F5E74FF080500369406940F6A2
:10024000FC71434308684FF01022401C06D0086838
:1002500000F58050834203D2092070479069F7E788
:100260000868401C04D00868401C03D00020704778
:100270009069F9E70420704770B504460068C34DE3
:10028000072876D2DFE800F033041929631E250021
:10029000D4E9026564682946304600F062F92A46CE
:1002A0002146304600F031F9AA002146304600F0E0
:1002B00057FB002800D0032070BD00F009FC4FF46C
:1002C000805007E0201D00F040F90028F4D100F034
:1002D000FFFB60682860002070BD241D94E80700C3
:1002E000920000F03DFB0028F6D00E2070BDFFF715
:1002F000A2FF0028FAD1D4E901034FF0805100EBAE
:10030000830208694D69684382420ED840F6F8704E
:1003100005684FF010226D1C09D0056805EB8305B8
:100320000B6949694B439D4203D9092070BD55694A
:10033000F4E70168491C03D00068401C02D003E0C8
:100340005069FAE70F2070BD2046FFF735FFFFF731
:1003500072FF0028F7D1201D00F0F7F80028F2D135
:1003600060680028F0D100F0E2F8FFF7D3FE00F05B
:10037000BFF8072070BD10B50C46182802D0012028
:10038000086010BD2068FFF777FF206010BD41684E
:10039000054609B1012700E0002740F6F8742068FF
:1003A0004FF01026401C2BD02068AA68920000F065
:1003B000D7FA38B3A86881002068401C27D020688D
:1003C000FFF7BDFED7B12068401C22D026684FF051
:1003D0008050AC686D68016942695143A9420DD9EA
:1003E000016940694143A14208D92146304600F0E5
:1003F000B8F822462946304600F087F800F078F831
:100400007069D2E700F093F8FFF784FEF6E77069B1
:10041000D6E77669DBE740F6FC7420684FF01026DB
:10042000401C23D02068401C0CD02068401C1FD0EA
:100430002568206805F18005401C1BD027683879A5
:10044000AA2819D040F6F8700168491C42D001680A
:10045000491C45D00168491C3ED001680968491C07
:100460003ED00168491C39D000683EE0B069DAE747
:10047000B569DEE7B769E2E710212846FFF778FEA5
:100480003968814222D12068401C05D0D4F8001080
:1004900001F18002C03107E0B169F9E730B108CA63
:1004A00051F8040D984201D1012000E000208A4259
:1004B000F4D158B1286810B1042803D0FEE72846CB
:1004C000FFF765FF3149686808600EE0FFF722FE1C
:1004D00000F00EF87169BBE77169BFE7706904E06D
:1004E0004FF480500168491C01D000F0CBFAFEE7C0
:1004F000BFF34F8F26480168264A01F4E06111439B
:100500000160BFF34F8F00BFFDE72DE9F0411746B3
:100510000D460646002406E03046296800F054F8EF
:10052000641C2D1D361DBC42F6D3BDE8F08140F69B
:10053000FC700168491C04D0D0F800004FF48051D1
:10054000FDE54FF010208069F8E74FF080510A690F
:10055000496900684A43824201D810207047002050
:10056000704770B50C4605464FF4806608E0284693
:1005700000F017F8B44205D3A4F5806405F5805562
:10058000002CF4D170BD0000F40A0000000000202F
:100590000CED00E00400FA05144801680029FCD0C5
:1005A0007047134A0221116010490B68002BFCD0E0
:1005B0000F4B1B1D186008680028FCD0002010603D
:1005C00008680028FCD07047094B10B501221A605A
:1005D000064A1468002CFCD0016010680028FCD08A
:1005E0000020186010680028FCD010BD00E4014015
:1005F00004E5014070B50C46054600F073F810B9EB
:1006000000F07EF828B121462846BDE8704000F091
:1006100007B821462846BDE8704000F037B8000012
:100620007FB5002200920192029203920A0B000B06
:100630006946012302440AE0440900F01F0651F80C
:10064000245003FA06F6354341F82450401C8242F8
:10065000F2D80D490868009A10430860081D016827
:10066000019A1143016000F03DF800280AD00649C4
:1006700010310868029A10430860091D0868039A3F
:10068000104308607FBD00000006004030B50F4CED
:10069000002200BF04EB0213D3F800582DB9D3F8A1
:1006A000045815B9D3F808581DB1521C082AF1D3C3
:1006B00030BD082AFCD204EB0212C2F80008C3F8CD
:1006C00004180220C3F8080830BD000000E0014013
:1006D0004FF08050D0F83001082801D0002070473A
:1006E000012070474FF08050D0F83011062905D016
:1006F000D0F83001401C01D0002070470120704725
:100700004FF08050D0F830010A2801D00020704707
:100710000120704708208F490968095808471020B0
:100720008C4909680958084714208A4909680958FA
:100730000847182087490968095808473020854923
:100740000968095808473820824909680958084744
:100750003C20804909680958084740207D490968BC
:100760000958084744207B49096809580847482028
:1007700078490968095808474C207649096809589A
:10078000084750207349096809580847542071499F
:1007900009680958084758206E49096809580847E8
:1007A0005C206C4909680958084760206949096854
:1007B00009580847642067490968095808476820AC
:1007C00064490968095808476C2062490968095852
:1007D000084770205F4909680958084774205D4937
:1007E00009680958084778205A490968095808478C
:1007F0007C205849096809580847802055490968EC
:10080000095808478420534909680958084788202F
:1008100050490968095808478C204E490968095809
:10082000084790204B4909680958084794204949CE
:10083000096809580847982046490968095808472F
:100840009C204449096809580847A0204149096883
:1008500009580847A4203F49096809580847A820B3
:100860003C49096809580847AC203A4909680958C1
:100870000847B0203749096809580847B420354966
:10088000096809580847B8203249096809580847D3
:10089000BC203049096809580847C0202D4909681B
:1008A00009580847C4202B49096809580847C82037
:1008B0002849096809580847CC2026490968095879
:1008C0000847D0202349096809580847D4202149FE
:1008D000096809580847D8201E4909680958084777
:1008E000DC201C49096809580847E02019490968B3
:1008F00009580847E4201749096809580847E820BB
:100900001449096809580847EC2012490968095830
:100910000847F0200F49096809580847F4200D4995
:10092000096809580847F8200A490968095808471A
:10093000FC2008490968095808475FF48070054998
:10094000096809580847000003480449024A034B54
:100950007047000000000020000B0000000B0000AA
:1009600040EA010310B59B070FD1042A0DD310C82C
:1009700008C9121F9C42F8D020BA19BA884201D97E
:10098000012010BD4FF0FF3010BD1AB1D30703D0C6
:10099000521C07E0002010BD10F8013B11F8014B7C
:1009A0001B1B07D110F8013B11F8014B1B1B01D198
:1009B000921EF1D1184610BD02F0FF0343EA032254
:1009C00042EA024200F005B87047704770474FF0A6
:1009D00000020429C0F0128010F0030C00F01B800C
:1009E000CCF1040CBCF1020F18BF00F8012BA8BF1A
:1009F00020F8022BA1EB0C0100F00DB85FEAC17CDE
:100A000024BF00F8012B00F8012B48BF00F8012B90
:100A100070474FF0000200B51346944696462039C1
:100A200022BFA0E80C50A0E80C50B1F12001BFF4A7
:100A3000F7AF090728BFA0E80C5048BF0CC05DF80D
:100A400004EB890028BF40F8042B08BF704748BF5B
:100A500020F8022B11F0804F18BF00F8012B7047CF
:100A6000014B1B68DB6818470000002009480A4951
:100A70007047FFF7FBFFFFF745FB00BD20BFFDE719
:100A8000064B1847064A1060016881F308884068E1
:100A900000470000000B0000000B000017040000DE
:100AA000000000201EF0040F0CBFEFF30881EFF3ED
:100AB0000981886902380078182803D100E0000015
:100AC000074A1047074A12682C3212681047000084
:100AD00000B5054B1B68054A9B58984700BD0000B0
:100AE0007703000000000020F00A0000040000006E
:100AF000001000000000000000FFFFFF0090D00386
:10100000B00F002021AE010065B0000087AD0100E7
:1010100065B0000065B0000065B000000000000091
:10102000000000000000000000000000ADAE010064
:1010300065B000000000000065B0000065B0000071
:1010400015AF01001BAF010065B0000065B00000E6
:1010500065B0000065B0000065B0000065B000003C
:1010600021AF010065B0000065B0000027AF0100AE
:1010700065B000002DAF010033AF010039AF0100B2
:1010800065B0000065B0000065B0000065B000000C
:1010900065B0000065B0000065B0000065B00000FC
:1010A00065B000003FAF010065B0000065B0000012
:1010B00065B0000065B0000065B0000065B00000DC
:1010C00045AF010065B0000065B0000065B00000EC
:1010D00065B0000065B0000065B0000065B00000BC
:1010E00065B0000065B0000065B0000065B00000AC
:1010F00065B0000065B0000065B0000065B000009C
:1011000065B0000065B0000000F002F819F077FE4D
:101110000AA090E8000C82448344AAF10107DA4552
:1011200001D119F06CFEAFF2090EBAE80F0013F00E
:10113000010F18BFFB1A43F00103184770A201000A
:1011400090A201000A4410F8014B14F00F0508BFEB
:1011500010F8015B240908BF10F8014B6D1E05D083
:1011600010F8013B6D1E01F8013BF9D1641E03D05C
:10117000641E01F8015BFBD19142E4D3704700008B
:101180000023002400250026103A28BF78C1FBD890
:10119000520728BF30C148BF0B6070471FB500F031
:1011A00003F88DE80F001FBD19F026BE70B51B4C6B
:1011B00005460A202070A01C00F0D7F85920A08016
:1011C00029462046BDE8704006F0FEBE06F00CBF82
:1011D00070B50C461249097829B1A0F160015E2969
:1011E00008D3012013E0602804D0692802D043F21C
:1011F00001000CE020CC0B4E94E80E0006EB8000C2
:10120000A0F58050241FD0F8806E2846B04720609B
:1012100070BD0120704706207047000008000020C4
:101220001800002074AF01003249884201D2012029
:1012300070470020704770B50446A0F500002E4EA0
:10124000B0F1786F02D23444A4F5000429488442F6
:1012500001D2012500E0002500F043F848B125B98E
:10126000B44204D32548006808E0012070BD002086
:1012700070BD002DF9D1B442F9D321488442F6D291
:10128000F3E710B50446A0F50000B0F1786F03D283
:1012900019480444A4F5000400F023F84FF08041FD
:1012A00030B11648006804E08C4204D2012003E00B
:1012B00013488442F8D2002080F0010010BD10B520
:1012C00020B1FFF7DEFF08B1012010BD002010BDE6
:1012D00010B520B1FFF7AFFF08B1012010BD00200D
:1012E00010BD084808490068884201D101207047B4
:1012F0000020704700C00100000000201C000020FA
:101300000800002058000020BEBAFECA10B50446EE
:101310000021012000F041F800210B2000F03DF8F1
:101320000021082000F039F80421192000F035F8D8
:1013300004210D2000F031F804210E2000F02DF8DA
:1013400004210F2000F029F80421C84300F025F8FB
:101350000621162000F021F80621152000F01DF8C6
:101360002046FFF723FF002010BDCC2101807047ED
:10137000FFF72CBF1148704710487047104A10B54E
:1013800014680F4B0F4A08331A60FFF721FF0C480F
:10139000001D046010BD704770474907090E002802
:1013A00004DB00F1E02080F80014704700F00F002B
:1013B00000F1E02080F8141D7047000003F900429E
:1013C000100502400100000130B5FF4D0446062C17
:1013D000A9780ED2DFE804F0030E0E0E0509FFDF38
:1013E00008E0022906D0FFDF04E0032902D0FFDF76
:1013F00000E0FFDFAC7030BDF34810B5407E41081F
:10140000F14800F11A0005D00DF043FBBDE8104093
:1014100006F07ABC0DF024FBF8E730B50446A1F1E4
:1014200020000D460A2847D2DFE800F005070C1916
:10143000202532373C41FFDF3FE0207820283CD197
:10144000FFDF3AE0E0488078052836D0207824286D
:1014500033D0252831D023282FD0FFDF2DE020786E
:1014600022282AD0232828D8FFDF26E02078222827
:1014700023D0FFDF21E0207822281ED024281CD092
:1014800026281AD0272818D0292816D0FFDF14E0E4
:101490002078252811D0FFDF0FE0207825280CD0F8
:1014A000FFDF0AE02078252807D0FFDF05E020785D
:1014B000282802D0FFDF00E0FFDF257030BD1FB518
:1014C0000022ADF800200C88ADF802404B88ADF842
:1014D0000430CA88ADF808208988ADF806100021CC
:1014E000ADF80A10ADF80C1080B14FF6FF70062170
:1014F000844201D1ADF80210834201D1ADF804104D
:10150000824203D14FF44860ADF8080068460DF000
:10151000BEFB06F0F9FB04B010BD70B514460D46D5
:101520000646FFF788FE60B90DB1A54201D90C202F
:1015300070BD002409E000BF56F82400FFF77BFED1
:1015400008B1102070BD641CE4B2AC42F4D300209A
:1015500070BD2DE9F04105461F4690460E46002419
:101560000068FFF7B5FE30B9A98828680844401E16
:10157000FFF7AEFE10B11020BDE8F081286800280A
:10158000A88802D0B84202D850E00028F4D0092040
:10159000F2E72968085DB8B1671CCA5D152A2ED02C
:1015A0003CDC152A3AD2DFE802F039122222282840
:1015B0002A2A313139393939393939393939220019
:1015C000085D30BB641CA4B2A242F9D833E0022803
:1015D000DDD1A01C085C88F80000072801D2400774
:1015E00001D40A20C8E7307840F0010015E0C1437B
:1015F000C90707E0012807D010E00620BCE7010773
:10160000A1F180510029F5D01846B5E7307881075F
:1016100001D50B20B0E740F0020030702868005D73
:10162000384484B2A888A04202D2B0E74FF44853AD
:1016300082B2A242ADD800209EE710B502785408CD
:1016400009D0012243F20223012C07D0022C0DD035
:10165000032C13D10FE00020087005E080790324EB
:10166000B4EB901F0AD10A70002010BD8079B2EB54
:10167000901F03D1F7E780798009F4D0184610BD98
:1016800008B500208DF800004F4890F8221051B1A5
:1016900090F8230002280FD003280FD0FFDF00BFEF
:1016A0009DF8000008BD48486946193001F0C6F9A8
:1016B0000028F5D0FFDFF3E7032000E001208DF8DC
:1016C0000000EDE738B50C460546694601F0B6F96D
:1016D00000280DD19DF80010207861F3470020709C
:1016E00055F8010FC4F80100A888A4F805000020EF
:1016F00038BD38B51378C0B1022816D033A46D4672
:10170000246800944C7905EB9414247864F347031F
:10171000137003280ED003F0FE0010700868C2F8A2
:1017200001008888A2F8050038BD23F0FE0313707D
:101730000228EED1D8B240F00100EEE702210EF00F
:10174000BDBC38B50C460978222901D2082038BD25
:10175000ADF800008DF8022068460DF0D9F906F0CA
:10176000D3FA050003D121212046FFF756FE284673
:1017700038BD1CB500208DF80000CDF80100ADF893
:101780000500114890F82200022801D0012000E055
:1017900000208DF8070068460DF024FA002800D0DC
:1017A000FFDF1CBD2DE9FF478CB00025BDF834607C
:1017B00082461C4690468DF81C50700703D5606821
:1017C000FFF739FD90B903E0A00100200302FF01FB
:1017D000FE4F4FF0010997F8220058B197F8230007
:1017E000022807D16068FFF773FD18B1102010B010
:1017F000BDE8F087300702D5A089802815D870078A
:1018000004D4B8F1000F01D0387E70B1E07DC0F390
:1018100000108DF81B00617D072041B1012906D021
:101820000229E4D00429E2D117E00720DFE78DF890
:1018300017908DF819908DF81580606878B107A918
:10184000FFF7FBFE0028D2D1606850F8011FCDF8E9
:101850000F108088ADF8130005E00620C7E7CDF82B
:101860000F50ADF81350E07B0028F6D1207C002803
:10187000F3D1607C0028F0D1A07C0028EDD1E07C81
:10188000C006EAD18DF800A0BDF83400ADF8020022
:10189000A0680190A0680290CDA0D0E90010CDE929
:1018A0000A10E07C0AA901EB501000788DF80C00BA
:1018B000FFF7E6FE8DF80D009DF81C008DF80E0078
:1018C0008DF818508DF816508DF81A5009A96846F1
:1018D0000DF02CFA06F018FA89E7F0B58FB0002465
:1018E0008DF830408DF814408DF8344006468DF860
:1018F0002840019402940394049419B10FC901ADD6
:1019000085E80F00B14DA878052801D004280CD136
:1019100001986968884200D120B90398E968884233
:1019200003D110B108200FB0F0BD1F273B460DAA10
:1019300005A903A8FFF70DFE0028F4D13B460AAA2B
:101940000CA901A8FFF705FE0028ECD19DF81400B2
:10195000C00701D00A20E6E7A88A410708D4A97D7C
:1019600031B19DF82810890702D043F20120DAE74F
:101970009DF82810C90709D0400707D4288818B156
:1019800044F25061884201D90720CCE78DF8184015
:101990008DF81960BDF80800ADF81A00019807909D
:1019A00006A80DF0CEF906F0AFF90028BBD18DF8EE
:1019B00020408DF82160BDF81000ADF8220003989A
:1019C000099008A80DF0DFF906F09EF90028AAD1C9
:1019D00001AC2D1D94E80F0085E80F000020A2E760
:1019E00070B50646FFF7AAFE054606F06FFB040039
:1019F00000D1FFDF6680207820F00F00801C20F0EF
:101A0000F000203020700320207295F83E006072B4
:101A1000BDE8704006F05EBB2DE9F04385B00400E0
:101A200000D1FFDF2078694E20F00F00801C20F0ED
:101A3000F0007030207060680178C91F14292AD224
:101A4000DFE801F04DF3290AF3F33AF2292966F2AF
:101A5000F2F129F2F2F0EFF286883046FFF76EFEDF
:101A60000546304608F0BDF8C0B16068807985F859
:101A70003E0021212846FFF7D0FC304603F0FAF95A
:101A8000304604F0ADFB3146012012F047F9A87F43
:101A900020F01000A87705B0BDE8F083207820F092
:101AA000F00020302070032020726680606880790A
:101AB000607206F00FFBDCE785882846FFF73EFEE4
:101AC00000B9FFDF60688078012800D0FFDF606820
:101AD000817905B02846BDE8F04308F04ABA868807
:101AE0003046FFF72BFE050000D1FFDF06F0F2FACB
:101AF00060683146C08828816068008968816068B4
:101B00004089A881012012F009F90020A875C2E7D8
:101B1000807828B10228BED03C28BCD0FFDFBAE7CD
:101B200006F0D8FA6568A879AD1C00B9FFDFF77830
:101B3000B5F80290B046384606F05FF8060000D1CE
:101B4000FFDF0022022148460EF0AFFA040000D168
:101B5000FFDF22212046FFF760FCA17F012060F318
:101B60000101A177298B2181698B6181A98BA181D9
:101B700084F822708DF80800B0680090F068019039
:101B80006A46032148460EF090FA00B9FFDFB0889C
:101B9000ADF81000B0788DF8120004AA052148466F
:101BA0000EF083FA00B9FFDFB088ADF80C00F078D2
:101BB0008DF80E0003AA042148460EF076FA00B90B
:101BC000FFDF062105F1120006E00000A001002061
:101BD000070605040302010000F04DFF30B36879E9
:101BE000800700D5FFDF6979E07D61F34700E0758C
:101BF000D5F80600A0616889A083062105F10C00D4
:101C000000F039FFE0B198F819104A08617862F3E2
:101C100047016170D8F81A10C4F80210B8F81E0015
:101C200017E028E020E033E02DE017E0E07D20F031
:101C3000FE00801CE075D5F81200A061E88ADBE7A1
:101C4000607820F0FE00801C6070E868C4F8020034
:101C5000288AE0800320FFF7B7FB1CE705B0204689
:101C6000BDE8F04301F092BC06F034FA16F8240FF8
:101C700040F0020005E006F02DFA16F8240F40F0BF
:101C80000400307007E705B0BDE8F04306F022BA63
:101C9000B178052909D00429DFD106F01BFA02200A
:101CA00005B0BDE8F043FFF78FBB80780028D4D0A3
:101CB000F07800F0AAFE06F00DFA0320F0E72DE917
:101CC000F047054600780027000991460C463E463D
:101CD000012871D0022870D007280AD00A286DD0B8
:101CE000FFDF00BFA9F800600CB1278066800020EC
:101CF0007EE5D5F804C0DFF8448804F108009CF8BC
:101D000000204FF0010AD21F4FF6FF71142A76D23D
:101D1000DFE802F00AF9F9F9F9F9F91DF9F926C035
:101D2000889DF91061D476EE12271026BCF80400C5
:101D30002146F3E01C270A26ECB3BCF80200A08081
:101D4000686800792072686840796072CAE71B276A
:101D5000092684B30320207268684088A080C1E708
:101D60009CF802103C29BDD010272C260CF1020C47
:101D70000CB3BCF80210A180BCF818106182BCF84A
:101D800018102182BCF81A10A182BCF81C10E18244
:101D90009CF8053002460CF106011846FFF7A9FC35
:101DA0009CF8040001289DD184F80FA00020207623
:101DB00008F1040003E00BE0A8E0B2E0EAE090E8FC
:101DC0000E00D8F81000C4E90930C4E9071289E709
:101DD000A9F800608BE720271126002CF8D0A180FD
:101DE000686804F10A02807820726868807A6072FC
:101DF00069680B1DC8781946FFF77BFC72E782E023
:101E000021270A26002CE3D0BCF80200A0806868D5
:101E10000079207268684079607298F8241021F087
:101E2000040162E022270B26002CD1D0BCF804006C
:101E3000A0806868807820726868807900F02AFE47
:101E400060726868C07900F025FEA0724AE7262714
:101E50001C26002CBCD0A1806868C07860726868BD
:101E60008079A07208F1040090E80E00D8F8100004
:101E7000C4E90530C4E90312686880783C2803D0BF
:101E8000432804D0FFDF2DE784F808A02AE70220CA
:101E9000207227E724271026002C99D0BCF80200D6
:101EA000A0806868007920816868007A608168682D
:101EB000C088A08168684089E08113E72327102645
:101EC000002C85D0BCF80200A08068688088208142
:101ED0006868C088608168680089A08168684089F6
:101EE000E08198F8241021F0020188F82410F9E626
:101EF0002F272A26002C86D0A18069682222891CDF
:101F00000BF017FAEEE64A46214644E0287A02280A
:101F100001D0FFDFE6E612271026688800F098FD62
:101F2000E0E6287AB0B3012835D0022833D0032860
:101F300001D0FFDFD6E611270926002C8AD0B5F89C
:101F400002804046FFF7FAFB90F822A0A4F8048034
:101F5000687A2072042140460EF0C2F805214046FE
:101F60000EF0BEF8002140460EF0BAF801214046BE
:101F70000EF0B6F8032140460EF0B2F802214046BA
:101F80000EF0AEF8062140460EF0AAF8504600F0DA
:101F90003CFDA7E6FFE72846BDE8F04701F02CBC72
:101FA00070B5012801D0FFDF70BD8DB22846FFF764
:101FB000C5FB040000D1FFDF20782128F4D006F013
:101FC00085F880B1017821F00F01891C21F0F00122
:101FD000103101700221017245800020A075BDE81A
:101FE000704006F077B821462846BDE870401322BD
:101FF000FFF7A7BB2DE9F04116460C00804600D143
:10200000FFDF307820F00F00801C20F0F00010304F
:1020100030702078022802D0FFDFBDE8F081404612
:10202000FFF78CFB050000D1FFDFA1884FF6FF70A2
:102030000027814202D1E288824203D0814201D14D
:10204000E08840B106F046F894E80F00083686E8CC
:102050000F00AF75E1E7A87D0128DED178230022CB
:10206000414611F0B1FD0220A875D6E738B5054606
:102070000C460846FFF7DFF8A8B9242D31D006DC5E
:10208000202D0AD0212D0AD0222D04D124E0252D87
:102090001BD03F2D2DD0072038BD062038BD6068ED
:1020A000FFF70DF908B1102038BD618820886A4615
:1020B0000CF0E1FF05F028FE0028F5D16168002949
:1020C000F2D0BDF800200A8038BDA07800F00101F0
:1020D00020880DF001F808E02068BDE8384001F0E4
:1020E000C0BD618820880CF05FFFBDE8384005F076
:1020F0000BBE207800F001008DF8000068460CF05F
:10210000BDFD05F001FE38BD70B505460C4608461C
:10211000FFF7B7F808B1102070BD202D07D0212D92
:102120000DD0222D0BD0252D09D0072070BD208881
:10213000A11C0CF03CFDBDE8704005F0E5BD06209B
:1021400070BDFE481930704708B528220021FB48B1
:102150000BF019F90120FFF737F9F84968461A31F1
:1021600005F04AFFF5489DF80020417E62F34701E3
:1021700021F001014176002180F822104FF46171B5
:102180000184022180F82310FFF736F900B1FFDF48
:1021900000F0AEFC01F0CCF908BD10B50C464022B1
:1021A000002120460BF0EFF8A07F20F00300A0777D
:1021B000202020700020A07584F8230010BD7047F7
:1021C0002DE9FC410746FFF736F810B11020BDE8B5
:1021D000FC81DA4E06F11901D6F819000090B6F824
:1021E0001D50ADF80450F47F8DF806403846FFF7D7
:1021F00069FA0028EBD1FFF7FFF80028E7D0009933
:1022000046F8191FB580B471E1E710B50446FFF731
:1022100038F808B1102010BDC848C8492246407E91
:102220001A314008FFF765FA002010BD3EB504469C
:102230000D460846FFF725F808B110203EBD14B141
:1022400043F204003EBDBD488078052803D0042831
:1022500001D008203EBD694602A80BF01AFB2A46B1
:1022600069469DF80800FFF744FA00203EBDFEB520
:102270000D4604004FF0000711D00822FFF74DF97A
:10228000002811D1002608E054F826006946FFF71F
:10229000D4F9002808D1761CF6B2AE42F4D30CF083
:1022A00037FB10B143F20320FEBDA44E3776FCB1DC
:1022B00000271AE054F8270002A9FFF7BEF900B181
:1022C000FFDF9DF808008DF8000054F8270050F853
:1022D000011FCDF801108088ADF8050068460CF0AC
:1022E0003CFB00B1FFDF7F1CFFB2AF42E2D335768B
:1022F0000020FEBD2DE9F0478AB01546894604004E
:102300001DD00F4608222946FFF707F9002810D1F3
:10231000002612E054F826006946103000F08EFBCB
:10232000002806D13FB157F82600FEF784FF10B110
:1023300010200AB0DCE4761CF6B2AE42EAD30026E6
:10234000A5F101081CE000BF06F1010A0AF0FF0731
:1023500012E000BF54F82600017C4A0854F8271008
:102360000B7CB2EB530F05D10622113011310AF06C
:10237000B3FF58B17F1CFFB2AF42EBD30AF0FF06A8
:102380004645E1DB4E4624B1012003E043F205203F
:10239000CFE700200CF000FB10B90CF009FB10B1E6
:1023A00043F20420C5E75CB300270DF1170825E0D0
:1023B00054F827006946103000F040FB00B1FFDF01
:1023C00054F82700102250F8111FCDF80110808812
:1023D000ADF8050054F827100DF107000AF0A9FF29
:1023E00096B156F82710102240460AF0A2FF684620
:1023F0000CF098FA00B1FFDF7F1CFFB2AF42D7D3D9
:10240000FFF7B7F9002094E7404601F01EFCEEE725
:1024100030B585B00446FEF70EFF18B96068FEF7C8
:1024200057FF10B1102005B030BD60884AF2B811D6
:10243000884206D82078414D28B1012806D00228CC
:1024400004D00720EFE7FEF7D7FF18E060780228F6
:1024500004D0032802D043F20220E4E785F82300E9
:10246000C1B200200090ADF8040002292CD003294D
:1024700027D0FFDF68460CF00CFB05F045FC002878
:10248000D1D1606801F0D4FB207858B101208DF8DB
:1024900000000DF1010001F0D8FB68460CF075FE5C
:1024A00000B1FFDF207885F82200FFF762F960882D
:1024B00060B1288480B20CF067FA00B1FFDF002021
:1024C000B1E78DF80500D5E74020FAE74FF46170D9
:1024D000EFE710B50446FEF7D4FE20B9606838B1C6
:1024E000FEF7EDFE08B1102010BD606801F0ADFBF5
:1024F000124830F8201F6180C178617080782070A8
:10250000002010BD2DE9F843144689460646FEF723
:10251000B8FEB8B94846FEF7DBFE98B92046FEF78C
:10252000D7FE78B9054DA878012800D154B131788B
:10253000FF2909D061B143F2040001E0A0010020AD
:10254000BDE8F8831020F8E7012801D00420F4E763
:10255000CCB3052811D004280FD06946204600F0DE
:10256000A4FA0028E9D1217D49B1012909D0022925
:1025700009D0032909D00720DFE70820DDE702465C
:1025800004E0012202E0022200E00322804623460A
:10259000174600200099FFF705F90028CDD1A08942
:1025A0002880A07BE875BDF80000A882AF75BDF853
:1025B0000010090701D5A18931B1A1892980C0077F
:1025C00004D0032003E006E08021F7E70220FEF7B5
:1025D000FBFE86F800804946BDE8F8430020FFF77F
:1025E0007CB92DE9FC41FF4C06460D46A078022837
:1025F00003D0032801D00820E9E516B143F2040016
:10260000E5E506200DF00EFD10B9A078032849D0AD
:102610000FF07CFC074610F0DBFE381A00F0FF08D4
:1026200006200DF0F7FC074606200DF0FBFC391ADA
:10263000A078042809D000221144A8EB010111F070
:10264000FF0F04D0032804D00DE00122F4E713208B
:10265000BDE5284605F0D1FA10B3407810B32846FE
:1026600005F0D6FDE570FFF70BF80BF054F80120EC
:102670008DF800008DF801008DF802602088ADF81B
:102680000400E07D8DF8060068460CF050FC05F073
:102690003BFB0028B0D1A078032805D0042010E02F
:1026A000052094E5122092E5E07805F0A6FA0400F2
:1026B00000D1FFDF607800B9FFDF6078401E6070F6
:1026C0000520FEF781FE002081E51CB510B143F224
:1026D00004001CBDC34CA078042803D0052801D0F9
:1026E00008201CBD00208DF8000001218DF801108C
:1026F0008DF8020068460CF01AFC05F005FB002876
:10270000EFD1A078052805D05FF00200FEF75CFE4F
:1027100000201CBDE07800F078F90320F6E72DE9F1
:10272000FC4180460D4603260846FEF7D1FD08B160
:1027300010204CE54046FFF701F8040004D0207853
:10274000222804D2082042E543F202003FE5A07FA0
:1027500000F003073DB1012F0AD000202946FEF703
:10276000AEFE0600E5D1012F04D0FFDF30462EE596
:102770000120F3E7A07D2946022801D011B107E02E
:10278000112024E5684600F0E7FA0028D1D1694617
:10279000404607F0CEFB0600E8D10120A075E5E732
:1027A00070B50C460546FEF7C9FF010005D022466C
:1027B0002846BDE87040FEF7C4BF43F2020070BD7A
:1027C00010B5012807D1874B9B78012B00D011B1A0
:1027D00043F2040010BD0CF009F9BDE8104005F00B
:1027E00093BA012300F01BB900231A46194600F0E2
:1027F00016B970B5064615460C460846FEF741FD6B
:1028000018B92846FEF73DFD08B1102070BD2A46D4
:10281000214630460CF017FC05F076FA0028F5D179
:1028200021787F29F2D1052070BD7CB505460C4684
:102830000846FEF700FD08B110207CBD2846FEF7D3
:102840007DFF20B10078222804D208207CBD43F20D
:1028500002007CBD634890F82400400701D5112098
:102860007CBD2178C80802D16078C20801D0072059
:102870007CBD890801D1800801D006207CBDADF85F
:10288000005020788DF8020060788DF80300022057
:10289000ADF8040068460BF00FFF05F035FA7CBD7B
:1028A00070B586B014460D460646FEF747FF28B1C0
:1028B0000078222805D2082006B070BD43F202003D
:1028C000FAE72846FEF704FD20B944B12046FEF79A
:1028D000F6FC08B11020EFE700202060A0804148FE
:1028E00090F82400800701D51120E5E703A93046C0
:1028F0000BF01FFF18B100BF05F006FADCE7ADF8DA
:102900000060BDF81400ADF80200BDF81600ADF887
:102910000400BDF81000BDF81210ADF80600ADF8C7
:1029200008107DB1298809B1ADF80610698809B190
:10293000ADF80210A98809B1ADF80810E98809B10D
:10294000ADF80410DCB1BDF80610814201D9081AB7
:102950002080BDF80210BDF81400814201D9081A88
:102960006080BDF80800BDF80410BDF816200144D1
:10297000BDF812001044814201D9081AA0806846AF
:102980000BF074FFB8E770B505460C460846FEF735
:1029900078FC08B1102070BD214628460CF04AF999
:1029A000BDE8704005F0B0B93EB505460C46084696
:1029B000FEF767FC08B110203EBD0020009001909A
:1029C0000290ADF800502089ADF8080020788DF80D
:1029D0000200606801902089ADF808006089ADF8B8
:1029E0000A0001E0A001002068460CF031F905F072
:1029F0008BF93EBD0EB5ADF8000000200190684691
:102A00000CF026F905F080F90EBD10B505F0F5F8CB
:102A1000040000D1FFDF6078401C607010BD1CB561
:102A2000ADF800008DF802308DF803108DF8042009
:102A300068460CF0D7FA05F067F91CBD0278520819
:102A400004D0012A02D043F202207047FEF7F5BD00
:102A500070B50C0006460DD0FEF770FE050000D1E3
:102A6000FFDFA68028892081288960816889A0816C
:102A7000A889E08170BD10B500231A4603E0845C8C
:102A80002343521CD2B28A42F9D30BB1002010BDAD
:102A9000012010BD00B530B1012803D0022801D0BB
:102AA000FFDF002000BDFF2000BD00220A8092B29F
:102AB00022F060020A800078062817D2DFE800F0D2
:102AC000160306090C1142F0110007E042F01D0048
:102AD00009E042F0150006E042F0100040F002006C
:102AE00001E042F010000880002070470720704786
:102AF000FD48002101604160018170472DE9FF4FD1
:102B000093B09B46209F160004460DD01046FEF75A
:102B100092FB18B1102017B0BDE8F08F31460120AC
:102B2000FEF7CDFC0028F6D101258DF842504FF478
:102B3000C050ADF84000002210A9284603F016FE50
:102B40000028E8D18DF84250A8464FF428500025BF
:102B5000ADF840001C222946684607950AF013FC90
:102B60009DF81C000DF11C0A20F00F00401C20F005
:102B7000F00010308DF81C0020788DF81D00617871
:102B80009DF81E000DF1400961F3420040F0010084
:102B90008DF81E009DF8000008AA40F002008DF894
:102BA00000002089ADF83000ADF832506089ADF8F2
:102BB0003400CDF82CA060680E900AA9CDF82890BA
:102BC000684603F0C8FB0028A5D16068FEF777FBD4
:102BD00040B16068FEF77CFB20B9607800F003002C
:102BE000022801D0012000E00020BF4C08AA0AA959
:102BF0002072BDF8200020808DF8428042F601202E
:102C0000ADF840009DF81E0020F00600801C20F06A
:102C100001008DF81E000220ADF83000ADF8340040
:102C200014A80E90684603F096FB002889D1BDF8E1
:102C30002000608036B1211D304600F059F900288F
:102C4000C2D109E0BBF1000F05D00AF017F9E8BBCB
:102C50000AF014F9D0BBA58017B1012F43D04AE088
:102C60008DF8428042F6A620ADF8400046461C2270
:102C70000021684607950AF086FB9DF81C00ADF818
:102C8000346020F00F00401C20F0F00010308DF870
:102C90001C009DF81D0020F0FF008DF81D009DF820
:102CA0001E0020F0060040F00100801C8DF81E0080
:102CB0009DF800008DF8446040F002008DF800009F
:102CC000CDE90A9AADF8306011A800E011E00E904D
:102CD00008AA0AA9684603F03EFB0028A6D1BDF861
:102CE0002000E08008E00AF0C9F810B90AF0C6F840
:102CF00008B103200FE7E58000200CE73EB504464D
:102D0000794D0820ADF80000A88828B12046FEF7CC
:102D100092FA18B110203EBD06203EBD214601208A
:102D2000FEF7CDFB0028F8D12088ADF804006088BC
:102D3000ADF80600A088ADF80800E088ADF80A00FC
:102D4000A88801AB6A46002103F00CFFBDF8001013
:102D50000829E2D003203EBD7FB5634D0446A88814
:102D600068B1002002900820ADF80800CDF80CD022
:102D70002046FEF760FA20B1102004B070BD062096
:102D8000FBE7A98802AA4FF6FF7004F02DF900288E
:102D9000F3D1BDF80810082901D00320EDE7BDF8F4
:102DA00000102180BDF802106180BDF80410A180E0
:102DB000BDF80610E180E0E701B582B00220ADF871
:102DC0000000494802AB6A464088002103F0CAFE71
:102DD000BDF80010022900D003200EBD1CB5002153
:102DE00000910221ADF800100190FEF74AFA08B1F7
:102DF00010201CBD3C486A4641884FF6FF7004F025
:102E0000F3F8BDF800100229F3D003201CBDFEB575
:102E1000354C06461546207A0F46C00705D00846B1
:102E2000FEF709FA18B11020FEBD0F20FEBDF82DE7
:102E300001D90C20FEBD3046FEF7FDF918BB2088F5
:102E400001A902F08AFF0028F4D130788DF805003E
:102E5000208801A903F064FE0028EBD100909DF8C2
:102E600000009DF8051040F002008DF800000907F1
:102E700003D040F008008DF800002088694603F078
:102E8000ECFD0028D6D1ADF8085020883B4602AAB8
:102E9000002103F067FEBDF80810A942CAD0032044
:102EA000FEBD7CB505460020009001900888ADF875
:102EB00000000C4628460195FEF701FA18B9204695
:102EC000FEF7DFF908B110207CBD15B1BDF8000098
:102ED00060B105486A4601884FF6FF7004F084F837
:102EE000BDF8001021807CBDC80100200C20FAE74D
:102EF00030B5044693B000200D46014600901422E0
:102F000001A80AF040FA1C22002108A80AF03BFAA6
:102F10009DF80000CDF808D020F00F00401C20F0F4
:102F2000F00010308DF800009DF8010006AA20F096
:102F3000FF008DF801009DF8200001A940F002007B
:102F40008DF8200001208DF8460042F60420ADF8EF
:102F5000440011A801902088ADF83C006088ADF8CD
:102F60003E00A088ADF84000E088ADF842009DF832
:102F7000020020F00600801C20F001008DF8020005
:102F80000820ADF80C00ADF810000FA8059008A8B7
:102F900003F0E1F9002803D1BDF8180028800020D3
:102FA00013B030BD0A4810B5046809490948083112
:102FB00008600FF0BEFE0648001D046010BD064903
:102FC000002008604FF0E0210220C1F88002704725
:102FD0001005024001000001FC1F00400548064AA0
:102FE0000168914201D1002101600449012008607B
:102FF0007047000058000020BEBAFECA40E50140FC
:103000002CFFFFFFDBE5B15100C00100CC00FFFF4A
:1030100071000000C1CF6A00FEA0D9111C1006C3C8
:1030200089CCFC7A7B3B49141906A8C010B504462C
:10303000FEF701F908B1102010BD2078C0F302108E
:10304000042807D86078072804D3A178102901D86C
:10305000814201D2072010BDE078410706D42179D2
:103060004A0703D4000701D4080701D5062010BD84
:10307000002010BD70B514460D46064605F026F832
:1030800080B10178182221F00F01891C21F0F00194
:10309000A03100F8081B21460AF04BF9BDE870404A
:1030A00005F018B829463046BDE870401322FEF7F7
:1030B00048BB2DE9F047064608A8904690E8300442
:1030C00089461F461422002128460AF05CF9002197
:1030D000CAF80010B8F1000F03D0B9F1000F03D106
:1030E00014E03878C00711D02068FEF7CAF8C0BBDA
:1030F000B8F1000F07D12068123028602068143022
:1031000068602068A8602168CAF8001038788007D5
:1031100024D56068FEF7D3F818BBB9F1000F21D0B1
:10312000FFF70FF80168C6F868118188A6F86C11DE
:10313000807986F86E0101F034FAF84FEF6062682A
:1031400062B196F8680106F2691140081032FEF784
:10315000D0FA1022394660680AF0EBF80020BDE88A
:10316000F08706E0606820B1E8606068C6F8640136
:10317000F4E71020F3E730B5054608780C4620F058
:103180000F00401C20F0F001103121700020607011
:1031900095F8230030B104280FD0052811D0062857
:1031A00014D0FFDF20780121B1EB101F04D295F875
:1031B000200000F01F00607030BD21F0F0002030D2
:1031C00002E021F0F00030302070EBE721F0F00059
:1031D0004030F9E7F0B591B0022715460C46064697
:1031E0003A46ADF80870092103AB05F070FD049074
:1031F000002810D004208DF804008DF80170E03410
:10320000099605948DF818500AA968460EF051FCED
:1032100000B1FFDF012011B0F0BD2DE9F84F0646E7
:10322000808A0C4680B28246FEF788FA0546BB4F7C
:103230003078203F4FF002094FF000080F287CD271
:10324000DFE800F07BA39D082C5B6A7CBADAFD976F
:1032500048979700012150460CF030FF040000D140
:10326000FFDF97F85C00C00701D0386E0BE0032148
:1032700004F11D0010F06BFAD4F81D00A849B0FB52
:10328000F1F201FB1200C4F81D0070686067B068BD
:10329000A0672878252872D0FFDF70E00121504612
:1032A0000CF00CFF060000D1FFDF3078810702D55B
:1032B0002978252904D040F001003070BDE8F88F4E
:1032C00084F80090307F207106F11D002D36C4E98E
:1032D0000206F3E7012150460CF0F0FE050000D194
:1032E000FFDF2878C10604D5072020703D356560D2
:1032F000E4E740F008002870E0E7E87F000700D529
:10330000FFDF307CB28800F0010301B05046BDE819
:10331000F04F092106F06FBD05B9FFDF716821B1DB
:10332000102205F124000AF004F828212846FEF7AF
:1033300074F8307A85F82000C0E7F7E001215046A4
:103340000CF0BCFE050000D1FFDF022105F1850075
:1033500010F0FDF90420207005F5B4706060B5F838
:10336000850020826D4810387C356561C4E90270A3
:10337000A4E7012150460CF0A1FE00B9FFDF324660
:1033800029465046BDE8F84F74E605B9FFDF2878B6
:10339000212893D93079012803D1E87F40F0080033
:1033A000E877324629465046FFF764FE2846BDE8D6
:1033B000F84F2321FEF731B83279A28004F10803D7
:1033C0000921504605F083FCE06010B10520207013
:1033D00074E74546012150460CF070FE040000D110
:1033E000FFDF04F1620102231022081F0CF0FFFC32
:1033F00005703179417061E7012150460CF05EFEA5
:10340000040000D1FFDF94F8840000F003000128DD
:1034100059D1E87F10F0010003D194F8A010C9073A
:103420002AD0D4F8602132B394F88330117C63F34E
:1034300087011174AA7FD30963F3410100E071E0B1
:10344000D4F860211174D4F8602160F30001117484
:1034500090B1D4F86001102205F12401883409F0FC
:1034600068FF207E40F001002076207820F00100E7
:1034700004F8880919E0C0B994F88810C90714D075
:10348000D4F85C218AB194F88330117C63F387010E
:103490001174AA7FD309D4F85C2163F3410111743C
:1034A000D4F85C2160F30001117494F8880080075F
:1034B00009D594F87C00D4F86421400804F17D011A
:1034C0001032FEF716F98DF8009094F884006A46E1
:1034D00000F003008DF8010094F888108DF80210B8
:1034E00094F8A0008DF803002946504601F042F8F8
:1034F0002878252805D0212807D0FFDF2878222822
:1035000003D922212846FDF788FF012150460CF0FF
:10351000E7FD00283FF4DDAEFFDFCFE6F401002039
:1035200040420F00716881F80180C7E6FFDFC5E601
:1035300070B5FE4C002584F85C5025660EF085FAC7
:1035400004F11001204604F07DFD84F8305070BD78
:1035500070B50D46FEF7F2F8040000D1FFDF4FF41E
:10356000B8720021284609F00EFF2434012105F12C
:10357000E0002C610EF06AFA002800D0FFDF70BD79
:103580000A46014602F1E0000EF081BA70B5054628
:10359000406886B00178082906D00B2933D00C2961
:1035A0002FD0FFDF06B070BD46883046FEF7C6F864
:1035B000040000D1FFDF20782128F3D028281BD178
:1035C000686802210C3000F0A0FFA8B168680821EB
:1035D000001D00F09AFF78B104F1240130460BF091
:1035E000A8FC04F091FB00B1FFDF06B02046BDE867
:1035F00070402921FDF711BF06B0BDE8704004F00E
:1036000069BD01218171686886883046FEF796F8A9
:10361000040000D1FFDF20782128C3D068688179B9
:1036200009B1807808B1FFDFBCE704F053FDA07F4B
:10363000000622D5E07FC00705D094F8200000F0F6
:103640001F00102817D0052084F82300207829288F
:1036500015D02428A6D13146042010F05FFB22218A
:103660002046FDF7DAFE012130460CF039FD002836
:1036700098D0FFDF96E70620E6E70420E4E7012183
:1036800030460CF01BFD050000D1FFDF2521204650
:10369000FDF7C3FE03208DF80000694605F1E00048
:1036A0000EF0ECF90228BFD00028BDD0FFDF79E78B
:1036B0002DE9F04788B09A46164688468146FEF7BF
:1036C0003DF805003AD02878222837D3232835D072
:1036D000E87F000732D40027012148460CF0EEFCB9
:1036E000040005D10121002248460CF0DEFC04460E
:1036F000694600F066FF009800B9FFDF00983CB112
:10370000E03404612878222804D0242802D005E07F
:10371000076103E025212846FDF77FFE009801217F
:103720004170C0F824908680C0E9028A01A90EF099
:10373000C0F9022802D0002800D0FFDF08B00EE553
:1037400070B586B00546FDF7F9FF0078222814D938
:10375000012128460CF0B2FC04002CD1FFDF2AE046
:10376000B4F85E0004F1620630440178427829B171
:1037700021462846FFF72EFDB0B913E7ADF8042027
:103780000921284602AB05F0A2FA03900028F4D0E4
:1037900005208DF80000694604F1E0000EF06EF996
:1037A000022801D000B1FFDF02231022314604F1CC
:1037B0005E000CF052FBB4F860000028D0D1F1E6B6
:1037C00010B586B00446FDF7B9FF0078222811D95C
:1037D000012120460CF072FC040000D1FFDF06201E
:1037E0008DF80000694604F1E0000EF047F900286A
:1037F00000D0FFDF06B010BD2DE9F84F0546007878
:103800000C460027010904F1080090463E46BA46DE
:10381000009002297ED0072902D00A2909D142E06E
:1038200068680178082905D00B292CD00C292AD0EA
:10383000FFDF72E114271C26002C6CD04088A0808A
:10384000FDF77CFF5FEA000900D1FFDF99F8170060
:1038500009F118014008009AFDF74BFF686880895C
:10386000208268684168C4F812108068C4F81600A5
:10387000A07E20F0060040F00100A07699F81E001E
:1038800040F020014FE01A270A26002CD5D080886E
:10389000A080FDF753FF050000D1FFDF2846009907
:1038A000FFF769FC39E10CB1A88BA080287A4FF0B2
:1038B000010B0B287ED006DC01287CD0022808D022
:1038C000032804D137E00D2876D00E2875D0FFDF0D
:1038D00023E11E270926002CAFD0A088FDF72EFF7C
:1038E0005FEA000900D1FFDF287B00F00300012818
:1038F000207A1DD020F001002072297B890861F315
:1039000041002072297BC90861F382002072297B63
:10391000090901E0F7E0AEE061F3C300207299F815
:103920001E0040F0400189F81E10F6E0D40100208E
:1039300040F00100E0E713270D26002CA6D0A08858
:10394000FDF7FCFE81460121A0880CF0B7FB0500C5
:1039500000D1FFDF686F817801F003010129217A2E
:1039600050D021F00101217283789B0863F341015B
:1039700021728378DB0863F38201217283781B094B
:1039800063F3C3012172037863F306112172437854
:1039900063F3C711217284F809A0C178A17202797A
:1039A000E17A62F30001E1720279520862F34101A7
:1039B000E17203E029E067E04EE05FE002799208FF
:1039C00062F38201E1720279D20862F3C301E1720B
:1039D0004279217B62F3000121734279520862F33C
:1039E000410121734279920862F382012173407987
:1039F000C00860F3C301217399F8000023282AD975
:103A0000262139E041F00101ADE71827102694B3D3
:103A1000A088FDF793FE00900121A0880CF04EFBDA
:103A20005FEA000900D1FFDFE868A06099F80000B4
:103A300040F0040189F8001099F80100800708D5CA
:103A400084F80CB000980078232866D927210098C4
:103A500052E084F80CA060E015270F265CB1A08826
:103A6000FDF76CFE81460622E868009909F0E9FC42
:103A700084F80EB085E042E048463DE0162709266E
:103A8000ECB3287B207248E0287B19270E26B4B3BC
:103A9000C4F808A0A4F80CA0012807D0022808D078
:103AA00003280CD004280AD0FFDF15E084F808B002
:103AB00001E002202072607A20F003000BE0697BB5
:103AC000042801F00F0141F080012172F3D1607AE6
:103AD00020F00300401C6072A088FDF72FFE054611
:103AE0000078212819D0232800D0FFDF0121A088E9
:103AF0000CF0F6FA22212846FDF78FFC0DE0FFE7D7
:103B0000A8F800600EE00CB16888A080287A10B395
:103B1000012809D002283AD0FFDFA8F800600CB1D4
:103B200027806680002007E415270F26002CE7D0A9
:103B3000A088FDF703FE0121A0880CF0BFFA050064
:103B400000D1FFDFD5F81D000622009909F079FCAD
:103B500084F80EA0E1E717270926002CD0D0A08812
:103B6000FDF7ECFD81460121A0880CF0A7FA0500C5
:103B700000D1FFDF6878800701D5022000E0012036
:103B8000207299F800002328C7D9272174E7192744
:103B90000E26002CB4D0A088FDF7D0FD5FEA000906
:103BA00000D1FFDFC4F808A0A4F80CA084F808A096
:103BB000A07A40F00300A07299F81E10C90961F3C1
:103BC0008200A07299F81F2099F81E1012EAD11FE6
:103BD00005D099F8201001F01F01102925D020F000
:103BE0000800A07299F81F10607A61F3C300607238
:103BF000697A01F0030101298FD140F0040060725D
:103C0000E87A217B60F300012173AA7A607B62F37A
:103C100000006073EA7A520862F341012173A97AC5
:103C2000490861F34100607377E740F00800D8E786
:103C300010B5F84C30B10146102204F1200009F013
:103C400078FB012084F8300010BD10B5044600F068
:103C5000A8FCF04920461022BDE81040203109F0B0
:103C600068BB70B5EB4D06004FF0000412D0FDF7B5
:103C7000E2FA08B110240BE00621304609F0C8FB37
:103C8000411C04D02866012085F85C0000E0072470
:103C9000204670BD0020F7E7007810F00F0204D036
:103CA000012A05D0022A0CD110E0000909D10AE04E
:103CB0000009012807D0022805D0032803D00428D2
:103CC00001D0072070470870002070470620704719
:103CD00005282AD2DFE800F003070F171F00087835
:103CE00020F0FF001EE0087820F00F00401C20F0BC
:103CF000F000103016E0087820F00F00401C20F093
:103D0000F00020300EE0087820F00F00401C20F07A
:103D1000F000303006E0087820F00F00401C20F062
:103D2000F0004030087000207047072070472DE9F0
:103D3000F043804687B00D464FF000090846FDF776
:103D4000C7FAA8B94046FDF7F9FC060003D0307861
:103D500022280BD104E043F2020007B0BDE8F08353
:103D600035B1B07FC10601D4000703D50820F4E7C0
:103D70001020F2E7F07F000701D50D20EDE70027C6
:103D8000012140460CF09AF9040006D101210022DD
:103D900040460CF08AF9040005D0694600F011FC99
:103DA000009818B901E00420D7E7FFDF009802214E
:103DB000E0344170C0F82480446107810121017121
:103DC000297801F00102017E62F3010101762A786F
:103DD000520862F3820101762A78920862F3C301E5
:103DE00001762A78D20862F3041101762421304644
:103DF000FDF713FB01A900980DF05BFE022801D02E
:103E000000B1FFDF4846A8E72DE9FF4F0E46824983
:103E1000904697B09A4607C914AB4FF0000983E863
:103E200007001798FDF78AFC050006D02878262899
:103E300006D008201BB0BDE8F08F43F20200F9E77E
:103E400026B94046FFF7F2F80028F3D10121179870
:103E50000CF034F9040000D1FFDF852E27D007DCF9
:103E6000EEB1812E1DD0822E1DD0832E08D11CE0F4
:103E7000862E1ED0882E1ED0892E1ED08A2E1ED0B1
:103E80000F2020710F281CD004F020F9D8B1012098
:103E90008DF83400201D0E902079B0B126E100206D
:103EA000EFE70120EDE70220EBE70320E9E705203B
:103EB000E7E70620E5E70820E3E70920E1E70A2035
:103EC000DFE70720B6E71120B4E798F80000D4E94F
:103ED0001D764208A87F002162F3C710A87798F8E2
:103EE00000008208E87F62F30000E87798F800009D
:103EF000C209607862F34100607098F8000002091E
:103F0000207862F34710207098F80000C2086078AB
:103F100062F30000607098F80100607198F800008A
:103F200000F00102B07862F30100B070AA7FD209FC
:103F300062F38200B070EA7F62F3C300B07062780F
:103F400062F30410B0702278C0F3C00052093270DE
:103F50006278C2F34002727098F80220F2707171B8
:103F60003171B978C1F3C00108405FEA000B2ED06F
:103F70005046FDF760F978BBDAF80C00FDF75BF905
:103F800050BBDAF81C00FDF756F928BBDAF80C0034
:103F9000A060DAF81C00E06060787A7842EA5001AC
:103FA00061F341006070B978C0B200EA111161F3A9
:103FB000000060700020207705F117006061681C28
:103FC000A061B07800F00300012806D046E06078D8
:103FD0007A7802EA5001E3E719E0B87800F00300CC
:103FE00001283BD1321D711D404600F099FA31790C
:103FF000387901408DF8281070797A7910408DF861
:10400000300001432AD05046FDF715F930B1102099
:1040100010E70000D4010020E8B001000AF1100010
:1040200004F5AE7304F18C028DE80D0000210AAB9B
:104030005A462046FFF73DF80028E9D104F5B07252
:1040400004F1A403CDF800A0CDE9013201210CABAD
:104050005A462046FFF72DF80028D9D1607880070E
:1040600022D4B078B978C0F38000C1F3800108434E
:104070001AD0307814AA397832F810204B00DA4080
:1040800002F00309B9F1030F01D14FF00209BBF1AE
:10409000000F09D0012801D0042805D1012901D041
:1040A000042901D14FF00409A87F40F08000A877CF
:1040B000E97F6BF30001E9776078800706D503207C
:1040C000A071BBF1000F11D100202CE00220B9F14A
:1040D000020F1AD0B9F1010F19D0B9F1040F2AD08B
:1040E0000020A071A87F20F08000A8772521284615
:1040F000FDF793F90DA904F1E0000DF0BFFC10B13C
:10410000022800D0FFDF002094E6A071DCE7A07158
:104110000D22002104F1200009F035F9207840F04B
:104120000200207001208DF84C0013AA2946179830
:1041300000F020FADAE70120A071D7E72DE9F0437B
:1041400087B09046894604460025FDF7F7FA070038
:1041500004D03878272804D00820FEE543F2020076
:10416000FBE5012120460BF0A9FF040000D1FFDF91
:10417000A6795FEA090005D0012821D0B9F1020F24
:1041800026D110E0B8F1000F22D1012E05D0022E69
:1041900005D0032E05D0FFDF2EE00C252CE00125F5
:1041A0002AE0022528E04046FDF745F8B0B9032E85
:1041B0000ED11022414604F11D0009F0BAF81BE0AF
:1041C000012E02D0022E03D104E0B8F1000F13D06B
:1041D0000720C2E54046FDF72EF808B11020BCE5E7
:1041E0001022002104F11D0009F0CDF806214046FF
:1041F00009F00EF9C4F81D002078252140F00200D6
:1042000020703846FDF709F92078C10713D020F057
:104210000100207002208DF8000004F11D000290C2
:104220008DF804506946C3300DF028FC022803D0F5
:1042300010B1FFDF00E0257700208EE530B587B0B4
:104240000D460446FDF77AFA60B1012120460BF0D5
:1042500035FF04000CD02846FCF7EDFF28B11020F4
:1042600007B030BD43F20200FAE72078400701D4DE
:104270000820F5E7294604F13D002022054609F013
:1042800058F8207840F01000207001070FD520F07A
:104290000800207007208DF80000694604F1E00056
:1042A00001950DF0EBFB022801D000B1FFDF0020EB
:1042B000D6E770B50D460646FDF740FA18B100780E
:1042C000272817D102E043F2020070BD01213046D9
:1042D0000BF0F4FE040000D1FFDFA079022809D121
:1042E0006078C00706D02A4621463046FEF772FFA6
:1042F00010B10FE0082070BDB4F860000E280BD29A
:1043000004F1620102231022081F0BF070FD01214D
:1043100001704570002070BD112070BD70B506465B
:1043200014460D460846FCF786FF18B92046FCF7F0
:10433000A8FF08B1102070BDA6F57F40FF380ED051
:104340003046FDF7FBF938B1417822464B08811C15
:104350001846FDF7CEF907E043F2020070BD204693
:10436000FDF753FF0028F9D11021E01D0FF0EFF900
:10437000E21D294604F1170000F033F9002070BD5A
:104380002DE9F04104468AB015460E46002708463E
:10439000FCF79EFF18B92846FCF79AFF18B11020C9
:1043A0000AB0BDE8F0812046FDF7C8F95FEA0008D1
:1043B00004D098F80000272810D102E043F2020050
:1043C000EEE7012120460BF079FE040000D1FFDF6B
:1043D0002078400702D56078800701D40820DFE705
:1043E000D4E91D01497801B18DB1407800B176B1B1
:1043F000ADB1EA1D06A8E16800F0F3F8102206A9A5
:1044000005F1170008F068FF18B1042707E007203E
:10441000C6E71022E91D04F12D0008F08AFF2EB135
:104420001022F11D04F11D0008F083FF20782521E2
:1044300040F0020020704046FCF7EFFF2078C107F3
:1044400015D020F00100207002208DF8000004F14A
:104450001D000290103003908DF804706946B3304F
:104460000DF00CFB022803D010B1FFDF00E027772E
:10447000002095E770B50D4606460BB1072070BDCC
:10448000FDF75CF9040007D02078222802D3A07F32
:10449000800604D4082070BD43F2020070BDADB1A7
:1044A000294630460AF045FD03F02EFC297C4A08D7
:1044B000A17F62F3C711A177297CE27F61F300023B
:1044C000E277297C890884F8201004E030460AF05D
:1044D00053FD03F019FCA17F21F02001A17770BDED
:1044E00070B50D46FDF72AF9040005D02846FCF703
:1044F000C8FE20B1102070BD43F2020070BD2946F5
:104500002046FEF738FE002070BD04E010F8012BB5
:104510000AB100207047491E89B2F7D201207047C6
:1045200010B5C4780B7864F300030B70C47864088A
:1045300064F341030B70C478A40864F382030B7026
:10454000C478E40864F3C3030B700379117863F350
:104550000001117003795B0863F341011170037965
:104560009B0863F3820111700079C00860F3C301F6
:10457000117010BD70B51546064603F0A7FD040086
:1045800000D1FFDF207820F00F00801C20F0F00029
:104590002030207066802868A060BDE8704003F07D
:1045A00099BD10B5134C94F83000002808D104F1DF
:1045B0002001A1F110000DF0A3FA012084F83000D1
:1045C00010BD10B190F8B9202AB10A4890F8350012
:1045D00018B1002003E0B83001E00648343008602C
:1045E000704708B50023009313460A460BF065FF99
:1045F00008BD0000D4010020F0B5007B059F1E46D9
:1046000014460D46012800D0FFDF0C2030803A20F0
:104610003880002C08D0287A032806D0287B01286F
:1046200000D0FFDF17206081F0BDA889FBE72DE9EE
:10463000F04786B0144691F80C900E9A0D46B9F1E9
:10464000010F0BD01021007B2E8A8846052807D049
:10465000062833D0FFDF06B0BDE8F0870221F2E77D
:10466000E8890C2100EB400001EB4000188033206A
:104670001080002CEFD0E889608100271AE00096B6
:10468000688808F1020301AA696900F086FF06EB59
:104690000800801C07EB470186B204EB4102BDF81D
:1046A000040090810DF1060140460E320DF09EFA95
:1046B0007F1CBFB26089B842E1D8CCE734201080BB
:1046C000E889B9F1010F11D0122148430E3018804A
:1046D000002CC0D0E88960814846B9F1010F00D0B4
:1046E0000220207300270DF1040A1FE00621ECE7E9
:1046F0000096688808F1020301AA696900F04DFF7D
:1047000006EB0800801C86B2B9F1010F12D007EB4E
:10471000C70004EB4000BDF80410C18110220AF16B
:104720000201103008F005FE7F1CBFB26089B8425C
:10473000DED890E707EB470104EB4102BDF8040027
:10474000D0810AF10201404610320DF04FFAEBE73A
:104750002DE9F0470E4688B090F80CC096F80C8012
:10476000378AF5890C20109902F10C044FF0000AE9
:10477000BCF1030F08D0BCF1040F3FD0BCF1070F10
:104780007ED0FFDF08B067E705EB850C00EB4C003F
:10479000188031200880002AF4D0A8F1060000F02B
:1047A000FF09558126E01622002101A808F0EBFD43
:1047B00000977088434601AA716900F0EEFEBDF8CB
:1047C00004002080BDF80600E080BDF808002081CC
:1047D000A21C0DF10A0148460DF008FAB9F1000FCC
:1047E00000D018B184F804A0A4F802A007EB0800D8
:1047F00087B20A346D1EADB2D5D2C3E705EB850C86
:1048000000EB4C00188032200880002ABAD0A8F1B2
:10481000050000F0FF09558137E000977088434696
:1048200001AA716900F0B9FE9DF80600BDF80410F8
:10483000E1802179420860F3000162F341018208BE
:1048400062F38201C20862F3C301020962F3041138
:10485000420962F34511820962F386112171C00990
:104860006071BDF80700208122460DF1090148461C
:104870000DF0BCF918B184F802A0A4F800A000E083
:1048800007E007EB080087B20A346D1EADB2C4D250
:1048900078E7A8F1020084B205FB08F000F10E0CE5
:1048A000A3F800C035230B80002AA6D0558194813F
:1048B000009783B270880E32716900F06EFE61E776
:1048C0002DE9F84F1E460A9D0C4681462AB1607AB2
:1048D00000F58070D080E089108199F80C000C27D9
:1048E0004FF000084FF00E0A0D2872D2DFE800F0FA
:1048F0009D070E1B272F374554697272720021469F
:1049000048460095FFF778FEBDE8F88F207B91467A
:10491000082802D0032800D0FFDF3780302009E0CC
:10492000A9F80A80F0E7207B9146042800D0FFDF39
:10493000378031202880B9F1000FF1D1E4E7207BE6
:104940009146042800D0FFDF37803220F2E7207B39
:104950009146022800D0FFDF37803320EAE7207B32
:104960001746022800D0FFDF3420A6F800A02880D8
:10497000002FC9D0A7F80A80C6E7207B1746042875
:1049800000D0FFDF3520A6F800A02880002FBBD084
:104990004046A7F80A8012E0207B1746052802D07F
:1049A000062800D0FFDF1020308036202880002F1E
:1049B000AAD0E0897881A7F80E80B9F80E00B881F6
:1049C000A2E7207B9146072800D0FFDF3780372001
:1049D000B0E72AE04FF0120018804FF038001700BF
:1049E000288091D0E0897881A7F80E80A7F8108000
:1049F00099F80C000A2805D00B2809D00C280DD0F6
:104A0000FFDF81E7207B0A2800D0FFDF01200AE0DA
:104A1000207B0B2800D0FFDF042004E0207B0C2843
:104A200000D0FFDF052038736EE7FFDF6CE770B55D
:104A30000C460546FCF782FE20B10078222804D2FD
:104A4000082070BD43F2020070BD052128460BF01E
:104A500035FB206008B1002070BD032070BD30B46C
:104A60004880087820F00F00C01C20F0F000903043
:104A700001F8080B1DCA81E81D0030BC03F02ABBF9
:104A80002DE9FF4784B00027824602970798904699
:104A90008946123006F043FB401D20F003060798BC
:104AA00028B907A95046FFF7C2FF002854D1B9F131
:104AB000000F05D00798017B19BB052504681BE092
:104AC00098F80000092803D00D2812D0FFDF46E037
:104AD000079903254868B0B3497B428871439142E6
:104AE00039D98AB2B3B2011D0BF06DF904460780C3
:104AF00002E0079C042508340CB1208810B1032D76
:104B000029D02CE007980121123006F03AFBADF8CD
:104B10000C00024602AB2946504604F0D8F80700C4
:104B200001D1A01C029007983A461230C8F8040040
:104B3000A8F802A003A94046029B06F02FFBD8B1BB
:104B40000A2817D200E006E0DFE800F00709141495
:104B5000100B0D141412132014E6002012E611207D
:104B600010E608200EE643F203000BE6072009E6F4
:104B70000D2007E6032005E6BDF80C002346CDE92D
:104B800000702A465046079900F017FD57B9032DCB
:104B900008D10798B3B2417B406871438AB2011DC6
:104BA0000BF025F9B9F1000FD7D0079981F80C90D7
:104BB000D3E72DE9FE4F91461A881C468A46804667
:104BC000FAB102AB494604F082F8050019D040461C
:104BD000A61C27880BF0B7FB3246072629463B4622
:104BE00000960AF0D6FF20882346CDE900504A46B9
:104BF0005146404600F0E1FC002020800120BDE845
:104C0000FE8F0020FBE710B586B01C46AAB1042336
:104C10008DF800301388ADF808305288ADF80A20BE
:104C20008A788DF80E200988ADF80C1000236A46AA
:104C30002146FFF725FF06B010BD1020FBE770B539
:104C40000D4605210BF03AFA040000D1FFDF29469A
:104C500004F11200BDE8704006F07CBA2DE9F8437B
:104C60000D468046002603F031FA044628781028C5
:104C700078D2DFE800F0773B3453313112313131F3
:104C80000831313131312879001FC0B2022801D0FA
:104C9000102810D114BBFFDF35E004B9FFDF052178
:104CA00040460BF00BFA007B032806D004280BD0FB
:104CB000072828D0FFDF072655E02879801FC0B2DB
:104CC000022820D050B1F6E72879401FC0B2022850
:104CD00019D0102817D0EEE704B9FFDF13E004B9AC
:104CE000FFDF287901280ED1172137E00521404642
:104CF0000BF0E4F9070000D1FFDF07F11201404695
:104D000006F005FA2CB12A4621464046FFF7A7FED9
:104D100029E013214046FDF743FD24E004B9FFDFFD
:104D2000052140460BF0CAF9060000D1FFDF6946B5
:104D300006F1120006F0F5F9060000D0FFDFA988A1
:104D4000172901D2172200E00A46BDF8000082426E
:104D500002D9014602E005E01729C5D3404600F01C
:104D60003CFCD0E7FFDF3046BDE8F883401D20F073
:104D7000030219B102FB01F0001D00E00020104405
:104D8000704713B5009848B1002468460AF0C5FF83
:104D9000002C02D1F74A009911601CBD01240020AB
:104DA000F4E72DE9F0470C46154624220021204661
:104DB00008F0E9FA05B9FFDFA87860732888DFF802
:104DC000B4A3401D20F00301AF788946DAF8000053
:104DD0000AF0C1FF060000D1FFDF4FF00008266097
:104DE000A6F8008077B109FB07F1091D0AD0DAF8AF
:104DF00000000AF0B0FF060000D1FFDF6660C6F8D1
:104E0000008001E0C4F80480298804F11200BDE8A4
:104E1000F04706F06DB92DE9F047804601F1120028
:104E20000D46814606F07BF9401DD24F20F003026B
:104E30006E7B1446296838680AF0B8FF3EB104FB5F
:104E400006F2121D03D0696838680AF0AFFF05202A
:104E50000BF0E0F8044605200BF0E4F8201A0128D6
:104E600002D138680AF06CFF49464046BDE8F04779
:104E700006F054B970B5054605210BF01FF9040082
:104E800000D1FFDF04F112012846BDE8704006F0B2
:104E90003EB92DE9F04F91B04FF0000BADF834B0B2
:104EA000ADF804B047880C460546924605213846C1
:104EB0000BF004F9060000D1FFDF24B1A780A4F8AD
:104EC00006B0A4F808B0297809220B20B2EB111F14
:104ED0007ED12A7A04F1100138274FF00C084FF0E8
:104EE00001090391102A74D2DFE802F073F3F2F1A2
:104EF0008008D3898EA03DDCF4EFB7B7307B022861
:104F000000D0FFDFA88908EBC001ADF80410302104
:104F1000ADF83410002C25D06081B5F80E90002734
:104F20001DE004EBC708317C88F80E10F189A8F861
:104F30000C10CDF800906888042304AA296900F0B9
:104F40002CFBBDF81010A8F8101009F10400BDF8F2
:104F500012107F1C1FFA80F9A8F81210BFB26089E6
:104F6000B842DED80EE1307B022800D0FFDFE989AD
:104F700008EBC100ADF804003020ADF83400287B08
:104F80000A90001FC0B20F90002CEBD06181B5F8E1
:104F90001090002726E000BFCDF80090688869696E
:104FA00003AA0A9B00F0F9FA0A9804EBC7084844E0
:104FB0001FFA80F908F10C0204A90F980CF016FEF4
:104FC00018B188F80EB0A8F80CB0BDF80C1001E0CC
:104FD000D4E0D1E0A8F81010BDF80E107F1CA8F89E
:104FE0001210BFB26089B842D6D8CBE00DA80090AD
:104FF00001AB224629463046FFF719FBC2E0307B61
:10500000082805D0FFDF03E0307B082800D0FFDF51
:10501000E8891030ADF804003620ADF83400002CDB
:105020003FD0A9896181F189A18127E0307B0928DE
:1050300000D0FFDFA88900F10C01ADF80410372182
:10504000ADF83410002C2CD06081E8890090AB8939
:10505000688804F10C02296956E0E889392110308A
:1050600080B2ADF80400ADF83410002C74D0A989DA
:105070006181287A0E280AD002212173E989E18111
:10508000288A0090EB8968886969039A3CE00121CD
:10509000F3E70DA8009001AB224629463046FFF702
:1050A00057FB6FE0307B0A2800D0FFDF1220ADF8FD
:1050B0000400ADF834704CB3A9896181A4F810B034
:1050C000A4F80EB084F80C905CE020E002E031E03F
:1050D00039E042E0307B0B2800D0FFDF288AADF8B2
:1050E00034701230ADF8040084B104212173A98911
:1050F0006181E989E181298A2182688A00902B8A6D
:10510000688804F11202696900F047FA3AE0307BDE
:105110000C2800D0FFDF1220ADF80400ADF8347089
:105120003CB305212173A4F80AB0A4F80EB0A4F88A
:1051300010B027E00DA8009001AB2246294630466A
:10514000FFF75AFA1EE00DA8009001AB224629464F
:105150003046FFF7B5FB15E034E03B21ADF8040025
:10516000ADF8341074B3A4F80690A4F808B084F82D
:105170000AB007E010000020FFDF03E0297A0129D0
:1051800017D0FFDFBDF80400AAF800006CB1BDF82D
:1051900034002080BDF804006080BDF83400392858
:1051A00003D03C2801D086F80CB011B00020BDE837
:1051B000F08F3C21ADF80400ADF8341014B1697AD9
:1051C000A172DFE7AAF80000EFE72DE9F84356885F
:1051D0000F4680461546052130460AF06FFF040051
:1051E00000D1FFDF123400943B46414630466A68E6
:1051F00006F008F9B8E570B50D4605210AF05EFF26
:10520000040000D1FFDF294604F11200BDE8704020
:1052100005F092BF70B50D4605210AF04FFF04005E
:1052200000D1FFDF294604F11200BDE8704005F00F
:10523000B0BF70B5054605210AF040FF040000D15B
:10524000FFDF04F1080321462846BDE87040042230
:10525000AFE470B5054605210AF030FF040000D127
:10526000FFDF214628462368BDE870400522A0E400
:1052700070B5064605210AF021FF040000D1FFDFCA
:1052800004F1120005F04BFF401D20F0030511E072
:10529000011D00880322431821463046FFF789FC90
:1052A00000280BD0607BABB2684382B26068011DFE
:1052B0000AF0D3FD606841880029E9D170BD70B55E
:1052C0000E46054602F002FF040000D1FFDF012078
:1052D000207266726580207820F00F00C01C20F0DC
:1052E000F00030302070BDE8704002F0F3BE2DE9D0
:1052F000F0438BB00D461446814606A9FFF797FB95
:10530000002814D14FF6FF7601274FF420588CB1B6
:1053100003208DF800001020ADF8100007A80590BC
:1053200007AA204604A90CF080FC78B107200BB036
:10533000BDE8F0830820ADF808508DF80E708DF8A8
:105340000000ADF80A60ADF80C800CE00698A1787A
:1053500001742188C1818DF80E70ADF80850ADF848
:105360000C80ADF80A606A4602214846069BFFF7AA
:1053700087FBDCE708B501228DF8022042F6020225
:10538000ADF800200A4603236946FFF73CFC08BD40
:1053900008B501228DF8022042F60302ADF8002084
:1053A0000A4604236946FFF72EFC08BD00B587B006
:1053B00079B102228DF800200A88ADF808204988CA
:1053C000ADF80A1000236A460521FFF759FB07B024
:1053D00000BD1020FBE709B1072314E40720704744
:1053E00070B588B00D461446064606A9FFF71FFBA8
:1053F00000280ED17CB10620ADF808508DF80000D1
:10540000ADF80A40069B6A460821DC813046FFF76A
:1054100037FB08B070BD05208DF80000ADF80850CE
:10542000F0E700B587B059B107238DF80030ADF82B
:105430000820039100236A460921FFF721FBC6E7F4
:105440001020C4E770B588B00C460646002506A9B2
:10545000FFF7EDFA0028DCD106980121123005F0A3
:1054600090FE9CB12178062921D2DFE801F02005C9
:1054700005160318801E80B2C01EE28880B20AB1F1
:10548000A3681BB1824203D90C20C2E71020C0E7F9
:10549000042904D0A08850B901E00620B9E7012909
:1054A00013D0022905D004291CD005292AD00720B1
:1054B000AFE709208DF800006088ADF80800E088AB
:1054C000ADF80A00A068039023E00A208DF80000E0
:1054D0006088ADF80800E088ADF80A00A0680A25E9
:1054E000039016E00B208DF800006088ADF80800EE
:1054F000A088ADF80A00E088ADF80C00A0680B2584
:10550000049006E00C208DF8000060788DF808000B
:105510000C256A4629463046069BFFF7B1FA78E724
:1055200000B587B00D228DF80020ADF808100023DB
:105530006A461946FFF7A4FA49E700B587B071B18A
:1055400002228DF800200A88ADF808204988ADF8BD
:105550000A1000236A460621FFF792FA37E7102067
:1055600035E770B586B0064601200D46ADF8081047
:105570008DF80000014600236A463046FFF780FAA6
:10558000040008D12946304601F006FB00213046D0
:1055900001F020FB204606B070BDF8B51C4615464C
:1055A0000E46069F0AF0BDFE2346FF1DBCB23146E3
:1055B0002A4600940AF0B9FAF8BD30B41146DDE984
:1055C00002423CB1032903D0002330BC04F013BCD9
:1055D0000123FAE71A8030BC704770B50C460546C7
:1055E000FFF72DFB2146284601F0E5FA2846BDE8E5
:1055F0007040012101F0EEBA18B18178012938D14B
:1056000001E010207047018842F60112881A914289
:1056100031D018DC42F60102A1EB020091422AD0FF
:105620000CDC41B3B1F5C05F25D06FF4C050081851
:1056300021D0A0F57060FF381BD11CE001281AD0E2
:1056400002280AD117E0B0F5807F14D008DC0128C9
:1056500011D002280FD003280DD0FF2809D10AE06D
:10566000B0F5817F07D0A0F58070033803D0012802
:1056700001D0002070470F2070470A281FD008DC97
:105680000A2818D2DFE800F0191B1F1F171F231D5F
:105690001F21102815D008DC0B2812D00C2810D0A0
:1056A0000D2816D00F2806D10DE011280BD0842824
:1056B0000BD087280FD003207047002070470520AB
:1056C0007047072070470F2070470420704706205E
:1056D00070470C20704743F20200704738B50C4603
:1056E000050041D06946FEF7D7FA002819D19DF888
:1056F0000010607861F3020060706946681CFEF774
:10570000CBFA00280DD19DF80010607861F3C50038
:105710006070A978C1F34101012903D0022905D0A5
:10572000072038BD217821F0200102E0217841F0E6
:1057300020012170410704D0A978C90861F38610BF
:105740006070607810F0380F07D0A978090961F30C
:10575000C710607010F0380F02D16078400603D592
:10576000207840F040002070002038BD70B504461D
:105770000020088015466068FFF7B0FF002816D1AA
:105780002089A189884211D860688078C0070AD032
:10579000B1F5007F0AD840F20120B1FBF0F200FB26
:1057A0001210288007E0B1F5FF7F01D90C2070BDF1
:1057B00001F201212980002070BD10B50478137812
:1057C00064F3000313700478640864F341031370F6
:1057D0000478A40864F3820313700478E40864F383
:1057E000C30313700478240964F30413137004785A
:1057F000640964F3451313700078800960F386131D
:10580000137031B10878C10701D1800701D501209B
:1058100000E0002060F3C713137010BD42785307F7
:1058200002D002F0070306E012F0380F02D0C2F3F4
:10583000C20300E001234A7863F302024A70407811
:1058400010F0380F02D0C0F3C20005E0430702D0C9
:1058500000F0070000E0012060F3C5024A707047C5
:105860002DE9F04F95B00D00824613D01222002191
:10587000284607F088FD4FF6FF7B05AA0121584610
:1058800007F049FB0024264637464FF420586FF4B2
:10589000205972E0102015B0BDE8F08F9DF81E0071
:1058A00001280AD1BDF81C1041450BD011EB0900AD
:1058B0000AD001280CD002280CD0042C0ED0052CC4
:1058C0000FD10DE0012400E00224BDF81A6008E0C9
:1058D000032406E00424BDF81A7002E0052400E069
:1058E0000624BDF81A10514547D12C74BEB34FF0B1
:1058F000000810AA4FF0070ACDE90282CDE900A8FE
:105900000DF13C091023CDF810904246314658461F
:1059100007F0D1FB08BBBDF83C002A46C0B210A975
:105920000CF064F9C8B9AE81CFB1CDE900A80DF192
:10593000080C0AAE40468CE8410213230022394687
:10594000584607F0B8FB40B9BDF83C00F11CC01E3A
:10595000C0B22A1D0CF04AF910B103209BE70AE0FF
:10596000BDF82900E881062C05D19DF81E00A8721B
:10597000BDF81C00288100208DE705A807F0D7FAA4
:1059800000288BD0FFF779FE85E72DE9F0471C460C
:10599000DDE90978DDF8209015460E00824600D139
:1059A000FFDF0CB1208818B1D5B11120BDE8F08718
:1059B000022D01D0012100E0002106F1140006F0C3
:1059C00073F9A8F8000002463B462946504603F00A
:1059D0007EF9C9F8000008B9A41C3C600020E5E786
:1059E0001320E3E7F0B41446DDE904528DB100233F
:1059F00014B1022C09D101E0012306E00D7CEE0771
:105A000003D025F0010501230D742146F0BC04F0FC
:105A1000F2B91A80F0BC70472DE9FE4F91461A8802
:105A20001C468A468046FAB102AB494603F04FF95C
:105A3000050019D04046A61C27880AF084FC32468F
:105A4000072629463B4600960AF0A3F820882346FD
:105A5000CDE900504A4651464046FFF7C3FF0020BB
:105A600020800120BDE8FE8F0020FBE72DE9F047F4
:105A700086B082460EA8904690E8B000894604AAF7
:105A800005A903A88DE807001E462A462146504670
:105A9000FFF77BFF039901B101213970002818D16C
:105AA000FA4904F1140204AB0860039805998DE8E3
:105AB000070042464946504606F0A9FCA8B109280D
:105AC00011D2DFE800F005080510100A0C0C0E00DA
:105AD000002006B06AE71120FBE70720F9E708205D
:105AE000F7E70D20F5E70320F3E7BDF81010039862
:105AF000CDE9000133462A4621465046FFF772FFA2
:105B0000E6E72DE9F04389B01646DDE910870D463A
:105B100081461C461422002103A807F034FC012012
:105B200002218DF810108DF80C008DF81170ADF871
:105B3000146064B1A278D20709D08DF81600E0880D
:105B4000ADF81A00A088ADF81800A068079008A862
:105B50000095CDE90110424603A948466B68FFF75E
:105B600085FF09B0BDE8F083F0B58BB00024064690
:105B7000069407940727089405A8099401940097B0
:105B80000294CDE903400D4610232246304607F02B
:105B900092FA78B90AA806A9019400970294CDE96F
:105BA0000310BDF8143000222946304607F021F8D2
:105BB000002801D0FFF761FD0BB0F0BD06F0B2BECA
:105BC0002DE9FC410C468046002602F07FFA05468E
:105BD00020780D287ED2DFE800F0BC0713B325BD86
:105BE00049496383AF959B00A848006820B141787C
:105BF00041F010014170ADE0404602F099FAA9E091
:105C0000042140460AF05AFA070000D1FFDF07F1ED
:105C10001401404605F0DDFFA5BB13214046FCF70B
:105C2000BFFD97E0042140460AF048FA070000D182
:105C3000FFDFE088ADF800000020B8819DF800008B
:105C4000010704D5C00602D5A088B88105E09DF8FB
:105C5000010040067ED5A088F88105B9FFDF224605
:105C60002946404601F0C0FC022673E0E188ADF809
:105C700000109DF8011009060FD5072803D006284B
:105C80000AD00AE024E0042140460AF017FA060090
:105C900000D1FFDFA088F0810226CDB9FFDF17E039
:105CA000042140460AF00AFA070000D1FFDF07F19D
:105CB000140006F06EFE90F0010F02D1E0790006AC
:105CC00048D5387C022640F00200387405B9FFDF61
:105CD000224600E03DE02946404601F085FC39E0DF
:105CE000042140460AF0EAF9017C002D01F0020689
:105CF000C1F340016171017C21F002010174E7D11F
:105D0000FFDFE5E702260121404602F043FA21E0E9
:105D1000042140460AF0D2F90546606800902089C7
:105D2000ADF8040001226946404602F054FA287C8E
:105D300020F0020028740DE0002DC9D1FFDFC7E775
:105D4000022600214046FFF765FA002DC0D1FFDF93
:105D5000BEE7FFDF3046BDE8FC813EB50C0009D050
:105D600001466B4601AA002007F02AFA20B1FFF78E
:105D700084FC3EBD10203EBD00202080A0709DF818
:105D8000050002A900F00700FDF7A2FF50B99DF839
:105D9000080020709DF8050002A9C0F3C200FDF7BD
:105DA00097FF08B103203EBD9DF8080060709DF884
:105DB0000500C109A07861F30410A0709DF80510DA
:105DC000890961F3C300A0709DF80410890601D50C
:105DD000022100E0012161F342009DF8001061F30F
:105DE0000000A07000203EBD70B5144606460D466A
:105DF00051EA040005D075B10846FBF760FA78B99E
:105E000001E0072070BD2946304607F040FA10B186
:105E1000BDE8704031E454B12046FBF750FA08B1B8
:105E2000102070BD21463046BDE8704095E7002047
:105E300070BD2DE9FC5F0C469046054600270178B1
:105E40000822007A3E46B2EB111F7DD104F10A010F
:105E500000910A31821E4FF0020A04F1080B0191F1
:105E6000092A72D2DFE802F0EDE005F528287BAAC6
:105E7000CE00688804210AF021F9060000D1FFDF76
:105E8000B08928B152270726C3E00000380200205D
:105E900051271026002C7DD06888A0800120A07199
:105EA000A88900220099FFF79FFF002873D1A889D5
:105EB0002081288AE081D1E0B5F81290072824D10A
:105EC000E87B000621D5512709F1140086B2002C89
:105ED000E1D0A88900220099FFF786FF00285AD157
:105EE0006888A08084F806A0A88920810120A0737A
:105EF000288A2082A4F81290A88A009068884B46CD
:105F0000A969019A01F04CFBA8E0502709F11200A1
:105F100086B2002C3ED0A88900225946FFF764FFC4
:105F2000002838D16888A080A889E080287A0728CE
:105F300013D002202073288AE081E87BC0096073B7
:105F4000A4F81090A88A01E085E082E000906888BB
:105F50004B4604F11202A969D4E70120EAE7B5F83B
:105F60001290512709F1140086B2002C66D068887F
:105F700004210AF0A3F883466888A080A88900223B
:105F80000099FFF731FF00286ED184F806A0A88998
:105F9000208101E052E067E00420A073288A20827B
:105FA000A4F81290A88A009068884B46A969019AC3
:105FB00001F0F6FAA989ABF80E104FE06888FBF7FC
:105FC000BDFB0746688804210AF078F8064607B941
:105FD000FFDF06B9FFDF687BC00702D05127142618
:105FE00001E0502712264CB36888A080502F06D0BD
:105FF00084F806A0287B594601F0E2FA2EE0287BBF
:10600000A11DF9E7FE49A8894989814205D1542794
:1060100006269CB16888A08020E053270BE06888A2
:10602000A080A889E08019E0688804210AF046F879
:1060300000B9FFDF55270826002CF0D1A8F8006032
:1060400011E056270726002CF8D06888A080002091
:1060500013E0FFDF02E0012808D0FFDFA8F80060AE
:106060000CB1278066800020BDE8FC9F57270726DB
:10607000002CE3D06888A080687AA071EEE7401D0C
:1060800020F0030009B14143091D01EB40007047B6
:1060900013B5DB4A00201071009848B1002468460F
:1060A00009F03BFE002C02D1D64A009911601CBDBC
:1060B00001240020F4E770B50D461446064686B06C
:1060C0005C220021284607F05EF904B9FFDFA078C2
:1060D0006874A2782188284601F09DFA0020A881E2
:1060E000E881228805F11401304605F056FD6A4624
:1060F0000121304606F00FFF1AE000BF9DF80300B3
:10610000000715D5BDF806103046FFF72DFD9DF8A8
:106110000300BDF8061040F010008DF80300BDF834
:106120000300ADF81400FF233046059A07F077F816
:10613000684606F0FCFE0028E0D006B070BD10B541
:106140000C4601F1140005F060FD0146627C20461A
:10615000BDE8104001F094BA30B50446A84891B0AB
:106160004FF6FF75C18905AA284606F0D4FE30E037
:106170009DF81E00A0422AD001282AD1BDF81C009B
:10618000B0F5205F03D042F60101884221D1002002
:1061900002AB0AAA0CA9019083E80700072000902F
:1061A000BDF81A1010230022284606F084FF38B9E3
:1061B000BDF828000BAAC0B20CA90BF017FD10B156
:1061C000032011B030BD9DF82E00A04201D1002067
:1061D000F7E705A806F0ABFE0028C9D00520F0E7D8
:1061E00070B50546042109F069FF040000D1FFDF06
:1061F00004F114010C46284605F0EBFC2146284624
:10620000BDE8704005F0ECBC70B58AB00C4606469F
:10621000FBF794FA050014D02878222827D30CB174
:10622000A08890B101208DF80C0003208DF810009B
:1062300000208DF8110054B1A088ADF81800206836
:1062400007E043F202000AB070BD0920FBE7ADF899
:10625000180005900421304609F030FF040000D1F9
:10626000FFDF04F1140005F0E6FC000701D408206C
:10627000E9E701F02BFF60B108A802210094CDE905
:10628000011095F8232003A930466368FFF7EEFB61
:10629000D9E71120D7E72DE9F04FB2F802A08346E5
:1062A00089B0154689465046FBF748FA074604214F
:1062B000504609F003FF0026044605964FF00208F9
:1062C0000696ADF81C6007B9FFDF04B9FFDF414651
:1062D000504603F0DAFE50B907AA06A905A88DE8D2
:1062E00007004246214650466368FFF74EFB44488C
:1062F00007AB0660DDE9051204F11400CDF800904B
:10630000CDE90320CDE9013197F8232059465046C5
:106310006B6805F0D9FC06000AD0022E04D0032ECB
:1063200014D0042E00D0FFDF09B03046BDE8F08F56
:10633000BDF81C000028F7D00599CDE900104246B1
:10634000214650466368FFF74DFBEDE7687840F063
:1063500008006870E8E72DE9F04F99B004464FF067
:1063600000082748ADF81C80ADF82080ADF82480E7
:10637000A0F80880ADF81480ADF81880ADF82C8036
:10638000ADF82880007916460D464746012808D00A
:10639000022806D0032804D0042802D0082019B00F
:1063A000C4E72046FAF747FF70BB2846FAF743FFD9
:1063B00050BB6068FAF78CFF30BB606848B16089F9
:1063C0002189884202D8B1F5007F01D90C20E6E787
:1063D00080460EAA06A92846FFF7C8F90028DED194
:1063E00068688078C0F34100022808D19DF8190040
:1063F00010F0380F03D02869FAF761FF20B904E0E4
:10640000380200201400002022E005A92069FFF7CF
:1064100065F90028C3D1206948B1607880079DF8EC
:10642000150000F0380001D5F0B300E0E0BB9DF8A6
:10643000140080060ED59DF8150010F0380F03D01B
:106440006068FAF73CFF18B96068FAF741FF08B1D5
:106450001020A4E70AA96069FFF740F900289ED13F
:10646000606940B19DF8290000F0070101293CD185
:1064700010F0380F39D00BA9A069FFF72FF90028C9
:106480008DD19DF8280080062FD49DF82C00800621
:106490002BD4A06950B19DF82D0000F0070101290F
:1064A00023D110F0380F00E01FE01ED0E06818B1D3
:1064B0000078D0B11C2818D20FAA611C2046FFF723
:1064C0007CF90121384661F30F2082468DF8521085
:1064D000B94642F603000F46ADF850000DF13F02F9
:1064E00018A928680BF0A1FB08B1072057E79DF811
:1064F000600015A9CDF80090C01CCDE9019100F015
:10650000FF0B00230BF20122514614A806F02EFCCB
:10651000F0BBBDF854000C90FE482A89296900920E
:10652000CDE901106B89BDF838202868069906F07E
:106530001DFC01007ED120784FF0020AC10601D473
:1065400080062BD5CDF80C90606950B90AA906A831
:10655000FFF764F99DF8290020F00700401C8DF832
:1065600029009DF8280008A940F0C8008DF82800EF
:106570008DF8527042F60210ADF8500003AACDF823
:1065800000A0CDE90121002340F2032214A800E07D
:106590001EE00A9906F0EAFB01004BD1DD484D46AA
:1065A00008385B460089ADF83D000FA8CDE90290A0
:1065B000CDF80490CDF810904FF007090022CDF8E7
:1065C0000090BDF854104FF6FF7006F012FB10B1AA
:1065D000FFF753F8E3E69DF83C00000624D5294672
:1065E000012060F30F218DF852704FF42450039571
:1065F000ADF8500062789DF80C00002362F30000B3
:106600008DF80C006278CDF800A0520862F34100CA
:106610008DF80C0003AACDE9012540F2032214A84D
:1066200006F0A4FB010005D1606888B32069A8B911
:1066300005A900E084E006A8FFF7F0F8607880077D
:1066400006D49DF8150020F038008DF8150005E0FF
:106650009DF8140040F040008DF814008DF8527041
:1066600042F60110ADF85000208940F20121B0FB44
:10667000F1F201FB1202606809ABCDF80080CDE9B0
:106680000103002314A8059906F070FB010057D1FF
:106690002078C00728D00395A06950B90BA906A897
:1066A000FFF7BCF89DF82D0020F00700401C8DF886
:1066B0002D009DF82C008DF8527040F040008DF8B0
:1066C0002C0042F60310ADF8500007A903AACDF83C
:1066D00000A0CDE90121002340F2032214A80B9968
:1066E00006F044FB01002BD1E06868B32946012085
:1066F00060F30F218DF8527042F60410ADF850008F
:10670000E068002302788DF8582040788DF8590011
:10671000E06816AA4088ADF85A00E06800798DF864
:106720005C00E068C088ADF85D00CDF80090CDE970
:1067300001254FF4027214A806F018FB010003D0E3
:106740000C9800F0C9FF2AE672480321083801714D
:1067500056B100893080BDF824007080BDF820005B
:10676000B080BDF81C00F080002018E670B501254F
:106770008AB016460B46012802D0022816D104E042
:106780008DF80E504FF4205003E08DF80E5042F675
:106790000100ADF80C005BB10024601C60F30F2415
:1067A00004AA08A918460BF040FA18B107204AE5D8
:1067B000102048E504A99DF820205648CDE9002185
:1067C000801E02900023214603A802F2012206F057
:1067D000CDFA10B1FEF751FF35E54E4808380EB13D
:1067E000C1883180057100202DE5F0B593B00746D2
:1067F00001268DF83E6041F60100ADF83C0012AA7A
:106800000FA93046FFF7B2FF002849D1414C0025BF
:10681000083CEFB31C22002102A806F0B4FD9DF84D
:1068200008008DF83E6040F020008DF8080042F628
:106830000520ADF83C000E959DF83A00119520F02A
:106840000600801C8DF83A009DF838006A4620F05A
:10685000FF008DF838009DF8390009A920F0FF00ED
:106860008DF839000420ADF82C00ADF830000EA8EA
:106870000A9011A80D900FA80990ADF82E5002A80B
:10688000FFF769FD00280BD1BDF80000608100E032
:1068900008E0BDF80400A081401CE08125710020C3
:1068A00013B0F0BD6581A581BDF84800F4E72DE97E
:1068B000F74F1849A0B00024083917940A79A14667
:1068C000012A04D0022A02D0082023B02EE5CA886B
:1068D000824201D00620F8E721988A46824201D1FF
:1068E0000720F2E70120214660F30F21ADF84800B0
:1068F0004FF6FF780691ADF84A808DF86E0042F6AB
:10690000020B8DF872401CA9ADF86CB0ADF8704068
:10691000139101E040020020ADF8508012A806F06B
:1069200035FB00252E462F460DAB072212A9404607
:1069300006F02FFB78B10A285DD195B38EB3ADF880
:106940006450ADF866609DF85E008DF8144019AC97
:10695000012864D06BE09DF83A001FB3012859D19B
:10696000BDF8381059451FD118A809A901940294FF
:10697000CDE9031007200090BDF836101023002247
:10698000404606F098FBB0BBBDF86000042801D07B
:1069900006284AD1BDF82410219881423AD10F200F
:1069A00093E73AE0012835D1BDF83800B0F5205F13
:1069B00003D042F6010188422CD1BAF80600BDF896
:1069C0003610884201D1012700E0002705B19EB1B1
:1069D000219881421ED118A809AA01940294CDE9F8
:1069E0000320072000900D4610230022404606F0A9
:1069F00062FB00B902E02DE04E460BE0BDF86000FE
:106A0000022801D0102810D1C0B217AA09A90BF092
:106A1000EDF850B9BDF8369086E7052055E705A991
:106A200017A8221D0BF001F908B103204DE79DF8CE
:106A300014000023001DC2B28DF814202298009289
:106A4000CDE901401BA8069906F090F910B9022281
:106A50008AF80420FEF711FE37E710B50B46401EFA
:106A600088B084B205AA00211846FEF7A6FE0020D1
:106A70000DF1080C06AA05A901908CE80700072073
:106A800000900123002221464FF6FF7006F0B1F876
:106A90000446BDF81800012800D0FFDF2046FEF7AD
:106AA000ECFD08B010BDF0B5F74F044687B038795B
:106AB0000E46032804D0042802D0082007B0F0BDF9
:106AC00004AA03A92046FEF751FE0500F6D160682E
:106AD0008078C0F3410002280AD19DF80D0010F023
:106AE000380F05D02069FAF7EAFB08B11020E5E776
:106AF000208905AA21698DE807006389BDF8102067
:106B00002068039906F032F910B1FEF7B6FDD5E71B
:106B100016B1BDF814003080042038712846CDE746
:106B2000F8B50C0006460CD001464FF6FF75002361
:106B30006A46284606F044FB28B100BFFEF79DFDDB
:106B4000F8BD1020F8BD69462046FEF7C7FD0028B5
:106B5000F8D1A078314600F001032846009A06F0EB
:106B60005EFBEBE730B587B0144600220DF1080C50
:106B700005AD01928CE82C00072200920A460146DE
:106B800023884FF6FF7006F034F8BDF8141021800A
:106B9000FEF773FD07B030BD70B50D46042109F056
:106BA0008DFA040000D1FFDF294604F11400BDE88E
:106BB000704005F039B870B50D46042109F07EFA31
:106BC000040000D1FFDF294604F11400BDE8704045
:106BD00005F04DB870B50D46042109F06FFA0400B8
:106BE00000D1FFDF294604F11400BDE8704005F034
:106BF00065B870B50546042109F060FA040000D1BB
:106C0000FFDF214628462368BDE870400122FEF7D9
:106C100003BF70B50646042109F050FA040000D104
:106C2000FFDF04F1140004F0F0FF401D20F0030525
:106C300011E0011D00880022431821463046FEF76E
:106C4000EBFE00280BD0607CABB2684382B2A06838
:106C5000011D09F002F9A06841880029E9D170BD41
:106C600070B50546042109F029FA040000D1FFDFC0
:106C7000214628466368BDE870400222FEF7CCBE7C
:106C800070B50E46054601F021FA040000D1FFDF81
:106C90000120207266726580207820F00F00001DB0
:106CA00020F0F00040302070BDE8704001F012BAD2
:106CB00010B50446012900D0FFDF2046BDE8104092
:106CC0000121FEF7A7BA2DE9F04F97B04FF0000A67
:106CD0000C008346ADF814A0D04619D0E06830B15E
:106CE000A068A8B10188ADF81410A0F800A058461B
:106CF000FAF724FD070043F2020961D03878222810
:106D00005CD30421584609F0D9F9050005D103E008
:106D1000102017B0BDE8F08FFFDF05F1140004F07C
:106D200074FF401D20F00306A078012803D002283C
:106D300001D00720EDE7218807AA584606F0EBF8B6
:106D400030BB07A806F0F3F810BB07A806F0EFF871
:106D500048B99DF82600012805D1BDF82400A0F50A
:106D60002451023902D04FF45050D2E7E068B0B15C
:106D7000CDE902A00720009005AACDF804A0049256
:106D8000A2882188BDF81430584605F032FF10B1B2
:106D9000FEF773FCBDE7A168BDF8140008809DF8FC
:106DA0001F00C00602D543F20140B2E70B9838B18C
:106DB000A1780078012905D080071AD40820A8E717
:106DC0004846A6E7C007F9D002208DF83C00A86825
:106DD0004FF00009A0B1697C4288714391420FD9FC
:106DE0008AB2B3B2011D08F0EEFF8046A0F800A001
:106DF00006E003208DF83C00D5F800804FF0010933
:106E00009DF8200010F0380F00D1FFDF9DF8200022
:106E10001E49C0F3C200084497F8231010F8010C73
:106E2000884201D90F2074E72088ADF8400014A9EA
:106E30000095CDE90191434607220FA95846FEF778
:106E400015FE002891D19DF8500050B9A078012876
:106E500007D1687CB3B2704382B2A868011D08F004
:106E6000C6FF002055E770B5064615460C46084695
:106E7000FEF7C2FB002805D12A4621463046BDE870
:106E8000704073E470BD12E538020020F2B00100DA
:106E900070B51E4614460D0009D044B1616831B189
:106EA00038B1FC49C988814203D0072070BD102049
:106EB00070BD2068FEF7A0FB0028F9D132462146BC
:106EC0002846BDE87040FFF746BA70B515460C007D
:106ED00006D038B1EF490989814203D0072070BD3F
:106EE000102070BD2068FEF787FB0028F9D12946E5
:106EF0002046BDE87040D6E570B5064686B00D4622
:106F000014461046FAF7BDF9D0BB6068FAF7E0F90D
:106F1000B0BBA6F57F40FF3803D03046FAF70EFC31
:106F200080B128466946FEF79BFC00280CD19DF8ED
:106F300010100F2008293DD2DFE801F008060606F0
:106F4000060A0A0843F2020006B070BD0320FBE700
:106F50009DF80210012908D1BDF80010B1F5C05FFD
:106F6000F2D06FF4C052D142EED09DF80610012944
:106F70000DD1BDF80410A1F52851062907D200E073
:106F800029E0DFE801F0030304030303DCE79DF8D5
:106F90000A1001290FD1BDF80810B1F5245FD3D034
:106FA000A1F60211B1F50051CED00129CCD00229B1
:106FB00001D1C9E7FFDF606878B9002305AA294637
:106FC000304606F0FDF810B1FEF757FBBCE79DF820
:106FD0001400800601D41020B6E7618822462846B6
:106FE0006368FFF7BFFDAFE72DE9F043814687B047
:106FF000884614461046FAF744F918B1102007B035
:10700000BDE8F083002306AA4146484606F0D8F8BA
:1070100018B100BFFEF731FBF1E79DF81800C0067C
:1070200002D543F20140EAE70025072705A80195AC
:1070300000970295CDE9035062884FF6FF734146F1
:10704000484606F038F8060013D16068FAF719F9D7
:1070500060B960680195CDE90250009704952388D6
:1070600062884146484606F026F80646BDF81400F8
:1070700020803046CEE739B1864B0A889B899A42F8
:1070800002D843F2030070471DE610B586B0814C6C
:107090000423ADF81430638943B1A4898C4201D232
:1070A000914205D943F2030006B010BD0620FBE76C
:1070B000ADF81010002100910191ADF800300221CF
:1070C0008DF8021005A9029104A90391ADF81220D0
:1070D0006946FFF7F8FDE7E72DE9FC4781460D46D5
:1070E0000846FAF7A8F888BB4846FAF727FB5FEA94
:1070F00000080AD098F80000222829D30421484625
:1071000008F0DCFF070005D103E043F20200BDE810
:10711000FC87FFDF07F1140004F08DFD0646287898
:10712000012803D0022804D00720F0E7B0070FD5CC
:1071300002E016F01C0F0BD0A8792C1DC00709D057
:10714000E08838B1A068FAF776F818B11020DEE7C9
:107150000820DCE721882A780720B1F5847F35D024
:107160001EDC40F20315A1F20313A94226D00EDC67
:10717000B1F5807FCBD003DCF9B1012926D1C6E778
:10718000A1F58073013BC2D0012B1FD113E0012B6D
:10719000BDD0022B1AD0032BB9D0042B16D112E08C
:1071A000A1F20912082A11D2DFE802F00B04041040
:1071B00010101004ABE7022AA9D007E0012AA6D0DC
:1071C00004E0320700E0F206002AA0DACDB200F0B7
:1071D0007DFF50B198F82300CDE90005FA892346D8
:1071E00039464846FEF78DFC91E711208FE72DE9DF
:1071F000F04F8BB01F4615460C4683460026FAF723
:107200009DFA28B10078222805D208200BB081E52C
:1072100043F20200FAE7B80801D00720F6E7032F8F
:1072200000D100274FF6FF79CCB1022D73D3204651
:10723000FAF74EF830B904EB0508A8F10100FAF7A7
:1072400047F808B11020E1E7AD1E38F8028CAAB269
:107250002146484606F007F940455CD1ADB20D49DC
:10726000B80702D58889401C00E001201FFA80F889
:10727000F80701D08F8900E04F4605AA41465846DD
:1072800005F049FE4FF0070A4FF00009DCB3204635
:107290000BE0000038020020408810283BD8361D43
:1072A000304486B2AE4236D2A01902884245F3D3AA
:1072B00051E000BF9DF8170002074CD594B304EBD2
:1072C0000608361DB8F80230B6B2102B23D89A192A
:1072D000AA4220D8B8F8002091421CD1C0061CD583
:1072E000CDE900A90DF1080C0AAAA11948468CE8BD
:1072F0000700B8F800100022584605F07AFC20B1CB
:10730000FEF7BBF982E726E005E0B8F80200BDF819
:107310002810884201D00B2078E7B8F802003044EA
:1073200086B207E0FFE7C00604D55846FEF71CFC0E
:10733000002888D19DF81700BDF81A1020F0100021
:107340008DF81700BDF81700ADF80000FF23584670
:10735000009A05F064FF05A805F0E9FD18B9BDF82D
:107360001A10B942A6D90421584608F0A7FE040015
:1073700000D1FFDFA2895AB1CDE900A94D46002313
:1073800021465846FEF7BDFB0028BBD1A5813DE74D
:1073900000203BE72DE9FF4F8BB01E4617000D463E
:1073A0004FF0000412D0B00802D007200FB0B1E4B3
:1073B000032E00D100265DB10846F9F780FF28B9F9
:1073C0003888691E0844F9F77AFF08B11020EDE704
:1073D000C74AB00701D5D18900E00121F0074FF677
:1073E000FF7802D0D089401E00E0404686B206AA4F
:1073F0000B9805F090FD4FF000094FF0070B0DF1D1
:10740000140A38E09DF81B00000734D5CDF804902D
:10741000CDF800B0CDF80890CDE9039A434600229C
:107420000B9805F048FE60BB05B3BDF814103A8810
:1074300021442819091D8A4230D3BDF81E2020F8A6
:10744000022BBDF8142020F8022BCDE900B9CDE9BC
:107450000290CDF810A0BDF81E10BDF81430002227
:107460000B9805F028FE08B103209FE7BDF8140033
:107470002044001D84B206A805F059FD20B10A2859
:1074800006D0FEF7FAF891E7BDF81E10B142B9D95F
:1074900034B17DB13888A11C884203D20C2085E725
:1074A000052083E722462946404605F0DCFF0146D9
:1074B00028190180A41C3C80002077E710B5044601
:1074C000F9F7DFFE08B1102010BD8948C08920807F
:1074D000002010BDF0B58BB00D46064614220021E9
:1074E00003A805F050FF01208DF80C008DF8100066
:1074F00000208DF81100ADF814503046FAF71EF94F
:1075000048B10078222812D30421304608F0D6FD75
:10751000040005D103E043F202000BB0F0BDFFDF31
:1075200004F11400074604F086FB800601D408200D
:10753000F3E7207C022140F00100207409A80094A8
:10754000CDE90110072203A930466368FEF78EFAE1
:1075500020B1217C21F001012174DEE7294630466B
:10756000FDF749FE08A9384604F054FB00B1FFDFDF
:10757000BDF82040172C01D2172000E02046A84279
:1075800001D92C4602E0172C00D2172421463046A0
:10759000FFF711FB21463046FDF751FB0020BCE709
:1075A000F8B51C4615460E46069F08F0BAFE23465F
:1075B000FF1DBCB231462A46009408F0B6FAF8BD69
:1075C00070B50C4605460E220021204605F0DBFE74
:1075D000002020802DB1012D01D0FFDF70BD0620DD
:1075E00000E00520A07170BD10B5488008781346F2
:1075F00020F00F00001D20F0F00080300C460870D5
:107600001422194604F1080005F093FE00F062FD13
:107610003748046010BD2DE9F047DFF8D890491DC8
:10762000064621F0030117460C46D9F8000008F081
:1076300092FB050000D1FFDF4FF000083560A5F890
:1076400000802146D9F8000008F085FB050000D134
:10765000FFDF7560A5F800807FB104FB07F1091D0D
:107660000BD0D9F8000008F076FB040000D1FFDF52
:10767000B460C4F80080BDE8F087C6F80880FAE777
:107680002DE9F0411746491D21F00302194D064628
:1076900001681446286808F089FB2246716828684A
:1076A00008F084FB3FB104FB07F2121D03D0B16860
:1076B000286808F07BFB042008F0ACFC044604209A
:1076C00008F0B0FC201A012804D12868BDE8F04178
:1076D00008F036BBBDE8F08110B50C4605F0EAFBBA
:1076E00000B1FFDF2046BDE81040FDF7C6BF000037
:1076F00038020020140000204FF0E0214FF4004039
:10770000C1F88001BFF34F8FBFF36F8F00F021B836
:1077100010B5044600F01DF8002C09D0124A12489A
:1077200012491432124B012C03D0022C07D0FFDF78
:1077300010BD0224046011604FF0407004E0032487
:10774000046011604FF40000186010BD00B5FFDF49
:1077500000BD054800210160016005494FF06070DF
:10776000091D08607047000000F500404802002035
:1077700004F501402DE9F05FDFF850A44FF0000858
:107780008B4606469AF80940474645469AF80190C6
:1077900008E0284601F00EF8817B407811FB007765
:1077A0006D1CEDB24D45F4D19AF8090020442044F7
:1077B00020440744FF2F01D94FF013083068C01C44
:1077C00020F0030232605BEA080021D1FF48FBB2DF
:1077D000062120300CF0C8F9002408E0062C0FD256
:1077E000DFE804F005030A0A0C05F94800E0F9484F
:1077F0000CF0DAF9054604E0F748F9E7F748F7E74F
:10780000FFDFA54200D0FFDF641CE4B2062CE5D305
:10781000306800EB071030604046BDE8F09F38B597
:107820000C468288817B19B14189914200D90A4670
:107830002280C188121D90B26A4607F081FCBDF813
:107840000000032800D30320C1B2208800F0D1FF3C
:1078500038BD38B50C468288817B19B101899142C7
:1078600000D90A462280C188121D90B26A4607F0EC
:1078700067FCBDF80000022800D30220C1B22088B6
:1078800000F0B7FF401CC0B238BD2DE9FF5F824653
:107890008B46D34814460BF10302D0E90110CDE921
:1078A000021022F0030201A84421019208F035FAE7
:1078B000C64E002C02D1CB49019A8A60019901443D
:1078C0000191B57E05F1010504D1E8B20AF026F96F
:1078D00000B1FFDF019800EB0510C01C20F0030190
:1078E000019144B9727A00200870B08B80B205F023
:1078F00040F900B1FFDF0198F16908440190214689
:1079000001A8FFF737FF80460198C01C20F0030054
:107910000190717A04B1002008F0F5FA0199084449
:107920000190214601A800F06FFFA84800273D46BE
:1079300090F801900CE0284600F03CFF0646817864
:107940008088FDF713FA71786D1C00FB0177EDB2AA
:107950004D45F0D10198C01C20F00300019004B106
:1079600000203946FDF70DFA0199002708440190DF
:1079700096483D4690F801900CE0284600F01AFF2A
:107980000646C1788088FEF77AFB71786D1C00FB93
:107990000177EDB24D45F0D10198C01C20F00300F5
:1079A000019004B100203946FEF772FB01994FF0B7
:1079B00000090844019085484D4647780EE0284666
:1079C00000F0F8FE0646807B30B106F1080002F0B8
:1079D0009DF8727800FB02996D1CEDB2BD42EED1AC
:1079E0000198C01C20F00300019004B100207D49E3
:1079F0004A78494602F08EF80199084401902146E0
:107A000001A800F0B3FE0198C01D20F0070001900E
:107A1000DAF80010814204D3A0EB0B01B1F5803FEE
:107A200004DB4FF00408CAF8000004E0CAF80000C4
:107A3000B8F1000F02D0404604B0EEE674BB6A49CC
:107A40000020019A0CF0FEF9FAF77EFB5F4C207ED5
:107A50000090607E012823D0002318B300225B48E9
:107A600000210C30FBF74AF800B1FFDFE07EFEF7A3
:107A7000BCFE00B1FFDF55484FF4F67200213830EC
:107A800005F081FC51480421383080F8E91180F874
:107A9000EA11062180F8EB11032101710020CBE7E8
:107AA0000123DAE702AADAE770B5484C0646383413
:107AB000207804EB4015E078083598B9A01990F8C3
:107AC000E80100280FD0A0780F2800D3FFDF202284
:107AD0000021284605F057FC687866F302006870BC
:107AE0000120E070284670BD2DE9F04105460C46A6
:107AF00000270078052190463E46B1EB101F00D0CC
:107B0000FFDF287A50B101280ED0FFDFA8F800600F
:107B10000CB1278066800020BDE8F081012709268E
:107B200074B16888A08008E00227142644B16888F0
:107B3000A0802869E060A88A2082287B2072E5E77F
:107B4000A8F80060E7E730B5204C01200021207044
:107B50006170207260726176217621730521A182A5
:107B60001F21E182607321A121610A21A176E076C3
:107B70001C4D4FF4B060E0616868C11C21F0030146
:107B8000814200D0FFDF6868606030BD30B5154CC1
:107B90001568636810339D4202D20420136030BD23
:107BA0000A4B5D785A6802EB051210705170032081
:107BB000D080172090800120D070907000209073AA
:107BC0005878401C58706068103013E0540300204F
:107BD000A11F0000359C0000A9B000000F19010092
:107BE000F8B0010018000020000000206E52463559
:107BF000780000006060002030BD70B50646F8488F
:107C00000024457807E0204600F0D4FD0178B14219
:107C100004D0641CE4B2AC42F5D1002070BDF7B5CD
:107C2000074608780C4610B3FFF7E7FF0546A7F1B3
:107C30002006202F06D0052E19D2DFE806F00F2BE4
:107C40002B151A0000F0C2FD0DB1697800E000218B
:107C5000401AA17880B20844FF2808D8A07830B133
:107C6000A088022824D202E06088172820D20720AA
:107C7000FEBD207AE0B161881729F8D3A1881729C1
:107C8000F5D3A1790029F2D0E1790029EFD040287D
:107C900004D9ECE7242F0BD1207A48B161884FF644
:107CA000FB70814202D8A188814201D90420FEBD27
:107CB00065B9207802AA0121FFF768FF0028F6D1F4
:107CC0002078FFF79AFF050000D1FFDF052E18D2BC
:107CD000DFE806F0030B0E081100A0786870A0889A
:107CE000E8800FE06088A8800CE0A078A87009E028
:107CF000A078E87006E054F8020FA8606068E860B9
:107D000000E0FFDF0020FEBD1A2835D00DDC13286F
:107D100032D2DFE800F01B31203131272723252D17
:107D2000313129313131312F0F00302802D003DCBD
:107D30001E2821D1072070473A3809281CD2DFE8D5
:107D400000F0151B0F1B1B1B1B1B0700002070479F
:107D500043F20400704743F202007047042070476A
:107D60000D2070470F207047082070471120704782
:107D700013207047062070470320704710B5007825
:107D800000F0010007F0D2F9BDE81040BCE710B5E3
:107D9000007800F0010007F0CEF9BDE81040B3E72D
:107DA0000EB5017801F001018DF80010417801F065
:107DB00001018DF801100178C1F340018DF8021026
:107DC0004178C1F340018DF80310017889088DF8DE
:107DD0000410417889088DF8051081788DF8061017
:107DE000C1788DF8071000798DF80800684606F014
:107DF0005DFEFFF789FF0EBD2DE9F84F784CDFF8E7
:107E0000E481383400261FE0012000F048FD012005
:107E1000FFF74AFE054644214746D8F8080007F018
:107E20009AFF686000B9FFDF686806F03BFDA8B103
:107E30002846F9F7F1FD284600F036FD20B9442226
:107E40006968B86807F0B2FF94F9E9010428DBDA41
:107E5000022008F0DFF807460025A6E04422696802
:107E6000D8F8080007F0A2FFF2E7B8F80210404681
:107E7000491C89B2A8F80210B94201D300214180FF
:107E80000221B8F8020008F019F9002865D0B8F806
:107E90000200694607F0C8F8FFF736FF00B1FFDFC0
:107EA0009DF8000078B1B8F8020008F04CFA5FEADB
:107EB000000900D1FFDF484607F0CBFC18B1B8F845
:107EC000020002F0D0F8B8F8020008F02AFA5FEADF
:107ED000000900D1FFDF484607F0B3FCE8BB0321EF
:107EE000B8F8020008F0EAF85FEA000B48D1FFDFBB
:107EF00046E000BFDBF8100010B10078FF2849D041
:107F0000022000F0CCFC0220FFF7CEFD824648465E
:107F100007F0A3FDCAF8040000B9FFDFDAF8040097
:107F200007F06BFE002100900170B8F80210504677
:107F3000AAF8021001F0BAFF484607F060FE00B947
:107F4000FFDF504600F0B0FC18B99AF801000007B6
:107F500004D50099CBF8101012E024E0DBF81000F3
:107F600038B10178491C11F0FF01017008D1FFDF21
:107F700006E000221146484600F0F6FB00B9FFDF9C
:107F800094F9EA01022805DBB8F8020001F055FF78
:107F90000028AFD194F9E901042804DB484607F032
:107FA00092FE00B101266D1CEDB2BD4204D294F9DF
:107FB000EA010228BFF659AF002E7FF423AFBDE8D7
:107FC000F84F032000F06BBC10B5064CE060086869
:107FD0002061AFF2DB1002F0C8FF607010BD00003E
:107FE0005403002018000020F74800210170F748D2
:107FF0000170F7494160704770B505464FF08050F9
:108000000C46D0F8A410491C05D1D0F8A810C943DB
:108010000904090C0BD050F8A01F01F001012970D0
:10802000416821608068A080287830B970BD062141
:1080300020460BF08CFB01202870607940F0C000D6
:10804000607170BD70B54FF080540D46D4F880104B
:10805000491C0BD1D4F88410491C07D1D4F88810DE
:10806000491C03D1D4F88C10491C0CD0D4F88010D2
:108070000160D4F884104160D4F888108160D4F88D
:108080008C10C16002E010210BF061FBD4F890006D
:10809000401C0BD1D4F89400401C07D1D4F89800B0
:1080A000401C03D1D4F89C00401C09D054F8900F18
:1080B000286060686860A068A860E068E86070BDDB
:1080C0002846BDE8704010210BF041BBBE48383057
:1080D0000079E9E470B5BC4C3834E07830B32078EE
:1080E00004EB4010407A00F00700204490F9E801CA
:1080F000002800DCFFDF2078002504EB4010407AE8
:1081000000F00700011991F8E801401E81F8E8012C
:108110002078401CC0B220700F2800D12570A078B4
:10812000401CA0700BF09CF9E57070BDFFDF70BDC6
:108130003EB50546032107F0C1FF0446284608F076
:10814000F0F8054604B9FFDF206918B10078FF2870
:1081500000D1FFDF01AA6946284600F005FB60B99F
:10816000FFDF0AE0002202A9284600F0FDFA00B96C
:10817000FFDF9DF8080000B1FFDF9DF80000411E01
:108180008DF80010EED220690199884201D10020BB
:1081900020613EBD70B50546A0F57F400C46FF3816
:1081A00000D1FFDF012C01D0FFDF70BDFFF78EFF94
:1081B000040000D1FFDF207820F00F00401D20F0E8
:1081C000F000503020706580002020720120207364
:1081D000BDE870407EE72DE9F04116460D460746A2
:1081E000FFF774FF040000D1FFDF207820F00F00BC
:1081F000401D20F0F0005030207067800120207278
:1082000028682061A888A0822673BDE8F04161E754
:108210007FB5FFF7F2FC040000D1FFDF02A9204682
:10822000FFF7FDFA054603A92046FFF712FB8DF87C
:1082300000508DF80100BDF80800001DADF80200E7
:10824000BDF80C00001DADF80400E088ADF8060094
:10825000684606F053FF002800D0FFDF7FBD2DE900
:10826000F05F5A4E8146307810B10820BDE8F09F8B
:108270004846F9F706F808B11020F7E7524C207885
:1082800008B9FFF760FC647A4D4600F09FFAA042FF
:1082900007D2201AC1B22A460020FFF777FC002837
:1082A000E4D171684848C91C002721F003017160BE
:1082B000B3463E463D46BA463C4690F801800AE049
:1082C000204600F077FA4178807B0E4410FB015580
:1082D000641CE4B27F1C4445F2D10AEB870000EB3A
:1082E000C600DBF8041000EB850045185C4601224F
:1082F00029464846FFF7C9FA060013D00020FFF7C9
:108300007CFC05000CD005F11300616820F003002F
:10831000884200D0FFDF2C484178491E41706560DB
:108320003046A3E7002229464846FFF7AEFA00B1DF
:10833000FFDFD9F8000060604FF6FF706080012019
:108340002070002092E72DE9F04104461F481746AF
:108350000E46007810B10820BDE8F0810846F8F715
:108360006AFF08B11020F7E7174D287808B9FFF722
:10837000EAFB601E1E2807D8012C22D13078FE2887
:108380001FD8A8760020E7E7A4F120001F2805D811
:10839000E0B23A463146BDE8F04140E4A4F1400085
:1083A0001F2805D831462046BDE8F04100F0A2BAAA
:1083B000A4F1A0001F2804D80020A02C0AD0A12CD2
:1083C0000DD00720C8E7000054030020180000204B
:1083D00048100020317801F00101E976BCE73168EE
:1083E0000922F82901D38B0701D01046B4E76B7B33
:1083F00003F00303012B04D1EB8AD7339CB28C42E8
:10840000F3D8E961A8E72DE9F04781460E46084612
:10841000F8F737FF48B94846F8F751FF28B909F18E
:10842000030020F00301494502D01020BDE8F08789
:10843000FC484FF0000A817869B14178804600EB32
:1084400041140834378832460021204600F039FABA
:10845000050004D027E0A6F800A00520E6E7B9F162
:10846000000F24D03088B84201D90C251FE0607875
:1084700000F00705284600F012FA08EB050732461F
:1084800097F8E8014946401C87F8E801204607F5BF
:10849000F47700F016FA05463878401E387003204D
:1084A00000F0FDF92DB10C2D01D0A6F800A0284652
:1084B000BCE76078DC4E00F00701012923D00229D7
:1084C0000CD0032933D0FFDF98F801104046491C37
:1084D000C9B288F801100F2934D035E0616821B1A4
:1084E000000702D46088FFF723FE98F8EA014746A8
:1084F000012802D1707802F057FD97F9EA010428AB
:10850000E2DBFFDFE0E7616819B14422B06807F001
:108510004DFC98F8E9014746032802D1707802F033
:1085200043FD97F9E9010428CEDBFFDFCCE7C00665
:1085300002D56088FFF7FCFD98F9EB010628C3DB44
:10854000FFDFC1E780F801A08178491E8170617862
:1085500001F0070101EB080090F8E811491C80F8D0
:10856000E811A4E770B50D460446F8F764FE18B9A3
:108570002846F8F786FE08B1102070BD294620462F
:10858000BDE8704009F002BB70B5054609F021FB5B
:10859000C4B22846F8F793FE08B1102070BD35B17B
:1085A00028782C7018B1A04201D0072070BD204659
:1085B000FDF7D2FD052805D109F00FFB012801D0F8
:1085C000002070BD0F2070BD70B5044615460E46E4
:1085D0000846F8F730FE18B92846F8F752FE08B1F9
:1085E000102070BD022C03D0102C01D0092070BDCA
:1085F0002A463146204609F0F9FA0028F7D005202E
:1086000070BD70B514460D460646F8F714FE38B92D
:108610002846F8F736FE18B92046F8F750FE08B19C
:10862000102070BD22462946304609F0FEFA002887
:10863000F7D0072070BD3EB50446F8F722FE08B11A
:1086400010203EBD684606F0C0F9FFF75DFB00282C
:10865000F7D19DF806002070BDF808006080BDF8D5
:108660000A00A08000203EBD70B505460C460846B5
:10867000F8F725FE20B93CB12068F8F702FE08B1F2
:10868000102070BDA08828B121462846BDE8704062
:10869000FDF7BABD092070BD70B505460C46084609
:1086A000F8F7C9FD30B9681E1E2814D82046F8F71F
:1086B000C2FD08B1102070BD032D01D9072070BD87
:1086C00005B9FFDF594800EB850050F8041C20462F
:1086D000BDE870400847A5F120001F2805D82146B5
:1086E0002846BDE87040F9F7C1BCF02D0AD0BF2D77
:1086F000E4D1A078218800F0010001F08DFA68B182
:10870000002070BDA068F8F796FD0028D2D1204661
:1087100006F04CFDBDE87040FFF7F6BA082070BDCA
:1087200070B504460D460846F8F7ABFD30B9601E3B
:108730001E280FD82846F8F77EFD08B1102070BD1E
:10874000012C03D0022C01D0032C01D1062070BDD6
:10875000072070BDA4F120001F28F9D82946204623
:10876000BDE87040F9F7D0BC07F03AB81CB5002955
:108770001FD104F02AFE2C4800224178C06805F081
:108780001DFF29481030C0788DF8000010B1012875
:1087900002D004E0012000E000208DF800006846CF
:1087A00006F06BF9214824380068019001A806F012
:1087B000BFFA1CBD30B51B4D0446383D6878A04259
:1087C00000D8FFDF686800EB041030BD70B51548B5
:1087D000002538382C46467807E02046FFF7EAFFA8
:1087E0004078641C2844C5B2E4B2B442F5D12846AE
:1087F00070BD021D5143452900D245210844C01CCB
:10880000B0FBF2F0C0B270472DE9FC5F06460548A8
:108810004FF0000838388B464746444690F80190A0
:1088200029E000008C030020180000201CB101008A
:108830002046FFF7BFFF050000D1FFDF68786946DB
:108840003844C7B22846FEF7EAFF824601A9284607
:10885000FEF7FFFF0346BDF804005246001D81B23B
:10886000BDF80000001D80B207F0A6FC6A78641C09
:1088700000FB0288E4B24C45DAD13068C01C20F01D
:1088800003003060BBF1000F00D0002042463946A3
:1088900007F0A0FC316808443060BDE8FC9F5649F1
:1088A00008710020C87070475349CA782AB10A7805
:1088B00001EB42110831814201D0012070470020B4
:1088C00070472DE9F04106460078154600F00F0488
:1088D00000201080601E0F46052800D3FFDF4748A8
:1088E0002A4600EB8400394650F8043C3046BDE887
:1088F000F04118472DE9F0413F4E0C46383E4028E4
:1089000006D041281AD0422822D0432826D11AE086
:1089100020786578012801D913201DE5FF2D08D89E
:1089200009F0F4FA07460AF053FD381A401EA8422F
:1089300001DA122010E5208830810DE0BDE8F04119
:10894000084600F00DB80878022807D8307603E012
:108950000878022802D870760020FDE40720FBE4A6
:1089600038B50446407800F00300012803D00228FF
:108970000BD0072038BD606858B1F8F7A9FCD0B912
:108980006068F8F79CFC20B915E06068F8F753FCC4
:1089900088B969462046FBF77FF90028EAD160785C
:1089A00000F00300022808D19DF8000028B160689B
:1089B000F8F785FC08B1102038BD6189F8290ED878
:1089C000208988420BD8607800F003020A483838C2
:1089D000012A06D1D731C26989B28A4201D209205F
:1089E00038BD94E80E0000F10C0585E80E000AB9C8
:1089F00000218182002038BD8C03002004B10100D9
:108A00002DE9F041074614468846084601F024FD4A
:108A1000064608EB88001C22796802EBC0000D189E
:108A2000688C58B14146384601F025FD014678680A
:108A30000078C200082305F120000CE0E88CA8B102
:108A40004146384601F01EFD01467868082340780B
:108A5000C20005F1240007F000FA38B106212172A6
:108A60006681D0E90010C4E9031009E028780928DC
:108A70000BD00520207266816868E06000202870B5
:108A80002046BDE8F04101F0C8BC07202072668195
:108A9000F4E72DE9F04116460D460746406801EB24
:108AA00085011C2202EBC1014418204601F00CFD97
:108AB00040B10021708865F30F2160F31F4105204C
:108AC0000BF02CF909202070324629463846BDE8C3
:108AD000F04195E72DE9F0410E46074600241C21A0
:108AE000F07816E004EB8403726801EBC303D25CF8
:108AF0006AB1FFF7EBFA050000D1FFDF6F802A466D
:108B000021463046FFF7C5FF0120BDE8F081641C17
:108B1000E4B2A042E6D80020F7E770B5064600248C
:108B20001C21C0780AE000BF04EB8403726801EBEB
:108B3000C303D5182A782AB1641CE4B2A042F3D842
:108B4000402070BD28220021284604F01CFC7068DB
:108B500080892881204670BD70B5034600201C2501
:108B6000DC780CE000EB80065A6805EBC606324460
:108B7000167816B1128A8A4204D0401CC0B28442D0
:108B8000F0D8402070BDF0B5044600201C26E578E2
:108B90000EE000BF00EB8007636806EBC7073B44AD
:108BA0001F788F4202D15B78934204D0401CC0B240
:108BB0008542EFD84020F0BD0078032801D0002086
:108BC0007047012070470078022801D000207047CC
:108BD000012070470078072801D00020704701204D
:108BE00070472DE9F041064688461078F178154621
:108BF000884200D3FFDF2C781C27641CF078E4B295
:108C0000A04201D8201AC4B204EB8401706807EBBB
:108C1000C1010844017821B14146884708B12C7050
:108C200073E72878A042E8D1402028706DE770B53E
:108C300014460B880122A240134207D113430B8034
:108C400001230A22011D07F0D2F8047070BD2DE93E
:108C5000FF4F81B00878DDE90E7B9A4691460E46BB
:108C600040072CD4019807F06EFB040000D1FFDF11
:108C700007F1040820461FFA88F106F0BDFC050044
:108C800000D1FFDF204629466A4606F008FF00981B
:108C9000A0F80370A0F805A0284606F0AEFF017802
:108CA00069F306016BF3C711017020461FFA88F1C2
:108CB00006F0E5FC00B9FFDF019805F027FC06EBA4
:108CC0000900017F491C017705B0BDE8F08F2DE94F
:108CD000F84F0E469A4691460746032107F0EEF9F3
:108CE0000446008DDFF87C85002518B198F8000057
:108CF000B0421ED1384607F026FB070000D1FFDF47
:108D000009F10401384689B206F076FC050010D05E
:108D1000384629466A4606F0C2FE009800210A46F7
:108D20000180817005F067FC0098C01DCAF8000042
:108D300021E098F80000B04216D104F1260734F87B
:108D4000341F012000FA06F911EA090F00D0FFDFF5
:108D50002088012340EA090020800A22391D384674
:108D600007F060F8067006E0324604F1340104F1C1
:108D70002600FFF75CFF0A2188F800102846BDE8AE
:108D8000F88FFEB515460C46064602AB0C220621AE
:108D9000FFF79DFF002827D00299607812220A7001
:108DA000801C487008224A80A070029829880523F8
:108DB00081806988C180A9880181E9884181002575
:108DC0000C20CDE90005062221463046FFF73FFF83
:108DD0002946002266F31F41F02310460AF0F4FEF4
:108DE0006078801C60700120FEBD2DE9FE430C46BA
:108DF000804644E002AB0E2207214046FFF767FFA2
:108E0000002841D060681C2267788678BF1C06EB7A
:108E1000860102EBC10145180298142101704770C8
:108E20000A214180698A0181E98A4181A98881807A
:108E3000A9898181304601F00FFB029905230722A1
:108E4000C8806F700420287000250E20CDE9000531
:108E500021464046FFF7FBFE294666F30F2168F3E3
:108E60001F41F023002205200AF0AEFE6078FE4983
:108E7000801C607062682046921CFFF7B2FE60683A
:108E800080784028B6D10120BDE8FE83FEB50D46AE
:108E9000064638E002AB0E2207213046FFF717FFE7
:108EA000002835D068681C23C17801EB810203EBF0
:108EB000C2028418029815220270627842700A2257
:108EC0004280A2894281A2888281084601F0C4FAC8
:108ED000014602988180618AC180E18A0181A0886F
:108EE000B8B10020207000210E20CDE9000105233B
:108EF000072229463046FFF7AAFE6A68DB49284662
:108F0000D21CFFF76EFE6868C0784028C2D10120ED
:108F1000FEBD0620E6E72DE9FE430C46814644E00F
:108F2000204601F0BBFAD0B302AB08220721484625
:108F3000FFF7CDFE0028A7D060681C22657806796F
:108F4000AD1C06EB860102EBC10147180298B7F889
:108F5000108006210170457004214180304601F0E7
:108F60007BFA0146029805230722C180A0F80480FD
:108F70007D70082038700025CDE90005214648465F
:108F8000FFF765FE294666F30F2169F31F41F023C1
:108F9000002205200AF018FE6078801C607062686C
:108FA000B3492046121DFFF71CFE60680179402975
:108FB000B6D1012068E72DE9F34F83B00D4691E06B
:108FC000284601F06BFA00287ED068681C2290F8D1
:108FD00006A00AEB8A0102EBC1014418514628465B
:108FE00001F050FAA178CB0069684978CA000146BF
:108FF00004F1240006F04DFF07468188E08B4FF016
:109000000009091A8EB208B1C84607E04FF00108FE
:10901000504601F00CFA08B9B61CB6B2208BB0422B
:1090200000D80646B34602AB324607210398FFF745
:109030004EFE060007D0B8F1000F0BD0504601F0ED
:10904000F6F910B106E000203EE60299B8884FF02C
:10905000020908800196E28B3968ABEB09001FFA20
:1090600080F80A4403984E46009207F06CF9DDE957
:109070000021F61D4346009606F08BFDE08B404430
:1090800080B2E083B988884201D1012600E0002641
:10909000CDE900B6238A072229460398FFF7D7FDBA
:1090A000504601F0C4F910B9E089401EE0815EB17C
:1090B000A078401CA0706868E978427811FB02F142
:1090C000CAB20123816900E006E00E3006F08FFE8F
:1090D00080F800A00020E0836A6866492846921D57
:1090E000FFF77FFD6868817940297FF469AF01202F
:1090F000EAE570B5064648680D4614468179402970
:1091000010D104EB84011C2202EBC101084401F0E0
:10911000FCF9002806D06868294684713046BDE80D
:10912000704048E770BDFEB50C460746002645E096
:10913000204601F0B3F9D8B360681C22417901EBF5
:10914000810102EBC1014518688900B9FFDF02AB5C
:10915000082207213846FFF7BAFD002833D00299CC
:10916000607816220A70801C48700420488060686D
:10917000407901F071F901460298052307228180A8
:109180006989C1800820CDE9000621463846FFF7ED
:109190005EFD6078801C6070A88969890844B0F51C
:1091A000803F00D3FFDFA88969890844A8816E81C8
:1091B000626831492046521DFFF713FD606841790E
:1091C0004029B5D10120FEBD30B5438C458BC3F39A
:1091D000C704002345B1838B641EED1AC38A6D1E3C
:1091E0001D4495FBF3F3E4B22CB1008918B1A04201
:1091F00000D8204603444FF6FF70834200D3034655
:1092000013800C7030BD2DE9FC41074616460D4613
:10921000486802EB86011C2202EBC10144186A4631
:1092200001A92046FFF7D0FFA089618901448AB2D5
:10923000BDF80010914212D0081A00D500206081BC
:109240006868407940280AD1204601F054F9002886
:1092500005D06868294646713846FFF764FFBDE8C7
:10926000FC8100002C000020B98B0000C78B00009F
:10927000D58B00000BA50000F7A400002DE9FE4FE0
:109280000F46814615465088032106F017FF0190CE
:10929000B9F8020001F0D3F882460146019801F0C6
:1092A000FDF8002824D001981C2241680AEB8A00AE
:1092B00002EBC0000C18204601F006F9002817D177
:1092C000B9F80000E18A88420ED8A18961B1B8429C
:1092D0000ED100265146019801F0CDF8218C01EB0A
:1092E0000008608B30B114E0504601F0A0F8A0B344
:1092F000BDE8FE8F504601F09AF808B1678308E098
:10930000022FF5D3B9F804006083618A884224D81B
:109310000226B81B87B2B8F80400A28B801A002876
:1093200014DD874200DA38461FFA80FB68886968D6
:109330000291D8F800100A44009206F0F2FFF61DE0
:10934000009A5B460299009606F0EFFBA08B38442A
:1093500080B2A083618B884207D96888019903B0E5
:109360005246BDE8F04F01F0EDB81FD14FF00900B3
:109370002872B9F802006881D8E90010C5E9041024
:10938000608BA881284601F048F85146019801F009
:1093900072F801460198082340680078C20004F181
:1093A000200006F05AFD0020A0836083504601F0A3
:1093B0003EF810B9A089401EA0816888019903B0C9
:1093C0000AF0FF02BDE8F04F1DE72DE9F041064627
:1093D00015460F461C461846F7F72DFF18B92068AA
:1093E000F7F74FFF08B110201AE47168688C09780C
:1093F000B0EBC10F01D3132012E43946304601F01F
:109400003AF80146706808230078C20005F1200090
:1094100006F0EDFCD4E90012C0E90012002005E4DA
:1094200010B50446032106F049FE014600F114027E
:109430002046BDE81040A4E470B50446032106F0C0
:109440003DFE054601462046FFF765FD002816D083
:1094500029462046FFF767FE002810D029462046FF
:10946000FFF714FD00280AD029462046FFF7BDFC6F
:10947000002804D029462046BDE870409BE570BD19
:109480002DE9F0410C4680461EE0E178427811FB60
:1094900002F1CAB2816901230E3006F0DEFC0778C2
:1094A00060681C22C179491EC17107EB87016068A1
:1094B00002EBC10146183946204600F0EFFF18B113
:1094C000304600F0FAFF20B16068C1790029DCD194
:1094D0008AE7FEF7FBFD050000D1FFDF0A202872B6
:1094E000384600F0B9FF68813946204600F0CAFFCF
:1094F0000146606808234078C20006F1240006F0A7
:10950000ACFCD0E90010C5E90310A5F8028028469C
:1095100000F083FFB07800B9FFDFB078401EB07074
:1095200062E770B50C460546032106F0C7FD01460B
:109530004068C2792244C2712846BDE870409FE766
:109540002DE9FE4F8246507814460F464FF0000832
:10955000002850D0012807D0022822D0FFDF206841
:10956000B8606068F860C3E602AB0E22082150467E
:10957000FFF7ADFB0028F2D00298152105230170FA
:10958000217841700A214180C0F80480C0F8088029
:10959000A0F80C80628882810E20CDE900080822A4
:1095A00021E0A678304600F057FF054606EB86011D
:1095B0002C22786802EBC1010822465A02AB114600
:1095C0005046FFF784FB0028C9D00298072101709C
:1095D000217841700421418008218580C680CDE931
:1095E000001805230A4639464FEA0A00FFF72FFB09
:1095F00087F808807CE6A678022516B1022E13D0E3
:10960000FFDF2A1D914602AB08215046FFF75FFBA2
:109610000028A4D002980121022E01702178417007
:109620004580868002D005E00625EAE7A188C18052
:10963000E1880181CDE9009805230822394650468A
:10964000D4E710B50446032106F038FD014600F1C9
:1096500008022046BDE8104072E72DE9F04F0F46A2
:10966000054687B014465088032106F027FD4FF0C9
:1096700000088DF808800646ADF80A80042F5CD3F8
:109680006A78002A59D028784FF6FF794FF01C0AE3
:10969000132815D006DC01286FD006282BD0072808
:1096A00006D16EE0142869D0152868D0162867D036
:1096B000CDF80080CDF8048068788DF8000037E0A0
:1096C000B078904239D13078010736D5062F34D1A1
:1096D00020F0080030706088414660F31F41002090
:1096E0000AF01CFB02208DF80800ADF80C90A88849
:1096F000ADF80E00F4E0082F1FD1A888EF8881464E
:1097000000F09DFE80460146304600F0C7FE18B1CD
:10971000404600F08CFE98B1FA48D0E90010CDE93F
:1097200000106878ADF804908DF80000ADF8067070
:1097300060886A463146FFF703FF07B0BDE8F08F47
:10974000716808EB88002C2202EBC000085AB8426E
:10975000F3D1EC486A46D0E90210CDE900106878F0
:109760008DF8000008F0FF058DF802506088314642
:10977000FFF7E6FE2246294623E097E025E0CEE00B
:1097800023E1082FD9D1B5F80480E88800F057FE0E
:1097900007460146304600F081FE0028CDD007EB99
:1097A000870271680AEBC2000844028A4245C4D1AC
:1097B00001780829C1D1407869788842BDD1F9B2D1
:1097C00022463046FFF765F9B7E70E2F7FF470AFFA
:1097D000E9886F898B46B5F808903046FFF7BCF9E9
:1097E000ABF14001402901D3092048E0B9F1170F3E
:1097F00001D3172F01D20B2041E040280ED000EBFF
:10980000800271680AEBC20008440178012903D183
:1098100040786978884290D00A2030E03046FFF7DF
:109820007CF940282AD000EB800372680AEBC30160
:1098300002EB0108012288F800206A7888F80120EC
:109840007168AA884989B94200D93946AD8903238C
:109850002372A282E7812182A4F80C90658200F035
:10986000FBFD6081A8F81490A8F81870A8F80E50B5
:10987000A8F810B0204600F0D0FD5EE704200521D6
:109880002172A4F80A80E081012121739D49D1E968
:109890000421CDE9002169788DF80010ADF80200AF
:1098A00060886A463146FFF74BFEE3E7062F8BD30D
:1098B000B07890421AD13078010717D520F008000F
:1098C00030706088414660F31F4100200AF026FA9C
:1098D00002208DF80800A888ADF80C00ADF80E90B5
:1098E0006088224602A9F8F785FB26E70421304666
:1098F000FFF749F905464028BFD0022083030090B6
:1099000022462946304600F0E6FD4146608865F370
:109910000F2160F31F4105200AF000FA0DE70E2F1A
:10992000ABD104213046FFF72EF981464028A4D060
:109930004146608869F30F2160F31F4105200AF05A
:10994000EDF9A88906906889009070682F89408990
:10995000B84200D938468346B5F80680A8880190F9
:10996000484600F079FD6081069818B10220009009
:10997000069B24E0B8F1170F1ED3172F1CD3042029
:10998000207200986082E781A4F810B0A4F80C80DF
:1099900009EB890271680AEBC2000D18DDE90002CB
:1099A000A5F81480A5F818B0E8812A82204600F0B6
:1099B00034FD06202870C0E601200B2300902246CB
:1099C0004946304600F087FDB7E6082F8DD1A988BB
:1099D0003046FFF7C1F80746402886D000F027FD43
:1099E00000289BD107EB870271680AEBC20008448C
:1099F000804600F069FD002890D1ED88B8F80E008F
:109A00002844B0F5803F05D360883A46314600F0DF
:109A100099FD92E6002DCED0A8F80E0060883A4657
:109A20003146FFF766FB08202072384600F014FD2F
:109A30006081A5811EE72DE9F05F0C4601281ED04C
:109A4000957992F80480567905EB85011F2202EB87
:109A5000C10121F0030B08EB060111FB05F14FF6E4
:109A6000FF7202EAC10909F1030115FB0611264F35
:109A700021F0031ABB6840B101283ED125E061689E
:109A8000E57891F800804E78DEE75946184606F0F2
:109A900062F9606000B9FFDF5A460021606803F098
:109AA00072FCE5705146B86806F055F96168486186
:109AB00000B9FFDF6068426902EB090181616068FB
:109AC00080F800806068467017E06068524641691F
:109AD000184606F06BF95A466168B86806F066F9F0
:109AE000032006F097FA0446032006F09BFA201A9A
:109AF000012802D1B86806F023F90BEB0A00BDE893
:109B0000F09F000028B101002C0000200246002137
:109B1000022090E7F7B5FF4C0A2016462070009807
:109B200060B100254FEA0D0006F0F7F80021A170A2
:109B30006670002D01D10099A160FEBD01250020B5
:109B4000F2E770B50C46154638220021204603F096
:109B50001AFC012666700A22002104F11C0003F0A1
:109B600012FC05B9FFDF297A207861F3010020702B
:109B7000A87900282DD02A4621460020FFF75BFF58
:109B800061684020E34A88706168C8706168087144
:109B900061684871616888716168288808816168B6
:109BA00068884881606886819078002811D0616853
:109BB0000620087761682888C885616828884886F3
:109BC0006068068560686988928801868186468516
:109BD000828570BDC878002802D0002201202AE7C3
:109BE000704770B50546002165F31F4100200AF05B
:109BF00095F80321284606F061FA040000D1FFDF42
:109C000021462846FEF766FF002804D0207840F061
:109C100010002070012070BD70B505460C46032071
:109C200006F0EAF908B1002070BDBA48857084805A
:109C3000012070BD2DE9FF4180460E460F0CFEF756
:109C400045FA050007D06F800321384606F036FA42
:109C5000040008D106E004B03846BDE8F041132105
:109C6000F8F79EBDFFDF5FEA080005D0B8F1050FE9
:109C700018D0FFDFBDE8FF8120782A4620F00800D9
:109C800020700020ADF8020002208DF800004FF691
:109C9000FF70ADF80400ADF8060069463846F8F7E5
:109CA000A9F9E7E7C6F3072101EB81021C236068ED
:109CB00003EBC202805C042803D008280AD0FFDF2F
:109CC000D8E7012000904FF440432A46204600F098
:109CD00002FCCFE704B02A462046BDE8F041FEF77B
:109CE000D8BE2DE9F05F05464089002790460C4616
:109CF0003E46824600F0A3FB8146287AC01E082813
:109D00006BD2DFE800F00D04192058363C4772276B
:109D10001026002C6CD0D5E90301C4E902015CE0F7
:109D200070271226002C63D00A2205F10C0104F1E1
:109D3000080003F0FEFA50E071270C26002C57D0E3
:109D4000E868A06049E0742710269CB3D5E90301B8
:109D5000C4E902016888032106F0B0F98346FEF7E2
:109D6000B5F902466888508049465846FEF748FED5
:109D700033E075270A26ECB1A88920812DE07627EB
:109D80001426BCB105F10C0004F1080307C883E8F0
:109D9000070022E07727102664B1D5E90301C4E962
:109DA00002016888032106F089F901466888FFF7F7
:109DB00067FB12E01CE073270826CCB168880321FA
:109DC00006F07CF901460078C00606D56888FEF7E3
:109DD00081FE10B96888F7F703FEA8F800602CB17F
:109DE0002780A4F806A066806888A080002086E608
:109DF000A8F80060FAE72DE9FC410C461E4617461C
:109E00008046032106F05AF905460A2C0AD2DFE8FB
:109E100004F005050505050509090907042303E004
:109E2000062301E0FFDF0023CDE900762246294624
:109E30004046FEF70CFFBDE8FC81F8B50546A0F5ED
:109E40007F40FF382BD0284606F06BFA040000D183
:109E5000FFDF204605F001FE002821D001466A46BA
:109E6000204605F01CFE00980321B0F80560284646
:109E700006F024F90446052E13D0304600F0DFFA30
:109E800005460146204600F009FB40B1606805EB3D
:109E900085013E2202EBC101405A002800D001207A
:109EA000F8BD007A0028FAD00020F8BDF8B50446C5
:109EB000408806F036FA050000D1FFDF6A462846E2
:109EC000616800F0A8FA01460098091F8BB230F8CB
:109ED000032F0280428842800188994205D1042ADA
:109EE00008D0052A20D0062A16D022461946FFF7A8
:109EF000C5F9F8BD001D0E4605460146224630460E
:109F0000FBF763F90828F4D1224629463046FCF7CE
:109F1000C2F9F8BD2C000020636864880A46011D60
:109F20002046F9F7C5FBF4E72246001DFFF795FB35
:109F3000EFE770B50D460646032106F0BFF80400B2
:109F400004D02078000704D5112070BD43F2020030
:109F500070BD2A4621463046FEF713FF18B928681F
:109F600060616868A061207840F0080020700020DF
:109F700070BD2DE9F04F0E4691B08046032106F0EA
:109F80009DF80446404606F0DEF90746002007909B
:109F900008900990ADF830000A9002900390049068
:109FA00004B9FFDF0DF10809FFB9FFDF1DE03846F6
:109FB0000BA9002205F014FC9DF82C0000F07F0591
:109FC0000A2D00D3FFDF6019017F491E01779DF83C
:109FD0002C00000609D52A460CA907A8FEF727FE83
:109FE00019F80510491C09F80510761EF6B2DED2E4
:109FF00004F13400F84D04F1260BDFF8E0A304F17E
:10A000002A07069010E05846069900F08DFA064699
:10A0100028700A2800D3FFDF5AF8261040468847E8
:10A02000E08CC05DB04202D0208D0028EBD10A2028
:10A030002870EA4D4E4628350EE00CA907A800F01E
:10A0400073FA0446375D55F8240000B9FFDF55F870
:10A050002420394640469047BDF81E000028ECD128
:10A0600011B0BDE8F08F10B5032106F027F8040009
:10A0700000D1FFDF0A22002104F11C0003F083F964
:10A08000207840F00400207010BD10B50C4603216C
:10A0900006F014F82044007F002800D0012010BDF5
:10A0A0002DE9F84F894615468246032106F006F849
:10A0B000070004D02846F7F7BEF840B903E043F2A2
:10A0C0000200BDE8F88F4846F7F7DBF808B110202A
:10A0D000F7E7786828B169880089814201D90920A9
:10A0E000EFE7B9F800001C2488B100F0A8F9804619
:10A0F0000146384600F0D2F988B108EB880079684B
:10A1000004EBC000085C01280BD00820D9E73846D2
:10A11000FEF703FD8046402807D11320D1E7052034
:10A12000CFE7FDF7D3FF06000BD008EB8800796876
:10A1300004EBC0000C18B9F8000020B1E88910B198
:10A1400013E01120BDE72888172802D36888172854
:10A1500001D20720B5E7686838B12B1D2246414679
:10A160003846FFF732F90028ABD104F10C026946FA
:10A170002046FFF729F8288860826888E082B9F8CD
:10A18000000030B102202070E889A080E889A0B1E9
:10A190002BE003202070A889A0807868817840296E
:10A1A00005D180F8028039465046FEF71EFE404633
:10A1B00000F052F9A9F8000021E07868218B40896D
:10A1C000884200D908462083A6F802A004203072F5
:10A1D000B9F800007081E0897082F181208B3082B3
:10A1E000A08AB081304600F018F97868C17840291B
:10A1F00005D180F8038039465046FEF747FE00201F
:10A200005FE770B50D460646032105F057FF0400D1
:10A210000ED0284600F013F905460146204600F00E
:10A220003DF918B1284600F002F920B1052070BDB3
:10A2300043F2020070BD05EB85011C22606802EB51
:10A24000C101084400F040F908B1082070BD2A4659
:10A250002146304600F076F9002070BD2DE9F0412E
:10A260000C4617468046032105F028FF0546204688
:10A2700000F0E5F8044695B10146284600F00EF9D5
:10A2800080B104EB84011C22686802EBC10146180E
:10A29000304600F019F938B10820BDE8F08143F2EA
:10A2A0000200FAE70520F8E73B46324621462846F9
:10A2B000FFF78BF80028F0D1E2B229464046FEF7BE
:10A2C000A2FF708C0838082803D24348407800F079
:10A2D0006BFE0020E1E72DE9F0410D461746804670
:10A2E000032105F0EBFE0446284600F0A8F80646D8
:10A2F00024B13846F6F79FFF38B902E043F2020076
:10A30000CBE73868F6F797FF08B11020C5E731466C
:10A31000204600F0C3F860B106EB86011C2260689D
:10A3200002EBC1014518284600F0CEF818B108200C
:10A33000B3E70520B1E7B888A98A884201D90C2083
:10A34000ABE76168E88C4978B0EBC10F01D313200B
:10A35000A3E73146204600F095F8014660680823DF
:10A360004078C20005F1240005F041FDD7E9001254
:10A37000C0E90012F2B221464046FEF7BAFE0020C4
:10A380008BE72DE9F0470D461F4690468146032195
:10A3900005F094FE0446284600F051F806463CB10C
:10A3A0004DB13846F6F78BFF50B11020BDE8F0876D
:10A3B00043F20200FAE7606858B1A0F80C8028E088
:10A3C0003146204600F06AF818B1304600F02FF808
:10A3D00030B10520EAE700002C00002040B1010068
:10A3E00006EB86011C22606802EBC1014518284675
:10A3F00000F06AF808B10820D8E7A5F80880F2B2A2
:10A4000021464846FEF7FFFE1FB1A8896989084426
:10A4100038800020CAE705F042BB017821F00F0127
:10A42000491C21F0F00110310170FDF753BE20B935
:10A430004E48807808B101207047002070474B4992
:10A440008988884201D100207047402801D24020ED
:10A4500000E0403880B2704710B50446402800D96B
:10A46000FFDF2046FFF7E3FF10B14048808810BDB2
:10A470004034A0B210BD406842690078484302EB06
:10A48000C0007047C2784068037812FB03F243783B
:10A49000406901FB032100EBC1007047C2788A428A
:10A4A00009D9406801EB81011C2202EBC101405C2B
:10A4B00008B101207047002070470078062801D9B4
:10A4C00001207047002070470078062801D0012045
:10A4D000704700207047F0B401EB81061C274468E8
:10A4E00007EBC6063444049D05262670E3802571DB
:10A4F000F0BCFEF785BA10B5418911B1FFF7DDFF59
:10A5000008B1002010BD012010BD10B5C18C8278AB
:10A51000B1EBC20F04D9C18911B1FFF7CEFF08B169
:10A52000002010BD012010BD10B50C4601230A22E9
:10A53000011D05F092FC00782188012282409143A0
:10A54000218010BDF0B402EB82051C264C6806EB9E
:10A55000C505072363554B681C79402C03D11A713C
:10A56000F0BCFEF7D8BCF0BC704700002C00002007
:10A5700070B50B2000F0BDF9082000F0BAF90021F9
:10A580000B2000F0D4F90021082000F0D0F9F44CA1
:10A5900001256560A5600020C4F84001C4F84401AD
:10A5A000C4F848010B2000F0B5F9082000F0B2F91A
:10A5B0000B2000F091F9256070BD10B50B2000F064
:10A5C00098F9082000F095F9E54801214160816083
:10A5D000E4490A68002AFCD10021C0F84011C0F803
:10A5E0004411C0F848110B2000F094F9BDE8104068
:10A5F000082000F08FB910B50B2000F08BF9BDE8F2
:10A600001040082000F086B900B530B1012806D00E
:10A61000022806D0FFDF002000BDD34800BDD3488C
:10A6200000BDD248001D00BD70B5D1494FF00040BB
:10A630000860D04DC00BC5F80803CF480024046063
:10A64000C5F840410820C43500F053F9C5F83C4135
:10A65000CA48047070BD08B5C14A002128B101285C
:10A6600011D002281CD0FFDF08BD4FF48030C2F8A3
:10A670000803C2F84803BB483C300160C2F84011EF
:10A68000BDE80840D0E74FF40030C2F80803C2F834
:10A690004803B44840300160C2F84411B3480CE0AC
:10A6A0004FF48020C2F80803C2F84803AD48443094
:10A6B0000160C2F84811AD48001D0068009008BD57
:10A6C00070B516460D460446022800D9FFDF002269
:10A6D000A348012304F110018B4000EB8401C1F871
:10A6E000405526B1C1F84021C0F8043303E0C0F85A
:10A6F0000833C1F84021C0F8443370BD2DE9F04162
:10A700001D46144630B1012833D0022838D0FFDF6F
:10A71000BDE8F081891E002221F07F411046FFF73D
:10A72000CFFF012D23D00020944D924F0126687059
:10A730003E61914900203C3908600220091D0860F3
:10A740008D490420303908608B483D34046008206E
:10A750006C6000F0DFF83004C7F80403082000F054
:10A76000BBF88349F007091F08602E70D0E701206D
:10A77000DAE7012B02D00022012005E00122FBE7ED
:10A78000012B04D000220220BDE8F04198E701220D
:10A79000F9E774480068704770B500F0D8F8704C5D
:10A7A0000546D4F840010026012809D1D4F8080351
:10A7B000C00305D54FF48030C4F80803C4F84061E5
:10A7C000D4F8440101280CD1D4F80803800308D53B
:10A7D0004FF40030C4F80803C4F84461012008F0C5
:10A7E00014FAD4F8480101280CD1D4F80803400326
:10A7F00008D54FF48020C4F80803C4F8486102204B
:10A8000008F003FA5E48056070BD70B500F09FF86F
:10A810005A4D0446287850B1FFF706FF687818B102
:10A820000020687008F0F1F95548046070BD0320FD
:10A83000F8E74FF0E0214FF40010C1F80002704734
:10A84000152000F067B84B4901200861082000F08E
:10A8500061B848494FF47C10C1F808030020024653
:10A8600001EB8003C3F84025C3F84021401CC0B26F
:10A870000628F5D37047410A43F609525143C0F305
:10A88000080010FB02F000F5807001EB50207047CB
:10A8900010B5430B48F2376463431B0C5C020C6039
:10A8A000384C03FB0400384B4CF2F72443435B0D58
:10A8B00013FB04F404EB402000F58070401210708C
:10A8C00008681844086010BD2C4840687047294942
:10A8D0000120C1F800027047002809DB00F01F02C8
:10A8E000012191404009800000F1E020C0F80011F2
:10A8F000704700280DDB00F01F0201219140400944
:10A90000800000F1E020C0F88011BFF34F8FBFF34B
:10A910006F8F7047002809DB00F01F020121914072
:10A920004009800000F1E020C0F88012704749071C
:10A93000090E002804DB00F1E02080F800147047C5
:10A9400000F00F0000F1E02080F8141D70470C4863
:10A95000001F00680A4A0D49121D1160704700006F
:10A9600000B0004004B500404081004044B10040C8
:10A9700008F501400080004040850040380000207C
:10A9800014050240F7C2FFFF6F0C01000100000137
:10A9900010B5EFF3108000F0010472B6FC48417866
:10A9A000491C41704078012801D108F081FD002C3C
:10A9B00000D162B610BD70B5F54CA07848B901253C
:10A9C000A570FFF7E5FF08F084FD20B1002008F036
:10A9D0004EFD002070BD4FF08040E570C0F804537C
:10A9E000F7E770B5EFF3108000F0010572B6E84CA0
:10A9F000607800B9FFDF6078401E6070607808B949
:10AA000008F05AFD002D00D162B670BDE04810B5C7
:10AA1000817821B10021C1708170FFF7E2FF002031
:10AA200010BD10B5044608F054FDD9498978084096
:10AA300000D001202060002010BD10B5FFF7A8FF56
:10AA400008F047FD02220123D149540728B1D1481B
:10AA5000026023610320087202E00A72C4F8043322
:10AA60000020887110BD2DE9F84FDFF8249342785B
:10AA7000817889F80420002689F80510074689F8AE
:10AA800006600078DFF810B3354620B1012811D0F8
:10AA9000022811D0FFDF08F02EFD4FF0804498B15E
:10AAA00008F030FDB0420FD1304608F02FFD0028ED
:10AAB000FAD042E00126EEE7FFF76AFF5846016848
:10AAC000C907FCD00226E6E70120E060C4F8045183
:10AAD000B2490E600107D1F84412B04AC1F34231C5
:10AAE00024321160AD49343108604FF0020AC4F8D5
:10AAF00004A3A060AA480168C94341F3001101F111
:10AB00000108016841F01001016001E010F030F926
:10AB1000D4F804010028F9D0304608F0F7FC0028EA
:10AB2000FAD0B8F1000F04D19D48016821F010015E
:10AB30000160C4F808A3C4F8045199F805004E4612
:10AB400080B1387870B908F0C4FC804608F0CAFEBD
:10AB50006FF00042B8F1000F02D0C6E9032001E017
:10AB6000C6E90302DBF80000C00701D008F0ADFC25
:10AB7000387810B13572BDE8F88F4FF01808C4F876
:10AB800008830127A7614FF42070ADF8000000BFD3
:10AB9000BDF80000411EADF80010F9D2C4F80C5108
:10ABA000C4F810517A48C01D08F030FD3570FFF729
:10ABB00044FF67617949307920310860C4F8048323
:10ABC000D9E770B5050000D1FFDF4FF080424FF0AC
:10ABD000FF30C2F808030021C2F80011C2F80411C6
:10ABE000C2F80C11C2F81011694C617008F07DFCBC
:10ABF00010B10120A070607067480068C00701D0E4
:10AC000008F063FC2846BDE870402CE76048007AF5
:10AC1000002800D0012070472DE9F04F61484FF027
:10AC2000000A85B0D0F800B0D14657465D4A5E496B
:10AC3000083211608406D4F8080110B14FF0010801
:10AC400001E04FF0000808F0B4FC78B1D4F824011A
:10AC500000B101208246D4F81C0100B101208146D8
:10AC6000D4F8200108B1012700E00027D4F8000142
:10AC700000B101200490D4F8040100B10120039038
:10AC8000D4F80C0100B101200290D4F8100100B1F9
:10AC900001203F4D0190287800260090B8F1000F68
:10ACA00004D0C4F80861012008F0E1FBBAF1000FFC
:10ACB00004D0C4F82461092008F0D9FBB9F1000FD1
:10ACC00004D0C4F81C610A2008F0D1FB27B1C4F8F5
:10ACD00020610B2008F0CBFB2D48C01D08F09EFC26
:10ACE00000B1FFDFDFF8AC800498012780B1C4F821
:10ACF0000873E87818B1EE70002008F0B8FB287AE5
:10AD0000022805D1032028720221C8F8001027610B
:10AD1000039808B1C4F80461029850B1C4F80C61FA
:10AD2000287A032800D0FFDFC8F800602F72FFF7F1
:10AD300058FE019838B1C4F81061287A012801D171
:10AD400000F05CF86761009838B12E70287A01280D
:10AD500001D1FFF772FEFFF744FE0D48C01D08F059
:10AD600073FC1049091DC1F800B005B0BDE8F08FB3
:10AD7000074810B5C01D08F051FC0549B0B10120CD
:10AD800008704FF0E021C1F80002BDE81040FFE577
:10AD900040000020340C00400C0400401805004026
:10ADA00010ED00E01005024001000001087A0128C2
:10ADB00001D1FFF742FEBDE81040244808F044BC32
:10ADC00070B5224CE41FA07808B908F075FB01208B
:10ADD0008507A861207A0026032809D1D5F80C013F
:10ADE00020B9002008F092FB0028F7D1C5F80C61CB
:10ADF00026724FF0FF30C5F8080370BD70B5134CD4
:10AE0000E41F6079F0B1012803D0A179401E81428E
:10AE100018DA08F05EFB054608F064FD6179012947
:10AE200002D9A179491CA1710DB1216900E0E16845
:10AE3000411A022902DA11F1020F06DC0DB120617C
:10AE400000E0E060BDE87040F7E570BD470000201D
:10AE5000374901200860704770B50D2000F049F8AF
:10AE6000344C0020C4F800010125C4F804530D201F
:10AE700000F050F825604FF0E0216014C1F80001A7
:10AE800070BD10B50D2000F034F82A480121416052
:10AE90000021C0F80011BDE810400D2000F03AB8C4
:10AEA000254810B504682449244808310860214920
:10AEB000D1F80001012804D0FFDF1F48001D046005
:10AEC00010BD1B48001D00680022C0B2C1F800215F
:10AED00008F05FFCF1E710B5164800BFD0F800118C
:10AEE0000029FBD0FFF7DCFFBDE810400D2000F08B
:10AEF00011B800280DDB00F01F020121914040092C
:10AF0000800000F1E020C0F88011BFF34F8FBFF345
:10AF10006F8F7047002809DB00F01F02012191406C
:10AF20004009800000F1E020C0F880127047000066
:10AF300004D5004000D0004010050240010000018F
:10AF40004FF0E0214FF00070C1F8800101F5C071B1
:10AF5000BFF34F8FBFF36F8FC1F80001394B8022D1
:10AF600083F8002441F8800C704700B502460420A5
:10AF7000354903E001EBC0031B792BB1401EC0B281
:10AF8000F8D2FFDFFF2000BD41F8302001EBC00107
:10AF900000224A718A7101220A7100BD2A4A0021E9
:10AFA00002EBC0000171704710B50446042800D3BD
:10AFB000FFDF254800EBC4042079012800D0FFDF23
:10AFC0006079A179401CC0B2814200D060714FF01D
:10AFD000E0214FF00070C1F8000210BD70B50425EB
:10AFE000194E1A4C16E0217806EBC1000279012AAD
:10AFF00008D1427983799A4204D04279827156F815
:10B00000310080472078401CC0B22070042801D352
:10B01000002020706D1EEDB2E5D270BD0C4810B559
:10B0200004680B490B4808310860064890F8000492
:10B030004009042800D0FFDFFFF7D0FF0448001DBF
:10B04000046010BD19E000E07805002054000020E5
:10B0500010050240010000010F4A12680D498A42A2
:10B060000CD118470C4A12680A4B9A4206D101B516
:10B0700008F00AFC08F0DDFEBDE801400749096858
:10B080000958084706480749054A064B704700001B
:10B0900000000000BEBAFECA5800002004000020D4
:10B0A000B00F0020B00F002070B50C46054600F030
:10B0B00045FB21462846BDE8704001F026BC000053
:10B0C000F8B51D46DDE906470E000AD005F03BF94C
:10B0D0002346FF1DBCB231462A46009404F059FDB8
:10B0E000F8BDD0192246194602F023F92046F8BDD2
:10B0F00070B50D4604461022002102F044F9258166
:10B1000017206081A07B40F00A00A07370BD4FF64D
:10B11000FF720A800146022008F000BE70470089D5
:10B120007047827BD30701D1920703D480890880BE
:10B130000020704705207047827B920700D58181EF
:10B14000704701460020098841F6FE52114200D0A6
:10B150000120704700B50346807BC00701D0052061
:10B1600000BD59811846FFF7ECFFC00703D0987B5C
:10B1700040F004009873987B40F001009873002021
:10B1800000BD827B520700D509B140897047172066
:10B190007047827B61F3C302827370472DE9FC5FC5
:10B1A0000E46044601789646012000FA01F14DF65C
:10B1B000FF5201EA020962684FF6FF7B1188594588
:10B1C00002D10920BDE8FC9FB9F1000F05D041F67E
:10B1D000FE55294201D00120F4E741EA090111801E
:10B1E0001D0014D000232B7094F800C00521032209
:10B1F0001F464FF0020ABCF10E0F76D2DFE80CF0CA
:10B20000F909252F47646B77479193B4D1D804206F
:10B21000D8E7616820898B7B9B0767D517284AD3BD
:10B220000B89834247D38989172901D3814242D1AF
:10B2300085F800A0A5F80100328061688881606807
:10B24000817B21F002018173C6E0042028702089EF
:10B25000A5F801006089A5F803003180BCE0208AD0
:10B260003188C01D1FFA80F8414524D3062028707C
:10B270002089A5F801006089A5F80300A089A5F838
:10B2800005000721208ACDE90001636941E00CF047
:10B29000FF00082810D0082028702089A5F8010098
:10B2A0006089A5F8030031806A1D694604F10C002D
:10B2B00006F0BBFC10B15EE01020EDE730889DF891
:10B2C00000100844308087E00A2028702089A5F803
:10B2D0000100328044E00C2028702089A5F801008C
:10B2E0006089A5F8030031803AE082E064E02189BA
:10B2F000338800EB41021FFA82F843453BD3B8F193
:10B30000050F38D30E222A700BEA4101CDE9001057
:10B31000E36860882A467146FFF7D2FEA6F80080EF
:10B320005AE04020287060893188C01C1FFA80F8DC
:10B33000414520D32878714620F03F001230287014
:10B340002089A5F801006089CDE9000260882A46BD
:10B35000E368FFF7B5FEA6F80080287840063BD4E6
:10B3600061682089888037E0A0893288401D1FFAF3
:10B3700080F8424501D204273DE01620287020893C
:10B38000A5F801006089A5F80300A089CDE90001B6
:10B3900060882A4671462369FFF792FEA6F800806E
:10B3A000DEE718202870207A6870A6F800A013E065
:10B3B00061680A88920401D405271CE0C9882289A3
:10B3C000914201D0062716E01E2129703080606866
:10B3D000018821F400510180B9F1000F0BD0618880
:10B3E00078230022022008F0EFFB61682078887043
:10B3F00006E0338003276068018821EA09010180A3
:10B400003846DFE62DE9FF4F85B01746129C0D0048
:10B410001E461CD03078C10703D000F03F00192829
:10B4200001D9012100E000212046FFF7AAFEA84231
:10B430000DD32088A0F57F41FF3908D03078410630
:10B4400001D4000605D5082009B0BDE8F08F07201B
:10B45000FAE700208DF800008DF8010030786B1EAF
:10B4600000F03F0C0121A81E4FF0050A4FF0020921
:10B470004FF0030B9AB2BCF1200F75D2DFE80CF04D
:10B480008B10745E7468748C749C74B574BA74C8D0
:10B4900074D474E1747474F174EF74EE74ED748B9D
:10B4A000052D78D18DF80090A0788DF80400708873
:10B4B000ADF8060030798DF80100707800F03F009B
:10B4C0000C2829D00ADCA0F10200092863D2DFE8A9
:10B4D00000F0126215621A621D622000122824D048
:10B4E00004DC0E281BD01028DBD11BE016281FD04F
:10B4F0001828D6D11FE02078800701E02078400787
:10B50000002848DAEEE020780007F9E72078C00646
:10B51000F6E720788006F3E720784006F0E7207809
:10B520000006EDE72088C005EAE720884005E7E748
:10B5300020880005E4E72088C004E1E72078800740
:10B5400029D5032D27D18DF800B0B6F8010081E090
:10B55000217849071FD5062D1DD381B270780128A7
:10B5600003D0022817D102E0C9E0022000E0102039
:10B5700004228DF8002072788DF80420801CB1FB25
:10B58000F0F2ADF8062092B242438A4203D103970B
:10B59000ADF80890A6E079E02078000776D598B25B
:10B5A00082088DF800A0ADF80420B0EB820F6DD1B9
:10B5B0000297ADF8061095E02178C90666D5022DF0
:10B5C00064D381B206208DF80000707802285DD324
:10B5D000B1FBF0F28DF80400ADF8062092B24243C0
:10B5E0008A4253D1ADF808907BE0207880064DD593
:10B5F000072003E0207840067FD508208DF8000062
:10B60000A088ADF80400ADF80620ADF8081068E099
:10B610002078000671D50920ADF804208DF80000CF
:10B62000ADF8061002975DE02188C90565D5022DA9
:10B6300063D381B20A208DF80000707804285CD3AF
:10B64000C6E72088400558D5012D56D10B208DF82E
:10B650000000A088ADF8040044E021E026E016E0F8
:10B66000FFE72088000548D5052D46D30C208DF82E
:10B670000000A088ADF80400B6F803006D1FADF817
:10B680000850ADF80600ADF80AA02AE035E02088A1
:10B69000C00432D5012D30D10D208DF8000021E0FD
:10B6A0002088800429D4B6F80100E080A07B000740
:10B6B00023D5032D21D3307800F03F001B2818D06C
:10B6C0000F208DF80000208840F40050A4F80000FE
:10B6D000B6F80100ADF80400ED1EADF80650ADF867
:10B6E00008B0039769460598F9F7B8FA050008D03D
:10B6F00016E00E208DF80000EAE7072510E0082587
:10B700000EE0307800F03F001B2809D01D2807D03C
:10B710000220059908F002FB208800F400502080E8
:10B72000A07B400708D52046FFF70BFDC00703D1DB
:10B73000A07B20F00400A073284685E61FB50228F0
:10B7400006D101208DF8000088B26946F9F786FA23
:10B750001FBD0000F8B51D46DDE906470E000AD002
:10B7600004F0F1FD2346FF1DBCB231462A46009489
:10B7700004F00FFAF8BDD0192246194601F0D9FDA0
:10B780002046F8BD2DE9FF4F8DB09B46DDE91B57E4
:10B79000DDF87CA00C46082B05D0E06901F0FEF82E
:10B7A00050B11020D2E02888092140F010002880F4
:10B7B0008AF80010022617E0E16901208871E26929
:10B7C0004FF420519180E1698872E06942F60101ED
:10B7D0000181E069002181732888112140F0200057
:10B7E00028808AF80010042638780A900A203870D9
:10B7F0004FF0020904F118004D460C9001F0C6FB11
:10B80000B04681E0BBF1100F0ED1022D0CD0A9EB98
:10B810000800801C80B20221CDE9001005AB524621
:10B820001E990D98FFF796FFBDF816101A988142E1
:10B8300003D9F74800790F9004E003D10A9808B1C2
:10B8400038702FE04FF00201CDE900190DF1160319
:10B8500052461E990D98FFF77DFF1D980088401BEA
:10B86000801B83B2C6F1FF00984200D203461E99A6
:10B870000BA8D9B15FF00002DDF878C0CDE9032054
:10B8800009EB060189B2CDE901C10F980090BDF81E
:10B89000161000220D9801F00EFC387070B1C0B285
:10B8A000832807D0BDF8160020833AE00AEB09018F
:10B8B0008A19E1E7022011B0BDE8F08FBDF82C0035
:10B8C000811901F0FF08022D0DD09AF801204245A0
:10B8D00006D1BDF82010814207D0B8F1FF0F04D087
:10B8E0009AF801801FE08AF80180C9480068017851
:10B8F000052902D1BDF81610818009EB08001FFA56
:10B9000080F905EB080085B2DDE90C1005AB0F9A54
:10B9100001F03FFB28B91D980088411B4145BFF647
:10B9200071AF022D13D0BBF1100F0CD1A9EB0800A1
:10B93000801C81B20220CDE9000105AB52461E9960
:10B940000D98FFF707FF1D98058000203870002034
:10B95000B1E72DE9F8439C46089E13460027B26BD9
:10B960009AB3491F8CB2F18FA1F57F45FF3D05D0F9
:10B970005518AD882944891D8DB200E0002529198C
:10B98000B6F83C800831414520D82A44BCF8011063
:10B9900022F8021BBCF8031022F8021B984622F87A
:10B9A000024B914604F0BDFC4FF00C0C41464A4658
:10B9B0002346CDF800C004F0B8F8F587B16B00203D
:10B9C0002944A41D2144088003E001E0092700E088
:10B9D00083273846BDE8F88310B50B88848F9C42D6
:10B9E0000CD9846BE018048844B1848824F40044A2
:10B9F000A41D23440B801060002010BD0A2010BD40
:10BA00002DE9F0478AB00025904689468246ADF878
:10BA1000185007274BE0059806888088000446D414
:10BA2000A8F8006007A8019500970295CDE903509A
:10BA30004FF4007300223146504601F03CFB0400F5
:10BA40003CD1BDF81800ADF8200005980488818825
:10BA5000B44216D10A0414D401950295039521F439
:10BA600000410097049541F48043428821465046A6
:10BA700001F0BFF804000BD10598818841F4004122
:10BA8000818005AA08A94846FFF7A6FF0400DCD07C
:10BA90000097059802950195039504950188BDF8D6
:10BAA0001C300022504601F0A4F80A2C06D105AA49
:10BAB00006A94846FFF790FF0400ACD0ADF8185037
:10BAC00004E00598818821F40041818005AA06A937
:10BAD0004846FFF781FF0028F3D00A2C03D0204608
:10BAE0000AB0BDE8F0870020FAE710B50C46896B74
:10BAF00086B051B10C218DF80010A18FADF808105F
:10BB0000A16B01916946FAF75BF800204FF6FF71CF
:10BB1000A063E187A08706B010BD2DE9F0410D4676
:10BB20000746896B0020069E1446002911D0012B80
:10BB30000FD1324629463846FFF762FF002808D168
:10BB4000002C06D0324629463846BDE8F04100F0C8
:10BB500034BFBDE8F0812DE9FC411446DDE9087CE5
:10BB60000E46DDE90A15521DBCF800E092B296457A
:10BB700002D20720BDE8FC81ACF8002017222A7011
:10BB8000A5F80160A5F803300522CDE900423B4647
:10BB90002A46FFF7DFFD0020ECE770B50C4615469E
:10BBA00048220021204601F0EEFB04F1080044F891
:10BBB0001C0F00204FF6FF71E06161842084A58492
:10BBC0001720E08494F82A0040F00A0084F82A0044
:10BBD00070BD4FF6FF720A800146032008F09EB840
:10BBE00030B585B00C460546FFF77FFFA18E28468D
:10BBF00029B101218DF800106946F9F7E1FF002015
:10BC0000E0622063606305B030BDB0F8400070476B
:10BC10005C00002090F84620920703D440880880FA
:10BC20000020F4E70620F2E790F846209207EED5D0
:10BC3000A0F84410EBE70146002009880A0700D568
:10BC4000012011F0F00F01D040F00200CA0501D52B
:10BC500040F004008A0501D540F008004A0501D5EE
:10BC600040F010000905D2D540F02000CFE700B524
:10BC7000034690F84600C00701D0062000BDA3F897
:10BC800042101846FFF7D7FF10F03E0F05D093F88B
:10BC9000460040F0040083F8460013F8460F40F0D9
:10BCA00001001870002000BD90F84620520700D512
:10BCB00011B1B0F84200AAE71720A8E710F8462F04
:10BCC00061F3C3020270A2E72DE9FF4F9BB00E00A3
:10BCD000DDE92B34DDE92978289D24D02878C107B7
:10BCE00003D000F03F00192801D9012100E0002114
:10BCF0002046FFF7D9FFB04215D32878410600F05F
:10BD00003F010CD41E290CD0218811F47F6F0AD179
:10BD10003A8842B1A1F57F42FF3A04D001E01229EE
:10BD200001D1000602D504201FB0C5E5FA491D98CF
:10BD30004FF0000A08718DF818A08DF83CA00FAAEA
:10BD40000A60ADF81CA0ADF850A02978994601F022
:10BD50003F02701F5B1C04F1180C4FF0060E4FF0F1
:10BD6000040BCDF858C01F2A7ED2DFE802F07D7D9B
:10BD7000107D267DAC7DF47DF37DF27DF17DF47D3B
:10BD8000F07D7D7DEF7DEE7D7D7D7D7DED0094F808
:10BD90004610B5F80100890701D5032E02D08DF8B1
:10BDA00018B01EE34FF40061ADF85010608003211D
:10BDB0008DF83C10ADF84000D4E2052EEFD1B5F877
:10BDC00001002083ADF81C00B5F80310618308B1B1
:10BDD000884201D9012079E10020A07220814FF62C
:10BDE000FF702084169801F0D1F8052089F8000032
:10BDF0000220029083460AAB1D9A16991B9801F007
:10BE0000C8F890BB9DF82E00012804D0022089F8C4
:10BE10000100102003E0012089F8010002200590B4
:10BE2000002203A90BA805F000FFE8BB9DF80C0059
:10BE3000059981423DD13988801CA1EB0B018142DB
:10BE400037DB02990220CDE900010DF12A034A46B1
:10BE500041461B98FFF77EFC02980BF1020B801CF9
:10BE600081B217AA029101E09CE228E003A90BA885
:10BE700005F0DBFE02999DF80C00CDE9000117AB3F
:10BE80004A4641461B98FFF765FC9DF80C000AAB3B
:10BE90000BEB00011FFA81FB02991D9A084480B246
:10BEA000029016991B9800E003E001F072F8002858
:10BEB000B6D0BBF1020F02D0A7F800B04FE20A20C3
:10BEC0008DF818004BE200210391072EFFF467AFB5
:10BED000B5F801002083ADF81C00B5F8032062839B
:10BEE00000283FF477AF90423FF674AF0120A07274
:10BEF000B5F8050020810020A073E06900F04EFD38
:10BF000078B9E16901208871E2694FF4205191808C
:10BF1000E1698872E16942F601000881E069002167
:10BF20008173F01F20841E98606207206084169839
:10BF300001F02CF8072089F80000012004900290FD
:10BF40000020ADF82A0028E019E29FE135E1E5E0A4
:10BF500012E2A8E080E043E00298012814D0E069F2
:10BF60008079012803D1BDF82800ADF80E000498AF
:10BF700003ABCDE900B04A4641461B98FFF7EAFB08
:10BF80000498001D80B20490BDF82A00ADF80C00A2
:10BF9000ADF80E00059880B202900AAB1D9A169972
:10BFA0001B9800F0F6FF28B902983988001D05900B
:10BFB0008142D1D20298012881D0E069807901289C
:10BFC00003D1BDF82800ADF80E00049803ABCDE90D
:10BFD00000B04A4641461B98FFF7BCFB0298BDE102
:10BFE000072E02D0152E7FF4DAAEB5F801102183AA
:10BFF000ADF81C10B5F80320628300293FF4EAAEC7
:10C0000091423FF6E7AE0121A1724FF0000BA4F878
:10C0100008B084F80EB0052E07D0C0B2691DE269E1
:10C0200005F0E4FD00287FF44AAF4FF6FF7020844E
:10C0300001A906AA14A8CDF800B081E885032878E4
:10C04000214600F03F031D9A1B98FFF79BFB824699
:10C05000208BADF81C0082E10120032EC3D14021CA
:10C06000ADF85010B5F801102183ADF81C100AAAE4
:10C07000B8F1000F00D00023CDE9020304921D980F
:10C08000CDF80480009038880022401E83B21B98AF
:10C0900001F011F88DF8180090BB0B2089F8000012
:10C0A000BDF8280035E04FF0010C052E9BD1802013
:10C0B000ADF85000B5F801102183B5F803002084D5
:10C0C000ADF81C10B0F5007F03D907208DF81800DB
:10C0D00087E140F47C4222840CA8B8F1000F00D024
:10C0E0000023CDE90330CDE9018C1D9800903888FC
:10C0F000401E83B21B9800F0DEFF8DF8180018B1C7
:10C100008328A8D10220BFE00D2189F80010BDF8D6
:10C110003000401C22E100005C000020032E04D20D
:10C1200048067FF53CAE002018E1B5F80110ADF8E7
:10C130001C102878400602D58DF83CE002E007206C
:10C140008DF83C004FF000080320CDE902081E9B4B
:10C15000CDF810801D980193A6F1030B00901FFAF3
:10C160008BF342461B9800F044FD8DF818008DF8C3
:10C170003C80297849060DD52088C00506D5208B3E
:10C18000BDF81C10884201D1C4F8248040468DF8C7
:10C190001880E3E0832801D14FF0020A4FF4807049
:10C1A000ADF85000BDF81C002083A4F820B01E9804
:10C1B0006062032060841321CDE0052EFFF4EFAD13
:10C1C000B5F80110ADF81C10A28F6AB3A2F57F4339
:10C1D000FE3B29D008228DF83C2000BF4FF0000B19
:10C1E0000523CDE9023BDDF878C0CDF810B01D9AEB
:10C1F00080B2CDF804C040F400430092B5F80320AB
:10C200001B9800F0F6FC8DF83CB04FF400718DF8EF
:10C210001800ADF85010832810D0F8B1A18FA1F507
:10C220007F40FE3807D0DCE00B228DF83C204FF633
:10C23000FE72A287D2E7A4F83CB0D2E000942B466D
:10C2400031461E9A1B98FFF784FB8DF8180008B141
:10C2500083284BD1BDF81C00208353E700942B4664
:10C2600031461E9A1B98FFF774FB8DF81800E8BB47
:10C27000E18FA06B0844831D8DE888034388828882
:10C2800001881B98FFF767FC824668E095F80180FB
:10C29000022E70D15FEA080002D0B8F1010F6AD116
:10C2A00009208DF83C0007A800908DF84080434697
:10C2B000002221461B98FFF730FC8DF842004FF01A
:10C2C000000B8DF843B050B9B8F1010F12D0B8F19E
:10C2D000000F04D1A18FA1F57F40FF380AD0A08FB5
:10C2E00040B18DF83CB04FF4806000E037E0ADF82D
:10C2F00050000DE00FA91B98F9F762FC82468DF8FB
:10C300003CB04FF48060ADF85000BAF1020F06D097
:10C31000FC480068C07928B18DF8180027E0A4F81F
:10C32000188044E0BAF1000F03D081208DF8180086
:10C330003DE007A800904346012221461B98FFF7E5
:10C34000ECFB8DF8180021461B98FFF7CEFB9DF8FB
:10C35000180020B9192189F80010012038809DF8B3
:10C360003C0020B10FA91B98F9F72AFC8246BAF1CC
:10C37000000F33D01BE018E08DF818E031E0207892
:10C38000000712D5012E10D10A208DF83C00E0885C
:10C39000ADF8400003201B9907F0C0FC0820ADF861
:10C3A0005000C0E648067FF5FAAC4FF0040A20883A
:10C3B000BDF8501008432080BDF8500080050BD513
:10C3C000A18FA1F57F40FE3806D11E98E062289823
:10C3D0002063A6864FF0030A5046A5E49DF8180096
:10C3E00078B1012089F80000297889F80110BDF89A
:10C3F0001C10A9F802109DF8181089F804100520E7
:10C4000038802088BDF8501088432080E4E72DE96B
:10C41000FF4F8846087895B0012181404FF209000E
:10C42000249C0140ADF820102088DDF88890A0F50C
:10C430007F424FF0000AFF3A06D039B1000705D518
:10C44000012019B0BDE8F08F0820FAE7239E4FF0D5
:10C45000000B0EA886F800B018995D460988ADF863
:10C460003410A8498DF81CB0179A0A718DF838B0AD
:10C47000086098F8000001283BD0022809D0032862
:10C480006FD1307820F03F001D303070B8F80400D4
:10C49000E08098F800100320022904D1317821F0BF
:10C4A0003F011B31317094F84610090759D505AB8F
:10C4B000B9F1000F13D0002102AA82E80B00072077
:10C4C000CDE90009BDF83400B8F80410C01E83B2ED
:10C4D0000022159800F0EFFD0028D1D101E0F11CF9
:10C4E000EAE7B8F80400A6F80100BDF81400C01C83
:10C4F00004E198F805108DF81C1098F80400012844
:10C5000006D04FF4007A02282CD00328B8D16CE171
:10C510002188B8F8080011F40061ADF8201020D08F
:10C5200017281CD3B4F84010814218D3B4F8441033
:10C53000172901D3814212D1317821F03F01C91C62
:10C540003170A6F801000321ADF83410A4F84400BE
:10C5500094F8460020F0020084F8460065E10525C5
:10C560007EE177E1208808F1080700F4FE60ADF86D
:10C57000200010F0F00F1BD010F0C00F03D038884F
:10C58000228B9042EBD199B9B878C00710D0B96826
:10C590000720CDE902B1CDF804B00090CDF810B07D
:10C5A000FB88BA883988159800F023FB0028D6D17B
:10C5B0002398BDF82010401C80294ED006DC10299D
:10C5C0000DD020290BD0402987D124E0B1F5807F00
:10C5D0006ED051457ED0B1F5806F97D1DEE0C806B0
:10C5E00001D5082000E0102082460DA907AA0520E9
:10C5F000CDE902218DF83800ADF83CB0CDE90496C4
:10C6000008A93888CDE9000153460722214615982C
:10C61000FFF7B8F8A8E09DF81C2001214FF00A0AA6
:10C62000002A9BD105ABB9F1000F00D00020CDE965
:10C6300002100720CDE90009BDF834000493401E24
:10C6400083B2218B0022159800F035FD8DF81C0077
:10C650000B203070BDF8140020E09DF81C20012153
:10C660004FF00C0A002A22D113ABB9F1000F00D011
:10C670000020CDE902100720CDE900090493BDF8A0
:10C680003400228C401E83B2218B159800F013FDDC
:10C690008DF81C000D203070BDF84C00401CADF82A
:10C6A000340005208DF83800208BADF83C00BCE04C
:10C6B0003888218B88427FF452AF9DF81C004FF0E0
:10C6C000120A00281CD1606AA8B1B878C0073FF4EC
:10C6D00046AF00E018E0BA680720CDE902B2CDF815
:10C6E00004B00090CDF810B0FB88BA88159800F01F
:10C6F00080FA8DF81C00132030700120ADF8340052
:10C7000093E000005C0000203988208B8142D2D168
:10C710009DF81C004FF0160A0028A06B08D0E0B36B
:10C720004FF6FF7000215F46ADF808B0019027E09A
:10C7300068B1B978C907BED1E18F0DAB0844821D3D
:10C7400003968DE80C0243888288018809E0B87856
:10C75000C007BCD0BA680DAB03968DE80C02BB884D
:10C76000FA881598FFF7F7F905005ED0072D72D00B
:10C7700076E0019005AA02A92046FFF72DF90146AF
:10C78000E28FBDF80800824201D00029F1D0E08F8D
:10C79000A16B084407800198E08746E09DF81C00E3
:10C7A0004FF0180A40B1208BC8B138882083214649
:10C7B0001598FFF79AF938E004F118000090237EED
:10C7C000012221461598FFF7A8F98DF81C000028D2
:10C7D000EDD1192030700120ADF83400E7E70525D0
:10C7E00021461598FFF781F93AE0208800F400709F
:10C7F000ADF8200050452DD1A08FA0F57F41FE3926
:10C8000001D006252CE0D8F808004FF0160A48B1F0
:10C81000A063B8F80C10A1874FF6FF71E187A0F86C
:10C8200000B002E04FF6FF70A087BDF8200030F4A2
:10C830007F611AD0782300220320159907F0C4F9EC
:10C8400098F8000020712088BDF82010084320804F
:10C850000EE000E007252088BDF8201088432080E6
:10C86000208810F47F6F1CD03AE02188814321801A
:10C870009DF8380020B10EA91598F9F7A1F90546E1
:10C880009DF81C000028EBD086F801A00120307034
:10C89000208B70809DF81C0030710520ADF83400AD
:10C8A000DEE7A18EE1B118980DAB0088ADF8340039
:10C8B0002398CDE90304CDE90139206B0090E36AA8
:10C8C000179A1598FFF700FA054601208DF83800F1
:10C8D0000EA91598F9F774F900B10546A4F834B01B
:10C8E00094F8460040070AD52046FFF7A4F910F057
:10C8F0003E0F04D114F8460F20F004002070189861
:10C90000BDF83410018028469BE500B585B00328AA
:10C9100006D102208DF8000088B26946F9F750F977
:10C9200005B000BD10B5384C0B782268012B02D041
:10C93000022B2AD111E013780BB1052B01D104236E
:10C94000137023688A889A802268CB88D3802268F3
:10C950000B891381498951810DE08B88938022686E
:10C96000CB88D38022680B8913814B8953818B89B3
:10C970009381096911612168F9F722F92268002180
:10C980000228117003D0002800D0812010BD832020
:10C9900010BD806B002800D00120704781780129EC
:10C9A00009D10088B0F5205F03D042F6010188422A
:10C9B00001D10020704707207047F0B587B00024F0
:10C9C00015460E460746ADF8184011E00598008858
:10C9D000288005980194811DCDE902410721049426
:10C9E0000091838842880188384600F002F930B906
:10C9F00005AA06A93046FEF7EFFF0028E6D00A2870
:10CA000000D1002007B0F0BD5C00002010B58B788D
:10CA100083B102789A4205D10B885BB102E08B7931
:10CA2000091D4BB18B789A42F9D1B0F801300C88CE
:10CA3000A342F4D1002010BD812010BD072826D0CC
:10CA400012B1012A27D103E0497801F0070102E081
:10CA50004978C1F3C20105291DD2DFE801F00318AE
:10CA6000080C12000AB10320704702207047042806
:10CA70000DD250B10DE0052809D2801E022808D33E
:10CA800003E0062803D0032803D0052070470020C8
:10CA900070470F20704781207047C0B282060BD4C8
:10CAA000000607D5FA48807A4143C01D01EBD0004B
:10CAB00080B27047084670470020704770B51388F1
:10CAC0000B800B781C0625D5F14CA47A844204D83F
:10CAD00043F010000870002070BD956800F0070654
:10CAE00005EBD0052D78F54065F304130B70137832
:10CAF000D17803F0030341EA032140F20123B1FBA3
:10CB0000F3F503FB15119268E41D00FB012000EB17
:10CB1000D40070BD906870BD37B51446BDF80410E0
:10CB20001180117841F0040111709DF804100A067B
:10CB30001ED5D74AA368C1F30011927A824208D861
:10CB4000FE2811D1D21DD2084942184600F01BFC24
:10CB50000AE003EBD00200F00703012510789D40A6
:10CB6000A843994008431070207820F010002070EE
:10CB70003EBD2DE9F0410746C81C0E4620F00300DB
:10CB8000B04202D08620BDE8F081C14D002034467D
:10CB90002E60AF802881AA72E8801AE0E988491CDB
:10CBA000E980810614D4E17800F0030041EA002016
:10CBB00040F20121B0FBF1F201FB12012068FFF706
:10CBC0006CFF2989084480B22881381A3044A0605B
:10CBD0000C3420784107E1D40020D4E7AC4801228E
:10CBE0000189C08800EB400002EB8000084480B25D
:10CBF00070472DE9FF4F89B01646DDE9168A0F46CA
:10CC0000994623F44045084600F054FB040002D046
:10CC10002078400703D401200DB0BDE8F08F0998BB
:10CC200003F016FA02902078000606D59848817A1B
:10CC30000298814201D88720EEE7224601A9029896
:10CC4000FFF73CFF834600208DF80C004046B8F10A
:10CC5000070F1AD001222146FFF7F0FE0028DBD192
:10CC60002078400611D502208DF80C00ADF8107028
:10CC7000BDF80400ADF81200ADF814601898ADF8D6
:10CC80001650CDF81CA0ADF818005FEA094004D595
:10CC900000252E46A84601270CE02178E07801F017
:10CCA000030140EA012040F20121B0FBF1F280468D
:10CCB00001FB12875FEA494009D5B84507D1A17841
:10CCC000207901F0030140EA0120B04201D3BE42C5
:10CCD00001D90720A0E7A8191FFA80F9B94501D9A1
:10CCE0000D2099E79DF80C0028B103A90998F8F7E1
:10CCF00065FF002890D1B84507D1A0784FEA1921E7
:10CD000061F30100A07084F804901A9800B10580C6
:10CD1000199850EA0A0027D0199830B10BEB060099
:10CD20002A46199900F005FB0EE00BEB0608574662
:10CD3000189E099803F0F5FA2B46F61DB5B2394650
:10CD40004246009502F0F1FE224601A90298FFF743
:10CD5000B5FE9DF80400224620F010008DF8040076
:10CD6000DDE90110FFF7D8FE002055E72DE9FF4F60
:10CD7000DFF81C91824685B0B9F80610D9F800009A
:10CD800001EB410100EB810440F20120B2FBF0F124
:10CD9000174600FB1175DDE9138B4E4629460698B0
:10CDA000FFF77BFE0346FFF719FF1844B1880C30EC
:10CDB000884202D9842009B02FE70698C6B230060F
:10CDC00003D5B00601D50620F5E7B9F80620521CB8
:10CDD00092B2A9F80620BBF1000F01D0ABF80020F9
:10CDE000B00602D5C4F808800AE0B9F808201A4451
:10CDF00092B2A9F80820D9F80000891A0844A06066
:10CE00002246FE200699FFF787FEE77025712078FD
:10CE1000390A61F301002A0AA17840F0040062F3A4
:10CE20000101A17020709AF802006071BAF8000048
:10CE3000E08000252573300602D599F80A7000E0DD
:10CE40000127B00601D54FF000084E4600244FF0F0
:10CE500007090FE0CDE902580195CDF8009004953F
:10CE6000F1882046129B089AFFF7C3FE0028A2D142
:10CE7000641CE4B2BC42EDD300209CE700B5FFF790
:10CE8000ADFE03490C308A88904203D9842000BD4E
:10CE900098050020CA88086802EB420300EB830073
:10CEA000521C037823F004030370CA80002101732D
:10CEB0000846ECE72DE9F047804600F0FBF9070053
:10CEC00005D000264446F74D40F2012916E0012026
:10CED000BDE8F087204600F0EDF90278C17802F055
:10CEE000030241EA0222B2FBF9F309FB13210068B5
:10CEF000FFF7D3FD3044641C86B2A4B2E988601EFB
:10CF00008142E7DCA8F10100E8802889801B2881A4
:10CF100000203870DCE710B5144631B1491E21807D
:10CF200003F096F8A070002010BD012010BD70B570
:10CF30000446DC48C188036801E0401C208020884A
:10CF4000884207D200EB400213EB820202D0157830
:10CF50006D07F2D580B2884216D2AAB15079A0727C
:10CF6000D08820819178107901F0030140EA0120F6
:10CF7000A081A078E11CFFF7A1FD20612088401C62
:10CF80002080E080002070BD0A2070BD0121018258
:10CF900070472DE9FF4F85B04FF6FF798246A3F821
:10CFA000009048681E460D4680788DF80600486857
:10CFB0000088ADF8040000208DF80A00088A0C886B
:10CFC000A04200D304462C8251E03878400708D4B0
:10CFD000641C288AA4B2401C288208F10100C0B257
:10CFE00046E0288A401C2882781D6968FFF70EFDFC
:10CFF000D8BB3188494501D1601E30803188A1EB12
:10D00000080030806888A04238D3B878397900F0B9
:10D01000030041EA002801A9781DFFF7F7FC20BBB7
:10D02000298949452ED0002239460798FFF706FD89
:10D03000D8B92989414518D1E9680391B5F80AC0E2
:10D04000D7F808B05046CDF800C003F06AF9DDF813
:10D0500000C05A460CF1070C1FFA8CFC434603999A
:10D06000CDF800C002F02BFD60B1641CA4B200201A
:10D070008046204600F01EF90700A6D1641E2C82CF
:10D080000A2098E674807879B071F888B080397891
:10D09000F87801F0030140EA01207081A6F80C80C5
:10D0A000504602F0D5FF3A4606F10801FFF706FDAB
:10D0B000306100207FE62DE9FF4F87B081461C4696
:10D0C0009246DDF860B0DDF85480089800F0F2F880
:10D0D000050002D02878400702D401200BB09CE55F
:10D0E000484602F0B5FF2978090605D56D49897AC9
:10D0F000814201D88720F1E7CAF309062A4601A92F
:10D10000FFF7DCFC0746149807281CD000222946AC
:10D11000FFF794FC0028E1D12878400613D50120C0
:10D120008DF808000898ADF80C00BDF80400ADF8C3
:10D130000E00ADF81060ADF8124002A94846F8F7AD
:10D140003DFD0028CAD12978E87801F0030140EAC2
:10D150000121AA78287902F0030240EA022056450C
:10D1600007D0B1F5007F04D9611E814201DD0B209B
:10D17000B4E7864201D90720B0E7801B85B2A542FB
:10D1800000D92546BBF1000F01D0ABF8005017982D
:10D1900018B1B9192A4600F0CCF8B8F1000F0DD03B
:10D1A0003E4448464446169F03F0CDF82146FF1DF5
:10D1B000BCB232462B46009402F0EBFC00208DE717
:10D1C0002DE9F04107461D461646084600F072F864
:10D1D000040002D02078400701D40120D3E438466F
:10D1E00002F036FF2178090605D52E49897A814259
:10D1F00001D88720C7E422463146FFF75FFC65B1BE
:10D200002178E07801F0030140EA0120B0F5007FC9
:10D2100001D8012000E0002028700020B3E42DE9AF
:10D22000F04107461D461646084600F043F8040044
:10D2300002D02078400701D40120A4E4384602F04F
:10D2400007FF2178090605D51649897A814201D858
:10D25000872098E422463146FFF75EFCFF2D14D06C
:10D260002178E07801F0030240EA022040F2012236
:10D27000B0FBF2F302FB130015B900F2012080B2FB
:10D28000E070000A60F30101217000207BE410B51A
:10D290000C4600F00FF810B10178490704D40120C2
:10D2A00010BD000098050020C18821804079A07041
:10D2B0000020F5E70749CA88824209D340B10968CE
:10D2C00000EB40006FF00B0202EB80000844704757
:10D2D000002070479805002070B504460D46214691
:10D2E0002B460AB9002070BD01E0491C5B1C501E92
:10D2F000021E03D008781E78B042F6D008781E7857
:10D30000801BF0E730B50C4601462346051B9542CD
:10D3100006D202E0521E9D5C8D54002AFAD107E02D
:10D3200004E01D780D70491C5B1C521E002AF8D1C8
:10D3300030BDF0B50E460146334680EA030404F0E2
:10D340000304B4B906E002B9F0BD13F8017B01F89B
:10D35000017B521E01F00307002FF4D10C461D463D
:10D3600002E080CD80C4121F042AFAD221462B4647
:10D3700000BF04E013F8014B01F8014B521E002AD4
:10D38000F8D100BFE0E7F0B50C460146E6B204E094
:10D3900002B9F0BD01F8016B521E01F00307002F26
:10D3A000F6D10B46E5B245EA052545EA054501E01B
:10D3B00020C3121F042AFBD2194602E001F8016BB8
:10D3C000521E002AFAD100BFE3E710B506F0F7FEBF
:10D3D000FAF792F906F09CFDBDE8104006F02EBE6B
:10D3E000202801D2012070470020704701224FF011
:10D3F000A043824011B1C3F80C257047C3F808253B
:10D4000070474FF0A04101228240C1F818257047B3
:10D4100070B50346002002466FF02F050EE09C5CBD
:10D42000A4F130060A2E02D34FF0FF3070BD00EB9E
:10D43000800005EB4000521C2044D2B28A42EED359
:10D4400070BD30B50A230BE0B0FBF3F403FB14040A
:10D45000B0FBF3F08D183034521E05F8014CD2B2F7
:10D46000002AF1D130BD30B500234FF6FF7510E032
:10D47000040A44EA002084B2C85C6040C0F303148C
:10D48000604005EA00344440E0B25B1C84EA40108E
:10D490009BB29342ECD330BDF94A137882F88B30BB
:10D4A000A2F88C0082F88A10012082F8880092F895
:10D4B000640008B192F8600082F88E00704710B5E1
:10D4C0000B46114658B11846FFF7E6FFED48806855
:10D4D000008802F026FFBDE8104002F0CDBBBDE899
:10D4E00010404FF6FF70D7E770B50026044646702F
:10D4F000E44D1120207029682022A01C6831FFF71C
:10D5000018FF0121A171286800F8666F8078002853
:10D5100011D1DB48B0F86A20A0F89220AA68537BAA
:10D5200080F8943080F89010108802F0FAFEBDE880
:10D53000704002F0B0BB70BD70B5D24D296891F853
:10D5400096200024012A11D091F89020012A1CD0A5
:10D5500091F86620012A22D091F88820012A21D052
:10D5600091F8A020012A2ED0002070BD447017220F
:10D57000027051F8972FC0F802204A68C0F80620C0
:10D580000A7A827201F8014C1BE044700522027095
:10D59000D1F89220C0F8022081F8904011E0FFF706
:10D5A000A3FF0EE091F86620012AF8D044701422FF
:10D5B000027051F88A2FC0F802208A88C28001F8D0
:10D5C000024C012070BD44701A2200F8022B222266
:10D5D000A131FFF7AEFE286880F8A040F1E7A94826
:10D5E000006890F8661011B1B0F86A0070474FF605
:10D5F000FF70704770B5A34C206800B9FFDF20684A
:10D60000417811B10C25284670BD0025C422294659
:10D61000FFF7B9FE2168FF2008707F2081F83700EE
:10D6200013204884282081F86500012081F85C00DF
:10D63000002081F85F0007F0AFF906F091FCE2E707
:10D6400070B5904C0546206800B9FFDF21680020C6
:10D6500048706560FFF7CEFF002800D0FFDF70BD87
:10D66000884909680978814201D10120704700206A
:10D670007047844800B5016891F82400498CC0F3D4
:10D680008002C0F340031A4400F001001044132943
:10D6900015D004DC102909D0122904D10FE0152976
:10D6A00008D01D2904D0FFDF002000BD764903E02B
:10D6B000764800BD7449083131F8100000BD724948
:10D6C0000839F9E76F4840F271210068806A4843E1
:10D6D00070476C48006890F83600002800D00120A0
:10D6E000704710B5664C207B00F074FD40B1207D82
:10D6F00004F115010BF034FB082801D0012010BD06
:10D70000207B30B1022804D00120BDE8104007F092
:10D71000A6BC0020F9E75A490873704759490968BF
:10D7200081F83000704770B50646554890F82D00D6
:10D730000BF0A4FA050018D010210BF076FD00289C
:10D7400013D1504C012032462168C87628461C313E
:10D7500007F092FCD4E900101C310BF0BFFF6068A9
:10D76000BDE8704001210BF0C8BF70BD2DE9F0414C
:10D77000434C074694F82D000BF0FDFA064694F84A
:10D780002F0004F10E0528B126B194F82D000BF0FE
:10D7900018FAA0B194F83000002824D094F82E0094
:10D7A000002820D0607B294600F025FDA8B10BF0B1
:10D7B0008AFB3A462946BDE8F04107F05DBC0120EE
:10D7C00060733A462946304607F056FC94F82D100F
:10D7D0002846BDE8F0410BF065BB39462846BDE858
:10D7E000F04107F07EBCBDE8F08170B5254C2168A2
:10D7F000087BB0B1022814D0012048730E3107F025
:10D8000018FC2068007B00F0E5FC216881F82F00FF
:10D81000082081F82D00487B0E3100F0E3FC40B970
:10D8200001E00020E9E72168487B0E3100F0E3FCCD
:10D8300000B10120216881F82E0091F82F0018B95D
:10D8400091F82200400706D5087D15310BF088FAC3
:10D85000216881F82D0020680025456004F0ADFDA9
:10D86000216888600020FFF781FF2068C57690F866
:10D87000220040070CD5BDE87040002053E70000AF
:10D88000A405002064000020A0B101008F891300CE
:10D8900070BDFB4A1268137B0370D2F80E0008605B
:10D8A000508A8880704778B5F6490446F44D407B2D
:10D8B00008732A68207810706088ADF8000080B284
:10D8C00000F00101C0F3400341EA4301C0F38003CB
:10D8D00041EA8301C0F3C00341EAC301C0F300136E
:10D8E00041EA0311C0F3401341EA4311C0F3801031
:10D8F00041EA80105084E07D012825D0022825D0FF
:10D90000FFDF286880F85E60217B80F82410418C5E
:10D910001D291DD061688162617D80F83610A17B70
:10D92000C1B1022916D00121017554F80F1FC0F8AA
:10D930001510A188A0F81910217B012900D0002121
:10D9400080F83410002078BD0126DAE70226D8E7F7
:10D950000021E0E70021E7E7C948006890F82200CD
:10D96000C0F38000704700B5FFF7F6FF08B1002054
:10D9700000BD1F2000BD00B5FFF7F5FF002800D057
:10D98000012000BDBE49002209680A664B8C1D2B90
:10D9900002D081F86400704781F864207047B84A6B
:10D9A0000023126882F85D3042F84C1F90800120FD
:10D9B00050747047B24A0023126882F85C30A2F8B3
:10D9C000580042F8541F012010727047AC49096892
:10D9D00081F835007047AA49096881F85F007047EF
:10D9E000A748006890F95F007047A548006890F864
:10D9F000220000F001007047A148006890F8220062
:10DA0000C0F340007047002070479D48006890F8C0
:10DA10002200C0F3C000704701207047012070470A
:10DA20000120704770B500F0FAFB954C2068016E3C
:10DA3000491C016690F83300002530B106F0ACFFB8
:10DA400006F08EFA206880F833502068457090F810
:10DA5000381009B102201AE090F86410B1B1006EDC
:10DA6000814213D8022007F095FF206890F8220029
:10DA7000C00704D0A06843220188012003E04322AC
:10DA80004FF6FF710020BDE8704018E50020BDE8AA
:10DA9000704007F07FBF10B501280DD002280DD0CF
:10DAA00004280FD0FFDF7648006890F85E10BDE8CC
:10DAB0001040252006F0FEBB252000E0262006F0C1
:10DAC000D3FCF0E72720FAE702460020D30701D075
:10DAD000CB0705D0930705D58B0703D402207047E9
:10DAE000012070475207FCD54907FAD4042070473B
:10DAF0002DE9F041624C86B0206800B9FFDF206854
:10DB00004178E9BB0178FF2942D0002580F83150E7
:10DB1000A0F85A50857080F83850284606F09EFECE
:10DB2000182259496846FFF704FC684606F08AFE49
:10DB300006F0CCFB206890F95F0006F085FC5248A7
:10DB40001D3806F087FC5048203806F06CFE6068EF
:10DB500006F087FE2068002190F82400FFF7B4FF4C
:10DB6000FFF799FF206880F82C5006F071FE2068BE
:10DB700090F85E10002006F030FD0F21052000E037
:10DB800006E006F038FC206890F82E1051B902E04B
:10DB90000C2006B027E690F82F1019B990F8220053
:10DBA00040072BD504F009FC804620684146806878
:10DBB00005F004F9354F064690FBF7F007FB1060BF
:10DBC0004142404604F0CDF82168886096FBF7F0AA
:10DBD0004A68104448600BF0BFF821684A689042D8
:10DBE0000CD8C1E901580120FFF7C0FD206890F86A
:10DBF0002200400702D50120FFF795FD2068417BF8
:10DC00000E3006F0EAFB206890F85C1039B1B0F8ED
:10DC10005810A0F84810416D416480F85C5090F8AD
:10DC20005D1041B1B0F85010A0F84010C16C40F840
:10DC30003C1F80F821500BF0FCF8032160680BF0CA
:10DC40002FF9216881F833000020A2E70C49886091
:10DC500070472DE9F0410A4C0746002620683146FE
:10DC6000C57E6068068000F0D1FA2068408C1328D9
:10DC700040D00DDC102861D012280DD15CE00000EE
:10DC800064000020A4050020B0B1010040420F0054
:10DC9000152838D01D2836D0FFDF00BF00F0CAFAA3
:10DCA0002068418C1D2907D0152905D0B0F84820DF
:10DCB000416C60680BF028FD206890F82C1090F8FB
:10DCC0002400FFF701FF05463FB1FFF7E4FE012204
:10DCD0004FF49671002006F01EFD206890F82C107D
:10DCE000294380F82C1090F824208A434FF001013A
:10DCF00029D02DE0002160680BF0C4FC0121606890
:10DD000000F084FACAE7012160680BF0BBFC012136
:10DD1000606800F07BFAD4E9001025B11C310BF0EB
:10DD2000DDFC012104E015310BF0D8FC2068017DF9
:10DD300060680BF0E2FCB1E7062100E002216068B8
:10DD40000BF0A0FCAAE7428C1D2A0BD080F8311002
:10DD50004170418C13290ED007DC10290AD01229FA
:10DD600007D108E080F82C60F2E7152903D01D29BF
:10DD700001D0FFDF37E590F85E20BDE8F0410121DA
:10DD8000084606F05ABEF84810B50068417841B917
:10DD90000078FF2805D00021084600F059FA00203D
:10DDA00010BD00F03CFA0C2010BD2DE9F041EE4D05
:10DDB0000446174628680E4690F8660000B1FFDF5B
:10DDC0002968002F81F868704ED12088A1F86A0078
:10DDD0006088A1F88000A088A1F88200E088A1F8FE
:10DDE000840094F88C0181F8860091F82F0020B10E
:10DDF000487B0E3100F0FFF940B9296891F83000F6
:10DE000060B1487B0E3100F0EDF938B12868D0F8E8
:10DE10000E104167418AA0F8781003E02868476730
:10DE2000A0F878706968FF2E0878C0F380106076DB
:10DE3000D1F80300C4F81A00B1F80710E18314D038
:10DE4000296801F16E02C1F87A00E08BA1F87E002A
:10DE500030466D310AF099FF00B9FFDF286810F8ED
:10DE60006D1F41F002010170BDE42868C0F87A70AE
:10DE7000A0F87E70617E80F86D10D4F81A1040F81A
:10DE80006E1FE18B8180AEE470B5FFF7BEFDB64C2E
:10DE9000012538B13C22FF21A068FFF786FF2068EA
:10DEA00080F86650206890F82200C00704D0A0686F
:10DEB0003C220188012003E03C224FF6FF71002044
:10DEC000FFF7FDFA206880F8385070BDA649096850
:10DED00081F83200704770B5002507F0BAFC50B1E8
:10DEE000A14C20684178012908D0022901D00329DA
:10DEF00036D0FFDF70BDBDE8704093E58178002922
:10DF0000F8D1418C102913D090F8330020B106F0DD
:10DF100019F8402006F02DFD206890F822104907DE
:10DF200010D490F83610012904D0032902D002E061
:10DF3000002119E0102590F85E2045F00E01002028
:10DF400006F07BFD206890F8340008B106F054FD1F
:10DF50000021962006F0B1FC21680220487070BDB7
:10DF600081780029FBD18178BDE87040012000F064
:10DF70006FB957E510B57C4C206890F8340008B1B3
:10DF800000F07AF9206890F8330018B106F004FD2B
:10DF900005F0E6FF07F05DFC88B1206840780228B4
:10DFA00000D0FFDF0021012000F052F92068417805
:10DFB000002903D04078012800D0FFDF10BDBDE864
:10DFC00010402FE510B50AF0CBFE04460AF07DFFA5
:10DFD00038B120460AF052FE18B110210BF025F995
:10DFE00008B1002010BD012010BD2DE9F047DFF879
:10DFF00078910E460746032809D0FFF7F6FC044641
:10E00000D9F8000090F8320020B1012003E0FFF7BA
:10E01000F3FC04460020804606F018FA0546032F5C
:10E020002BD0012734EA080453D0D9F800004C461D
:10E0300090F8330068B10AF0E2FE30700146FF2824
:10E0400007D06068C01C0AF0B7FE30780AF0E1FE25
:10E05000054360680178C1F3801221680B7D9A4204
:10E0600005D10622C01C1531FFF736F938B1002062
:10E070003178FF290BD0D8B903E00227D2E701207D
:10E08000F6E7206890F82D00884211D008E038B1FA
:10E09000616811F8030BC0F38010FFF793FF38B1EC
:10E0A0000020216891F82210490703D5A0B910E09B
:10E0B0000120F6E785B92D4890F8360008B1B8423E
:10E0C00007D1616811F8030BC0F38010FFF77AFFE6
:10E0D00010B10020BDE8F0870120FBE7F8B5224C25
:10E0E0000746002520684078022800D0FFDF20681E
:10E0F00090F8340008B100F0BFF860680BF0E4FA63
:10E1000006460FB306F073F9F0B1052E1DD1606815
:10E1100090F8240000F01F00102816D9206890F80D
:10E12000350090B1FF208DF80000012569460520DB
:10E13000FFF75BFF40B1206880F8A05061682222A1
:10E14000A130C91CFFF7F5F815E060680BF0FCFA88
:10E1500088B1062E0FD2DFE806F00E0E0E030E0B6E
:10E1600000F0CDF806E0000064000020A4050020C7
:10E1700000F091F800B90125206890F8330018B13B
:10E1800006F00AFC05F0ECFE1DB10021012000F0B4
:10E190005FF820684178002906D04178012903D032
:10E1A0004078032800D0FFDFF8BD70B59F4E0546CC
:10E1B0000C463068807800280BD106F02FF8034613
:10E1C0003068214690F85E202846BDE8704007F090
:10E1D000C1BD70BD022803D0032801D000207047C4
:10E1E00001207047012802D14879800901D0002020
:10E1F000704701207047012806D148790121B1EB11
:10E20000901F01D101207047002070470278202321
:10E2100022F0200203EA41110A430270704710B550
:10E2200006F09AFB06F079FB06F0C8FABDE810404C
:10E2300006F0FFBA10B57D4C7D4960680BF048FAD6
:10E240007B480E38417B6068BDE810400BF04CBA4B
:10E25000764A10B5126892F831303BB1508C1D28C7
:10E2600000D1FFDFBDE81040FFF7DCBB002902D181
:10E27000BDE81040EDE410BD10B56C4C206837309F
:10E2800006F0C5FB18B921687F2081F83700BDE88A
:10E29000104006F0A7BB38B5FF208DF8000001251F
:10E2A00069460520FFF7A1FE30B3604C20688078F6
:10E2B00008BB6268A0681278417BC2F3401211402B
:10E2C0004173012100F04AF800229DF80010A06877
:10E2D000FFF76BFD2068012100F8661F82788188B6
:10E2E0000120FFF7ECF8216800204870FFF797FF46
:10E2F000012007F04FFB00E00025284638BD38B567
:10E30000FF208DF80000012569460320FFF76DFE10
:10E31000464C002820681CD090F8341031B190F899
:10E32000960018B99DF8000000F04CF860680021D4
:10E33000018004210BF0A6F9FFF77CFF2068B0F8FC
:10E340004020C16B60680BF0EFF921680320487032
:10E3500002E0807800B90025284638BD70B5334DFD
:10E360000446686850F80F2FC4F80E208288628235
:10E3700082792275C27962750289E282428962805D
:10E380008289A280C289E2800269A260027D227332
:10E39000427D02F01F022276407D400984F88C0104
:10E3A00084F8641084F86510002104F130000BF04B
:10E3B0002AFB286890F8651004F8661F90F85F0043
:10E3C000607070BD70B5194C0122216881F89620EB
:10E3D0000A7881F89720FF280DD001F19902983131
:10E3E0000AF0D3FC00B9FFDF206810F8981F41F055
:10E3F000020101700CE060680278C2F3801281F8BB
:10E400009820D0F8032041F8992FB0F807008880B1
:10E41000256895F837009F357F2800D1FFDF2068F9
:10E4200010F8371F29707F21017070BD6400002033
:10E43000B20500202DE9FC470C460646694600F06F
:10E4400010FF002860D1FFF7CAF8B0425CD0214627
:10E45000304608F0DEFF28BB019D95F82C01703591
:10E4600018B9287F08B1012000E00020814695F806
:10E4700039004FF000084FF0010AA0B195F83A00BA
:10E48000800710D584F8018084F800A084F8028009
:10E49000A68095F83B10A171A98F2181E98F618138
:10E4A00085F839802DE0304601F04DFF070000D19E
:10E4B000FFDF384601F06DF940B184F801800D218D
:10E4C0002170A680E08084F802A01AE0304601F0B6
:10E4D00028FF070000D1FFDFB9F1000F14D0384644
:10E4E00001F0AFF980B1304606F01EFD84F80180DE
:10E4F0000A21217084F80280A680697FA17185F8C5
:10E500001C800120BDE8FC870020FBE71CB56946A4
:10E5100000F0A7FE00B1FFDF684600F0AFFEF9494A
:10E5200000208968A1F8F2001CBD2DE9FC410446D9
:10E530000E46062001F06EFD00250746A84606445B
:10E5400017E02088401C80B22080B04202D34046B1
:10E55000A4F8008080B2B84204D3B04202D20020B6
:10E56000BDE8FC81694600F07CFE0028F8D06D1CF7
:10E57000EDB2AE42E5D84FF6FF7020801220EFE7F3
:10E5800010B506F043FD0AF026FBDF484FF6FF7199
:10E5900000234182818203701B2141804FF4A472C9
:10E5A0008280C180028103228275C2758272042436
:10E5B000C4728181C1810282837610BD70B5D14C55
:10E5C0000D466060217006F0ADFC00F063FEFFF7C1
:10E5D000D7FF207809F09EFD284607F04DFACA487B
:10E5E0002838FFF72DF82178606808F0F6FFBDE8BD
:10E5F00070400AF0F0BA10B501240AB1002010BD35
:10E6000021B1012903D00024204610BD02210BF0C6
:10E61000CBF8F9E7887800B90320C97801B903215C
:10E62000107019700020704730B587B0044600881C
:10E63000694600F016FE002806D1A08830B10128F6
:10E6400004D0022802D0122007B030BD05AB04AAC6
:10E6500021466846FFF7DEFF0400F5D1019901204D
:10E6600081F8C501019991F81012002539B9019975
:10E6700091F8C41119B9019991F8971009B13A2488
:10E6800015E00199039581F8C40101989DF81020C7
:10E6900080F8C621019B9DF8140083F8C7018DF80E
:10E6A0000C208DF80D0003AA01200AF0F4FE019859
:10E6B00080F8C5512046C7E710B504460020A17870
:10E6C00001B90120E2780AB940F0020000F0F6FD3D
:10E6D000002803D12046BDE81040A5E710BD70B565
:10E6E0000D4604460189002380880AF0C9FE696A44
:10E6F00081421DD2401A401CA1884008091A8AB2E2
:10E70000A2802189081A2081668895F86410104635
:10E710000AF08DFE864200D230466080E68895F889
:10E72000651020890AF083FE864200D23046E080E0
:10E7300070BDF0B585B00D46064603A900F091FD09
:10E7400000282AD104990022FB20B1F84E30FB2B7F
:10E7500000D30346B1F85040FB20FB2C00D3044605
:10E76000DFF8A8C19CE8811000900197CDF808C09F
:10E77000ADF80230ADF806406846FFF7B0FF6E8096
:10E78000BDF80400E880BDF808006881BDF802000B
:10E79000A880BDF806002881002005B0F0BD2DE955
:10E7A000F04186B004460088694600F05AFD002812
:10E7B00059D12189E08800F09BFD002853D1A18820
:10E7C000608800F095FD00284DD12189E08800F097
:10E7D00085FD002847D1A188608800F07FFD0600F4
:10E7E00041D1208802A9FFF7A4FF00B1FFDFBDF8E7
:10E7F000101062880920914235D3BDF80C10E288D0
:10E80000914230D3BDF81210BDF80E202389114477
:10E81000A2881A44914226D3019D01274FF0000897
:10E8200085F8BB71019890F8FC0105F5DD7508B11C
:10E830003A2615E0E08868806088E880218940F603
:10E840004800814200D30146A980A188814200D2BC
:10E8500008462881002228460199FFF740FF2F70C3
:10E8600085F80180304606B0BDE8F08197E710B525
:10E870000446FEF761FE002813D0207814280FD13B
:10E88000A07868B1A088062101F018FC40B100888A
:10E8900006F04AFBA088062101F022FC00B1FFDF50
:10E8A000012010BD2DE9F041060000D1FFDF164820
:10E8B000022114308046FFF738FE00B1FFDF124C12
:10E8C0000620A78A01F0A6FB0546A08AA84203D12C
:10E8D0003046FFF7CCFF20B9A08A3146FFF7AAFDEA
:10E8E00030B1304600F012FD0028EED10120BBE728
:10E8F00002214046FFF719FE10B9A08AB842E4D1C0
:10E900000020B1E77000002090060020C8B101008F
:10E9100010B500F083FC08B10C2010BD0AF096F988
:10E92000002010BD10B50446007818B1012801D0B0
:10E93000122010BD00F07DFC20B10AF0FDF908B1F5
:10E940000C2010BD207800F053FCE21D04F11703E9
:10E95000611CBDE810400AF09BB910B5044600F0F8
:10E960005DFC08B10C2010BD207818B1012801D041
:10E97000122010BD00F03CFC611C0AF041F908B106
:10E98000002010BD072010BD10B50AF0D9F908B15C
:10E99000002010BD302010BD10B5044600F049FC29
:10E9A00008B10C2010BD20460AF0C2F9002010BDAD
:10E9B00010B500F03EFC20B10AF0BEF908B10C2001
:10E9C00010BD0AF0A7F9002010BDFF2181704FF69D
:10E9D000FF718180F84949680A7882718A880281CA
:10E9E0004988418101214170002070471CB50024F5
:10E9F00012F1080F15D00CDC12F1280F11D012F112
:10EA0000140F0ED012F1100F0BD012F10C0F0CD10D
:10EA100007E012F1040F04D01AB1032A01D0042A2E
:10EA200003D1012804D0032806D0122420461CBD9F
:10EA30001046FEF7D0FFF9E708461446694600F095
:10EA400010FC08B10224F1E7019880F86740002427
:10EA5000ECE710B5134601220AF003FC002010BDBC
:10EA600010B5044600F0E5FB08B10C2010BD2146AE
:10EA7000002006F0CCFA002010BD10B5044607F0C7
:10EA800095F920B1207807F003F8002010BD0C2084
:10EA900010BD10B5044600F0CCFB08B10C2010BD31
:10EAA0002146012006F0B3FA002010BD38B5044617
:10EAB0004FF6FF70ADF80000A079E179884216D0DA
:10EAC0002079FEF78DFC90B16079FEF789FC70B17A
:10EAD0000022A07911460BF0DBFB40B90022E0795F
:10EAE00011460BF0D5FB10B9207A072801D9122066
:10EAF00038BD07F067F948B900216846FFF715FDF2
:10EB000020B1204605F0ADFB002038BD0C2038BDFB
:10EB10002DE9FC41817804461A2925D00EDC1629FE
:10EB20002DD2DFE801F02C2C2C2C2C212C2C2C2C81
:10EB30002C2C2C2C2C2C2C2C2C2121212A291ED0A5
:10EB40000BDCA1F11E010C2919D2DFE801F0181825
:10EB50001818181818181818180D3A3904290ED250
:10EB6000DFE801F00D020D022088B0F5706F06D2CB
:10EB70000127694600F075FB18B10220F0E412206D
:10EB8000EEE4019D68462E4605F5C87506F291161D
:10EB900000F05AFB08B1287808B10C20E0E42F708F
:10EBA000A0783070684600F069FB0020D8E41CB5FE
:10EBB0000C46694600F055FB002118B12160217117
:10EBC00002201CBD0198024610F1700080F842102E
:10EBD00093682360137B237190F84230002BF5D1AA
:10EBE00000201CBD10B5044600F023FB20B10AF044
:10EBF000A3F808B10C2010BD207800F0F9FAE279F2
:10EC0000611C0AF06EF908B1002010BD022010BD91
:10EC100010B5886E60B1002241F8682F0120CA71DA
:10EC2000897988400BF028FB002800D01F2010BDF8
:10EC30000C2010BD1CB50C46694600F012FB0028E4
:10EC400005D10198B0F87000401C208000201CBD48
:10EC50001CB504460088694600F003FB08B1022099
:10EC60001CBD606828B1DDE90001224600F09CFB74
:10EC70001CBDDDE90001FFF7CBFF1CBD10B500781E
:10EC8000012800D00020FEF7A1FE002010BDF0B545
:10EC900044888188C288038945898089A71F40F6F6
:10ECA0007B46B74215D28F1FB74212D28C4210D882
:10ECB000B2F5FA7F0DD2A3F10A04361FB44208D28E
:10ECC000521C4A43B2EB830F03DA854201D800207D
:10ECD000F0BD3020F0BDF8B515460E46044607F0ED
:10ECE00071F808B10C20F8BD204600F09CFB00280C
:10ECF000F9D1A078C1064FF01100F4D5E17D0329C8
:10ED0000F1D0FEF76DFE3070A07555B9FF208DF87B
:10ED1000000069460020FEF74DFE69460020FEF720
:10ED20003EFE2046BDE8F840FEF7BDBD0022D2E71A
:10ED30000078C10801D01220704720498876002051
:10ED4000704710B504460078C00704D1608810B140
:10ED5000FEF711FE80B12078618800F00102607832
:10ED600000F0ACFB002806D1FEF7FDFD01466088EF
:10ED7000884203D9072010BD122010BD6168FEF73C
:10ED800019FE002010BD10B504460078C00704D15C
:10ED9000608810B1FEF730FE90B12078618800F0F5
:10EDA0000102607800F08AFB002804D16088616865
:10EDB000FEF7F5FD002010BD700000209006002039
:10EDC0001220F8E77CB5044640784225012808D88F
:10EDD000A078FEF745FC20B120781225012802D04A
:10EDE00090B128467CBDFEF710FE20B1A088002817
:10EDF000F7D08028F5D8FEF70FFE60B160780028C4
:10EE0000EFD02078012808D006F07EF9044606F0FD
:10EE100009FE00287FD00C207CBDFEF762FC10B9F3
:10EE2000FEF7F1FD90B306F0CDFF0028F3D1FEF719
:10EE3000D6FBA0F57F41FF39EDD1FEF7D6FCA688C1
:10EE400042F210704643A079FEF79CFDFEF7CDFD1F
:10EE5000F8B10022062101A801F002F9040058D0FF
:10EE6000F7480021846020460AF01EF92046FEF78C
:10EE7000EDFEF44D04F13000AA89E989C2830184D2
:10EE8000FEF7CCFD60B1288A01210DE0FFE71220DA
:10EE90007CBD3146002006F0FEFD88B3FFDF44E074
:10EEA000FEF7BEFD0146288A06F090FE0146A062EC
:10EEB0000022204606F02BF9FEF7B0FD38B9FEF728
:10EEC000AFFD0246214601200AF0E3FAD0B1DD4A47
:10EED0002146163201200AF0DEFAE87A0090AB7A79
:10EEE000EA89A989208801F0A5F900B1FFDF20880F
:10EEF00006F019F83146204606F0CDFD00B1FFDFDF
:10EF000013E008E00621BDF8040001F0E9F800B1C3
:10EF1000FFDF09207CBD44B1208806F005F8208879
:10EF2000062101F0DDF800B1FFDF00207CBD0021EB
:10EF300048E770B50D46062101F0C0F8040003D083
:10EF400094F8930110B10AE0022070BD94F87D009E
:10EF5000142801D0152802D194F8E00108B10C2042
:10EF600070BD1022294604F5CA70FEF7E2F90120AF
:10EF700084F89301002070BD10B5062101F09EF8C1
:10EF800018B190F8931111B107E0022013E790F83F
:10EF90007D10142903D0152901D00C200BE7022184
:10EFA00080F89311002006E72DE9FC410D464BF651
:10EFB00080321221954213D895B1694600F051F97B
:10EFC00000280CD1019EB41C703627882A46394689
:10EFD00030460AF02AF82088B842F6D10020CDE564
:10EFE0000846CBE51CB504460088694600F039F9AF
:10EFF000002808D10199A378084691F82C20703197
:10F000009A4201D10C201CBD7F220A728A72002212
:10F01000CA72E17880F82D10217980F82E10A1783D
:10F0200080F82C1010461CBD1CB50C46694600F03B
:10F0300018F9002806D1019890F88C0000B1012041
:10F04000207000201CBD7CB50D461446694600F0BA
:10F0500008F9002805D1019890F82C00012801D06A
:10F060000C207CBD019890F87810297090F87900F8
:10F07000207000207CBD70B50D461646062101F0BB
:10F080001DF818B381880124C388428804EB410429
:10F09000AC4217D842F210746343A4106243B3FB2E
:10F0A000F2F2521E94B24FF4FA72944200D914460E
:10F0B000A54200D22C46491C641CB4FBF1F24A4321
:10F0C000521E91B290F8CC211AB901E0022070BD15
:10F0D00001843180002070BD10B50C46062100F07F
:10F0E000EDFF48B180F8FF4024B190F8FD1009B160
:10F0F00006F083FD00205EE602205CE6017899B10F
:10F10000417889B141881B290ED381881B290BD3F3
:10F11000C188022908D34B490268283941F8322FA7
:10F1200040684860002070471220704710B506F014
:10F130001EFD00203FE610B506F01CFD00203AE65B
:10F1400070B514460A46064600250121104606F011
:10F150003DFD002800D8284605460121304600F034
:10F160004EF806460121002000F049F8311801222E
:10F1700096318D4206D901F19600691AB1FBF0F083
:10F18000401C82B22280002070BD10B5044600F001
:10F1900050F808B10C200EE6601C09F08FFE2078B4
:10F1A00000F00100FEF7BAFA002004E610B50446AC
:10F1B000062000F021FF08B10C20FCE52078C007F4
:10F1C00010D00022607811460BF062F808B11220CE
:10F1D000F1E5A06808F073FD6078616808F078FDDB
:10F1E0000020E8E5002008F06AFD00210846F5E768
:10F1F00018B1022801D0012070470020704710B5D7
:10F20000012904D0022905D0FFDF2046D3E5C00044
:10F21000503001E080002C3084B2F6E710B506F0E3
:10F22000D1FD20B1FEF755FA08B10120C3E5002059
:10F23000C1E510B506F0C6FD002800D00120BAE5F2
:10F240007000002090060020416891F82C0191F890
:10F250008C1021B918B1042801D00120704700207A
:10F26000704710B50C46062100F028FF606018B109
:10F270000120207000209EE502209CE5416891F865
:10F28000FD20002A05D0002281F8FD20406806F00C
:10F29000B4BC704708B54FF6FF70ADF8000006E04B
:10F2A0000621BDF8000000F01BFF00B1FFDF0021C8
:10F2B0006846FFF73AF90028F2D008BD70B5144649
:10F2C0000546012200F00EF9002806D12146284605
:10F2D000BDE87040002200F005B970BDFB2803D8DE
:10F2E00040F64800814201D9112070470020704744
:10F2F0001B38E12806D2B1F5A47F03D344F2902055
:10F30000814201D912207047002070471FB58E49F5
:10F31000897ECA0702D10278192A0AD08A0702D444
:10F320000278182A24D0490739D40178122933D019
:10F3300035E04088ADF8000002A9FFF792FF00B168
:10F34000FFDF039810F8601F8DF8021040788DF8E9
:10F3500003000020ADF8040001B9FFDF9DF80300B1
:10F3600000B9FFDF6846FFF7A7F9D8B1FFDF19E062
:10F370004088ADF8000040F64800FB21ADF80400DD
:10F38000ADF80800ADF80210ADF806106846FFF7BA
:10F390006DFA38B1FFDF05E0007BC00702D0002026
:10F3A00004B008E50120FBE7F8B50646508914468D
:10F3B0000F4640B1B0F5004F05D20022A0781146AB
:10F3C0000AF066FF08B11220F8BDB86E394607F1A1
:10F3D000700530B1A07891F86E20904201D00C20D9
:10F3E000F8BD012081F86F00A07881F86E00606898
:10F3F00041F8680F608988802089A884002087F8F8
:10F400006F0020886946FFF715FCA88CBDF8001036
:10F41000081A00B2002804DD39463046FFF7F8FB31
:10F42000DDE70020F8BD38B504460078EF2841D864
:10F430006088ADF80000009800F061F888B361883A
:10F44000080708D4D4E90120824233D8202A31D3D6
:10F45000B0F5804F2ED8207B18B307282AD8607BC0
:10F4600028B1012803D0022801D0032822D14A075D
:10F4700003D4022801D0032805D1A07B08B10128BC
:10F4800018D1480707D4607D28B1012803D002288D
:10F4900001D003280ED1C806E07D03D5012809D18B
:10F4A00004E007E0012801D0032803D1E07E18B171
:10F4B000012801D0122038BD002038BD70B50C469F
:10F4C0000546FF2904D8FEF7A9FA18B11F2C01D967
:10F4D000122070BD2846FEF7C3F808B1002070BDA9
:10F4E000422070BD0AB1012200E00222024202D194
:10F4F000880802D109B1002070471120704780B2FE
:10F50000C1060BD401071CD481064FEAC07101D596
:10F51000B9B900E099B1800713D410E0410610D4C6
:10F5200081060ED4C1074FEA807104D0002902DBA6
:10F53000400704D405E0010703D4400701D40120AB
:10F5400070470020704700009006002030B5058805
:10F5500025F4004421448CB24FF4004194420AD275
:10F56000121B92B21B339A4201D2A94307E005F461
:10F570000041214303E0A21A92B2A9431143018042
:10F5800030BD0844083050434A31084480B27047C7
:10F5900070B51D4616460B46044629463046049A69
:10F5A000FFF7EFFF0646B34200D2FFDF282200211B
:10F5B0002046FDF7E8FE4FF6FF70A082283EB0B26D
:10F5C00065776080B0F5004F00D9FFDF618805F1F5
:10F5D0003C00814200D2FFDF60880835401B343890
:10F5E00080B220801B2800D21B2020800020A07722
:10F5F00070BD8161886170472DE9F05F0D46C1885B
:10F60000044600F12809008921F4004620F400484E
:10F6100000F063FB10B10020BDE8F09F4FF0000A3E
:10F620004FF0010BB0450CD9617FA8EB0600401AE2
:10F630000838854219DC09EB06000021058041806D
:10F640001AE06088617F801B471A083F0DD41B2F8A
:10F6500000DAFFDFBD4201DC294600E0B9B2681ADA
:10F660000204120C04D0424502DD84F817A0D2E750
:10F6700009EB06000180428084F817B0CCE770B532
:10F68000044600F12802C088E37D20F400402BB13D
:10F6900010440288438813448B4201D2002070BD7D
:10F6A00000258A4202D30180458008E0891A0904B6
:10F6B000090C418003D0A01D00F01FFB08E0637F10
:10F6C00000880833184481B26288A01DFFF73EFF0E
:10F6D000E575012070BD70B5034600F12804C588AA
:10F6E000808820F400462644A84202D100201882D7
:10F6F00070BD98893588A84206D3401B75882D1A9D
:10F700002044ADB2C01E05E02C1AA5B25C7F204497
:10F710003044401D0C88AC4200D90D809C8924B136
:10F72000002414700988198270BD0124F9E770B5AE
:10F73000044600F12801808820F400404518208A02
:10F74000002825D0A189084480B2A08129886A8830
:10F750001144814200D2FFDF2888698800260844CE
:10F76000A189884212D1A069807F2871698819B166
:10F77000201D00F0C2FA08E0637F2888083318448F
:10F7800081B26288201DFFF7E1FEA681268201205A
:10F7900070BD2DE9F041418987880026044600F1BB
:10F7A0002805B94219D004F10A0800BF21F400402D
:10F7B0002844418819B1404600F09FFA08E0637F71
:10F7C00000880833184481B262884046FFF7BEFEC5
:10F7D000761C6189B6B2B942E8D13046BDE8F08105
:10F7E0002DE9F04104460B4627892830A68827F4E6
:10F7F0000041B4F80A8001440D46B74201D100200F
:10F80000ECE70AB1481D106023B1627F691D1846FC
:10F81000FDF78FFD2E88698804F1080021B18A194F
:10F8200096B200F06AFA06E0637F6288083399199D
:10F8300089B2FFF78BFE474501D1208960813046B0
:10F84000CCE78188C088814201D101207047002027
:10F85000704701898088814201D1012070470020D2
:10F86000704770B58588C38800F1280425F40042EC
:10F8700023F4004114449D421AD08389058A5E19FD
:10F8800025886388EC18A64214D313B18B4211D398
:10F890000EE0437F08325C192244408892B2801AFD
:10F8A00080B22333984201D211B103E08A4201D1E0
:10F8B000002070BD012070BD2DE9F0478846C18849
:10F8C0000446008921F4004604F1280720F400458D
:10F8D00007EB060900F001FA002178BBB54204D914
:10F8E000627FA81B801A002503E06088627F801B6E
:10F8F000801A083823D4E28962B1B9F80020B9F837
:10F9000002303BB1E81A2177404518DBE0893844E2
:10F91000801A09E0801A217740450ADB607FE1897F
:10F920000830304439440844C01EA4F81280BDE8B1
:10F93000F087454503DB01202077E7E7FFE7618299
:10F940000020F4E72DE9F74F044600F12805C088B0
:10F95000884620F4004A608A05EB0A0608B1404553
:10F9600002D20020BDE8FE8FE08978B13788B6F872
:10F97000029007EB0901884200D0FFDF207F4FF0A3
:10F98000000B50EA090106D088B33BE00027A07FB6
:10F99000B9463071F2E7E18959B1607F29440830F6
:10F9A00050440844B4F81F1020F8031D94F82110A7
:10F9B0008170E28907EB080002EB0801E1813080E9
:10F9C000A6F802B002985F4650B1637F30880833D2
:10F9D000184481B26288A01DFFF7B8FDE78121E0DD
:10F9E000607FE18908305044294408442DE0FFE756
:10F9F000E089B4F81F102844C01B20F8031D94F8B8
:10FA00002110817009EB0800E28981B202EB080045
:10FA1000E081378071800298A0B1A01D00F06DF9DF
:10FA2000A4F80EB0A07F401CA077A07D08B1E088AC
:10FA3000A08284F816B000BFA4F812B084F817B002
:10FA400001208FE7E0892844C01B30F8031DA4F88B
:10FA50001F10807884F82100EEE710B5818800F14E
:10FA6000280321F400442344848AC288A14212D08E
:10FA7000914210D0818971B9826972B11046FFF745
:10FA8000E8FE50B91089283220F40040104419795A
:10FA90000079884201D1002010BD184610BD00F148
:10FAA0002803407F08300844C01E1060088808B949
:10FAB000DB1E136008884988084480B270472DE92E
:10FAC000F04100F12806407F1C460830904643185C
:10FAD00008884D88069ADB1EA0B1C01C80B29042F7
:10FAE00014D9801AA04200DB204687B298183A4603
:10FAF0004146FDF7F1FB002816D1E01B84B2B84463
:10FB0000002005E0ED1CADB2F61EE8E7101A80B249
:10FB10000119A94206D8304422464146BDE8F041C9
:10FB2000FDF7DABB4FF0FF3058E62DE9F04100F168
:10FB30002804407F1E460830904643180025088858
:10FB40004F88069ADB1E90B1C01C80B2904212D939
:10FB5000801AB04200DB304685B299182A464046EA
:10FB6000FDF7E7FB701B86B2A844002005E0FF1CF0
:10FB7000BFB2E41EEAE7101A80B28119B94206D872
:10FB8000211832464046FDF7D4FBA81985B2284615
:10FB900024E62DE9F04100F12804407F1E4608309C
:10FBA00090464318002508884F88069ADB1E90B1BE
:10FBB000C01C80B2904212D9801AB04200DB30469D
:10FBC00085B298182A464146FDF7B3FB701B86B2F2
:10FBD000A844002005E0FF1CBFB2E41EEAE7101AAB
:10FBE00080B28119B94206D8204432464146FDF719
:10FBF000A0FBA81985B22846F0E5401D704710B556
:10FC0000044600F12801C288808820F4004319448A
:10FC1000904206D0A28922B9228A12B9A28A9042C1
:10FC200001D1002010BD0888498831B1201D00F0A5
:10FC300064F800202082012010BD637F62880833B1
:10FC4000184481B2201DFFF781FCF2E70021C18139
:10FC500001774182C1758175704703881380C2891D
:10FC600042B1C28822F4004300F128021A440A601B
:10FC7000C08970470020704710B50446808AA0F5FF
:10FC80007F41FF3900D0FFDFE088A082E08900B12A
:10FC90000120A07510BD4FF6FF7181820021817592
:10FCA000704710B50446808AA0F57F41FF3900D126
:10FCB000FFDFA07D28B9A088A18A884201D1002059
:10FCC00010BD012010BD8188828A914201D1807DC2
:10FCD00008B1002070470120704720F4004221F451
:10FCE00000439A4207D100F4004001F400418842E9
:10FCF00001D0012070470020704730B504460088CD
:10FD00000D4620F40040A84200D2FFDF21884FF4C6
:10FD1000004088432843208030BD70B50C00054664
:10FD200009D0082C00D2FFDF1DB1A1B2286800F075
:10FD300044F8201D70BD0DB100202860002070BD6A
:10FD40000021026803E093881268194489B2002AEE
:10FD5000F9D100F032B870B500260D4604460829E6
:10FD600000D2FFDF206808B91EE0044620688188C1
:10FD7000A94202D001680029F7D181880646A9422C
:10FD800001D100680DE005F1080293B2002299420A
:10FD900009D32844491B02608180216809682160D9
:10FDA0000160206000E00026304670BD00230B603B
:10FDB0008A8002680A600160704700234360021D68
:10FDC000018102607047F0B50F46018840881546F2
:10FDD0000C181E46AC4200D3641B3044A84200D924
:10FDE000FFDFA019A84200D9FFDF3819F0BD2DE9C7
:10FDF000F041884606460188408815460C181F4683
:10FE0000AC4200D3641B3844A84200D9FFDFE0199C
:10FE1000A84200D9FFDF70883844708008EB0400E6
:10FE2000BDE8F0812DE9F041054600881E461746E1
:10FE3000841B8846BC4200D33C442C8068883044F4
:10FE4000B84200D9FFDFA019B84200D9FFDF6888A7
:10FE50003044688008EB0400E2E72DE9F0410688B1
:10FE60001D460446701980B2174688462080B84265
:10FE700001D3C01B20806088A84200D2FFDF701928
:10FE8000B84200D9FFDF6088401B608008EB0600A5
:10FE9000C6E730B50D460188CC18944200D3A41AA9
:10FEA0004088984200D8FFDF281930BD2DE9F04185
:10FEB000BF4D04469046A8780E46A04200D8FFDF0A
:10FEC00005EB8607786A50F8240000B1FFDFB868B8
:10FED000002816D0304600F032F90146B868FFF726
:10FEE0003AFF05000CD0786A072E40F8245000D362
:10FEF000FFDFB0484246294650F826302046984752
:10FF00002846BDE8F0812DE9F84305000C46009530
:10FF100024D00026E81C20F00300A84200D0FFDF18
:10FF2000DFF88C820027314688F8007088F801409D
:10FF300088F8024088F8034088F8044088F80540B3
:10FF400088F80640684600F003F900204246009910
:10FF5000C91C21F00301009116B10FE00126D9E779
:10FF600002EB80035962002106E000BFD3F824C0F1
:10FF70004CF82170491CC9B2A142F7D30099401C2A
:10FF800001EB8401C0B200910728E0D3481BBDE813
:10FF9000F88310B50446F1F774F908B1102010BDCC
:10FFA0002078834A618802EB800092780EE0436AF1
:10FFB00053F8213043B14A1C6280A180406A50F856
:10FFC0002100A060002010BD491C89B28A42EED8F1
:10FFD0006180052010BD70B505460C460846F1F756
:10FFE00050F908B1102070BD072D01D3072070BD56
:10FFF00025700020608070BD0EB56946FFF7EBFFED
:020000021000EC
:1000000000B1FFDF6846FFF7C4FF08B100200EBD56
:1000100001200EBD10B50446072800D3FFDF644859
:10002000005D10BD3EB5054600246946FFF7D3FFCD
:1000300018B1FFDF01E0641CE4B26846FFF7A9FFD6
:100040000028F8D02846FFF7E5FF001BC0B23EBDF0
:1000500057498978814201D9C0B27047FF20704763
:100060002DE9F04106291BD1514C00273B464FF6A4
:10007000FF7604EB810514F801C00AE0DC19D5F81D
:1000800024E0A4B25EF824E0BEF1000F04D05B1CB3
:100090009BB29C45F2D8344604802046B44201D13C
:1000A00000202EE7BDE8F04100E7A0F57F43FF3BCD
:1000B00001D0072901D300207047F7E6A0F57F4261
:1000C000FF3A0BD0072909D2394A9378834205D9E0
:1000D00002EB8101496A51F8200070470020704707
:1000E0002DE9F04104460D46A4F57F4143F202009C
:1000F000FF3902D0072D01D3072002E72C494FF02A
:1001000000088A78A242F8D901EB8506726A52F893
:100110002470002FF1D0274839461C3050F8252094
:1001200020469047716A284641F8248000F007F87D
:1001300002463946B068FFF739FE0020E1E61D4966
:10014000383131F810004FF6FC71C01C0840704780
:100150002DE9F843164E8846054600242868C01C41
:1001600020F0030028602046FFF7E9FF315D484397
:10017000B8F1000F01D0002200E02A680146009289
:1001800032B100274FEA0D00FFF7C7FD1FB106E0AF
:1001900001270020F8E706EB8401009A8A602968AD
:1001A000641C0844E4B22860072CD7D3EFE60000B3
:1001B000AC060020D4B1010070B50E461D461146B4
:1001C00000F0D5F804462946304600F0D9F820441E
:1001D000001D70BD2DE9F04190460D4604004FF022
:1001E000000610D00027E01C20F00300A04200D041
:1001F000FFDFE5B141460020FFF78FFD0C3000EB3B
:10020000850617B113E00127EDE7624F04F10C00FA
:10021000AA003C602572606000EB85002060002130
:100220006068FDF7B0F841463868FFF776FD304664
:10023000BDE8F0812DE9FF4F564C804681B0206823
:100240009A46934600B9FFDF2068027A424503D9F7
:10025000416851F8280020B143F2020005B0BDE822
:10026000F08F5146029800F082F886B258460E99F7
:1002700000F086F885B27019001D87B22068A1468B
:1002800039460068FFF767FD04001FD067802580AE
:100290002946201D0E9D07465A4601230095FFF76B
:1002A00077F92088314638440123029ACDF800A01E
:1002B000FFF76EF92088C1193846FFF79AF9D9F887
:1002C00000004168002041F82840C7E70420C5E746
:1002D00070B5304C0546206800B9FFDF2068017A10
:1002E000A9420ED9426852F8251051B1002342F8B4
:1002F00025304A880068FFF759FD216800200A7AF6
:1003000008E043F2020070BD4B6853F8203033B967
:10031000401CC0B28242F7D80868FFF711FD0020E8
:1003200070BD70B51B4E05460024306800B9FFDF74
:100330003068017AA94204D9406850F8250000B11C
:10034000041D204670BD70B5124E0546002430686D
:1003500000B9FFDF3068017AA94206D9406850F839
:10036000251011B131F8040B4418204670BD10B5AA
:100370000A460121FFF705F9C01C20F0030010BD5B
:1003800010B50A460121FFF7FCF8C01C20F003005D
:1003900010BD00007C00002070B50446C2F11005BD
:1003A0002819FCF7C6FF15F0FF0109D0491ECAB293
:1003B0008020A0542046BDE870400021FCF7E3BF38
:1003C00070BD30B505E05B1EDBB2CC5CD55C6C402B
:1003D000C454002BF7D130BD10B5002409E00B78D0
:1003E000521E44EA430300F8013B11F8013BD2B22C
:1003F000DC09002AF3D110BD2DE9F04389B01E4677
:10040000DDE9107990460D00044622D002460846E8
:10041000F949FEF71EFB102221463846FFF7DCFFA4
:10042000E07B000606D5F44A394610231032084610
:10043000FFF7C7FF102239464846FFF7CDFFF87B8C
:10044000000606D5EC4A4946102310320846FFF74D
:10045000B8FF102200212046FCF795FF0DE0103E6A
:10046000B6B208EB0601102322466846FFF7A9FF43
:10047000224628466946FEF7ECFA102EEFD818D02F
:10048000F2B241466846FFF787FF10234A466946A5
:1004900004A8FFF796FF1023224604A96846FFF739
:1004A00090FF224628466946FEF7D3FA09B0BDE818
:1004B000F08310233A464146EAE770B59CB01E46E9
:1004C0000546134620980C468DF808002022194650
:1004D0000DF10900FCF72DFF202221460DF1290026
:1004E000FCF727FF17A913A8CDE90001412302AAB1
:1004F00031462846FFF780FF1CB070BD2DE9FF4F45
:100500009FB014AEDDE92D5410AFBB49CDE90076A4
:10051000202320311AA8FFF76FFF4FF000088DF855
:1005200008804FF001098DF8099054F8010FCDF8BB
:100530000A00A088ADF80E0014F8010C1022C0F3D8
:1005400040008DF8100055F8010FCDF81100A88873
:10055000ADF8150015F8010C2C99C0F340008DF88A
:10056000170006A88246FCF7E4FE0AA8834610227C
:100570002299FCF7DEFEA0483523083802AA40681D
:100580008DF83C80CDE900760E901AA91F98FFF7F0
:1005900033FF8DF808808DF809902068CDF80A00A7
:1005A000A088ADF80E0014F8010C1022C0F3400032
:1005B0008DF810002868CDF81100A888ADF8150056
:1005C00015F8010C2C99C0F340008DF81700504627
:1005D000FCF7AFFE584610222299FCF7AAFE864887
:1005E0003523083802AA40688DF83C90CDE90076A2
:1005F0000E901AA92098FFF7FFFE23B0BDE8F08FF8
:10060000F0B59BB00C460546DDE922101E461746A4
:10061000DDE92032D0F801C0CDF808C0B0F805C03F
:10062000ADF80CC00078C0F340008DF80E00D1F892
:100630000100CDF80F00B1F80500ADF813000878FF
:100640001946C0F340008DF815001088ADF816006B
:1006500090788DF818000DF119001022FCF769FE52
:100660000DF1290010223146FCF763FE0DF139002F
:1006700010223946FCF75DFE17A913A8CDE9000149
:10068000412302AA21462846FFF7B6FE1BB0F0BD63
:10069000F0B5A3B017460D4604461E46102202A828
:1006A0002899FCF746FE06A820223946FCF741FEB1
:1006B0000EA820222946FCF73CFE1EA91AA8CDE967
:1006C0000001502302AA314616A8FFF795FE16989E
:1006D000206023B0F0BDF0B589B00446DDE90E0717
:1006E0000D463978109EC1F340018DF80010317825
:1006F0009446C1F340018DF801101968CDF802103D
:100700009988ADF8061099798DF808100168CDF830
:1007100009108188ADF80D1080798DF80F00102335
:100720006A46614604A8FFF74CFE2246284604A903
:10073000FEF78FF9D6F801000090B6F80500ADF885
:100740000400D7F80100CDF80600B7F80500ADF8B1
:100750000A000020039010236A46214604A8FFF7F0
:1007600030FE2246284604A9FEF773F909B0F0BD11
:100770001FB51C6800945B6801931368029352686C
:100780000392024608466946FEF763F91FBD10B59D
:1007900088B00446106804905068059000200690C8
:1007A000079008466A4604A9FEF753F9BDF8000011
:1007B000208008B010BD1FB51288ADF800201A883F
:1007C000ADF80220002201920292039202460846EE
:1007D0006946FEF73EF91FBD7FB5074B1446054637
:1007E000083B9A1C6846FFF7E6FF22466946284602
:1007F000FFF7CDFF7FBD000022B2010070B50446B7
:1008000000780E46012813D0052802D0092813D1FC
:100810000EE0A06861690578042003F07FFA052DD9
:100820000AD0782300220420616903F0CDF903E0A7
:100830000420616903F072FA31462046BDE8704039
:1008400001F08AB810B500F12D03C2799C78411DE2
:10085000144064F30102C271D2070DD04A795C7969
:1008600022404A710A791B791A400A718278C97844
:100870008A4200D9817010BD00224A71F5E74178A3
:10088000012900D00C21017070472DE9F04F93B081
:100890004FF0000B0C690D468DF820B00978012649
:1008A0000C2017464FF00D084FF0110A4FF00809C1
:1008B0001B2975D2DFE811F01B00C40207031F03D8
:1008C0005E037103A303B803F9031A0462049504D9
:1008D000A204EF042D05370555056005F30536061E
:1008E000390668068406FE062207EB06F00614B1F8
:1008F00020781D282AD0D5F808805FEA08004FD05C
:1009000001208DF82000686A02220D908DF82420C5
:100910000A208DF82500A8690A90A8880028EED042
:1009200098F8001091B10F2910D27DD2DFE801F0C4
:100930007C1349DEFCFBFAF9F8F738089CF6F50061
:1009400002282DD124B120780C2801D00026F0E314
:100950008DF82020CBE10420696A03F0DFF9A88834
:100960000728EED1204600F0F2FF022809D02046E9
:1009700000F0EDFF032807D9204600F0E8FF072824
:1009800002D20120207004E0002CB8D02078012889
:10099000D7D198F80400C11F0A2902D30A2061E0C8
:1009A000C4E1A070D8F80010E162B8F80410218604
:1009B00098F8060084F83200012028700320207087
:1009C00044E00728BDD1002C99D020780D28B8D15B
:1009D00098F8031094F82F20C1F3C000C2F3C002AE
:1009E000104201D0062000E00720890707D198F8BF
:1009F00005100142D2D198F806100142CED194F8E8
:100A0000312098F8051020EA02021142C6D194F86C
:100A1000322098F8061090430142BFD198F80400A4
:100A2000C11F0A29BAD200E008E2617D81427CD868
:100A3000D8F800106160B8F80410218198F8060019
:100A4000A072012028700E20207003208DF8200055
:100A5000686A0D9004F12D000990601D0A900F3016
:100A60000B9022E12875FCE3412891D1204600F04B
:100A70006EFF042802D1E078C00704D1204600F0C0
:100A800066FF0F2884D1A88CD5F80C8080B24FF077
:100A9000400BE669FFF745FC324641465B464E4651
:100AA000CDF80090FFF741F80B208DF82000686A20
:100AB0000D90E0690990002108A8FFF79FFE2078BB
:100AC000042806D0A07D58B1012809D003280AD0F7
:100AD0004AE305202070032028708DF82060CEE1C5
:100AE00084F800A032E712202070EAE11128BCD17E
:100AF000204600F02CFF042802D1E078C00719D06E
:100B0000204600F024FF062805D1E078C00711D167
:100B1000A07D02280ED0204608E0CCE084E072E1FF
:100B200051E124E103E1E9E019E0B0E100F00FFF59
:100B300011289AD1102208F1010104F13C00FCF7C0
:100B4000F8FB607801286ED012202070E078C00792
:100B500060D0A07D0028C8D00128C6D05AE0112856
:100B600090D1204600F0F3FE082804D0204600F083
:100B7000EEFE132886D104F16C00102208F1010169
:100B80000646FCF7D6FB207808280DD014202070EC
:100B9000E178C8070DD0A07D02280AD06278022A29
:100BA00004D00328A1D035E00920F0E708B10128DE
:100BB00037D1C80713D0A07D02281DD00020009097
:100BC000D4E9062133460EA8FFF777FC10220EA9C0
:100BD00004F13C00FCF780FBC8B1042042E7D4E9F3
:100BE0000912201D8DE8070004F12C0332460EA8DF
:100BF000616BFFF770FDE9E7606BC1F34401491ECB
:100C00000068C84000F0010040F08000D7E720787D
:100C1000092806D185F800908DF8209036E32870D9
:100C2000EFE30920FBE79EE1112899D1204600F06F
:100C30008EFE0A2802D1E078C00704D1204600F0D9
:100C400086FE15288CD104F13C00102208F1010128
:100C50000646FCF76EFB20780A2816D01620207076
:100C6000D4E90932606B611D8DE80F0004F15C036B
:100C700004F16C0247310EA8FFF7C2FC10220EA946
:100C80003046FCF729FB18B1F9E20B20207073E223
:100C90002046FFF7D7FDA078216AC0F110020B189B
:100CA00000211846FCF76FFB26E3394608A8FFF73A
:100CB000A5FD06463CE20228B7D1204600F047FEDB
:100CC000042804D3204600F042FE082809D3204619
:100CD00000F03DFE0E2829D3204600F038FE1228F1
:100CE00024D2A07D0228A0D10E208DF82000686AB1
:100CF0000D9098F801008DF82400F5E3022894D1B6
:100D0000204600F024FE002810D0204600F01FFEF0
:100D10000128F9D0204600F01AFE0C28F4D0042057
:100D20008DF8240098F801008DF8250060E2112864
:100D3000FCD1002CFAD020781728F7D16178606AAE
:100D4000022912D05FF0000101EB4101182606EBE9
:100D5000C1011022405808F10101FCF7EAFA042011
:100D6000696A00F0E7FD2670F0E50121ECE70B2849
:100D7000DCD1002CDAD020781828D7D16078616ACD
:100D800002281CD05FF0000000EB4002102000EBB6
:100D9000C2000958B8F8010008806078616A02282A
:100DA0000FD0002000EB4002142000EBC2000958D5
:100DB000404650F8032F0A604068486039E001203F
:100DC000E2E70120EEE71128B0D1002CAED0207868
:100DD0001928ABD16178606A022912D05FF0000156
:100DE00001EB41011C2202EBC1011022405808F125
:100DF0000101FCF79EFA0420696A00F09BFD1A20AD
:100E0000B6E00121ECE7082890D1002C8ED02078A4
:100E10001A288BD1606A98F80120017862F34701A3
:100E20000170616AD8F8022041F8012FB8F8060075
:100E300088800420696A00F07DFD90E2072011E6B9
:100E40003878012894D1182204F114007968FCF74D
:100E500070FAE079C10894F82F0001EAD001E07837
:100E600061F30000E070217D002974D1217803290D
:100E700009D0C00725D0032028708DF82090686A1B
:100E80000D90412008E3607DA178884201D90620B9
:100E9000E8E502262671E179204621F0E001E171C2
:100EA000617A21F0F0016172A17A21F0F001A17262
:100EB000FFF7C8FC2E708DF82090686A0D9007200F
:100EC000EAE20420ABE6387805289DD18DF82000B1
:100ED000686A0D90B8680A900720ADF824000A9857
:100EE0008DF830B06168016021898180A17A8171BB
:100EF00004202070F8E23978052985D18DF820107A
:100F0000696A0D91391D09AE0EC986E80E004121AE
:100F1000ADF824108DF830B01070A88CD7F80C8084
:100F200080B24026A769FFF70EFA41463A4633469B
:100F3000C846CDF80090FEF72CFE002108A8FFF768
:100F40005DFCE07820F03E00801CE07020780528F1
:100F500002D00F200CE04AE1A07D20B1012802D090
:100F6000032802D002E10720BEE584F80080EDE40A
:100F70002070EBE4102104F15C0002F0E8FB606BF0
:100F8000B0BBA07D18B1012801D00520FDE00620EE
:100F90002870F8486063A063C2E23878022894D1D0
:100FA000387908B12875B7E3A07D022802D003285C
:100FB00005D022E0B8680028F5D060631CE06078B6
:100FC000012806D0A07994F82E10012805D0E94810
:100FD00006E0A17994F82E00F7E7B8680028E2D07F
:100FE0006063E078C00701D0012902D0E14803E046
:100FF00003E0F8680028D6D0A06306200FE68DF83D
:101000002090696A0D91E1784846C90709D0617856
:10101000022903D1A17D29B1012903D0A17D032992
:1010200000D00720287033E138780528BBD120781C
:1010300007281ED084F800A005208DF82000686ADB
:101040000D90B8680A90ADF824A08DF830B0032157
:101050000170E178CA070FD0A27D022A1AD00021C0
:101060000091D4E9061204F15C03401CFFF725FA55
:101070006BE384F80090DFE7D4E90923211D8DE8B4
:101080000E0004F12C0304F15C02401C616BFFF7BD
:1010900022FB5AE3626BC1F34401491E1268CA4045
:1010A00002F0010141F08001DAE738780528BDD16E
:1010B0008DF82000686A0D90B8680A90ADF824A0F9
:1010C0008DF830B0042100F8011B102204F15C01FE
:1010D000FCF72FF9002108A8FFF790FB20780928DA
:1010E00001D0132044E70A2020709AE5E078C10778
:1010F00042D0A17D012902D0022927D038E06178B1
:1011000008A8012916D004F16C010091D4E9061257
:1011100004F15C03001DFFF7BBFA0A2028700326C8
:101120008DF82080686A0D90002108A8FFF766FB03
:10113000E1E2C7E204F15C010091D4E9062104F187
:101140006C03001DFFF7A4FA0026E9E7C0F3440191
:1011500014290DD24FF0006101EBB0104FEAB060DE
:10116000E0706078012801D01020BDE40620FFE681
:10117000607801283FF4B6AC0A2050E5E178C90751
:1011800008D0A17D012903D10B202870042030E074
:1011900028702EE00E2028706078616B012818D02E
:1011A00004F15C0304F16C020EA8FFF7E1FA20469B
:1011B000FFF748FBA0780EAEC0F1100230440021CA
:1011C000FCF7E1F806208DF82000686A09960D907A
:1011D0009BE004F16C0304F15C020EA8FFF7C8FA6F
:1011E000E8E73978022903D139790029D0D0297567
:1011F00092E28DF82000686A0D9056E5387807284D
:10120000F6D1D4E909216078012808D004F16C00F6
:10121000CDE90002029105D104F16C0304E004F170
:101220005C00F5E704F15C0304F14C007A680646C3
:10123000216AFFF763F96078012822D1A078216A3A
:10124000C0F110020B1800211846FCF79CF8D4E9F5
:101250000923606B04F12D018DE80F0004F15C039C
:1012600000E05BE204F16C0231460EA8FFF7C8F91A
:1012700010220EA904F13C00FCF72EF808B10B2057
:10128000ACE485F8008000BF8DF82090686A0D906E
:101290008DF824A009E538780528A9D18DF820001B
:1012A000686A0D90B8680A90ADF824A08DF830B047
:1012B00080F80080617801291AD0D4E9092104F16D
:1012C0002D03A66B03910096CDE9013204F16C0366
:1012D00004F15C0204F14C01401CFFF791F900217C
:1012E00008A8FFF78BFA6078012805D015203FE6A3
:1012F000D4E90912631DE4E70E20287006208DF85A
:101300002000686ACDF824B00D90A0788DF82800F0
:10131000CBE438780328C0D1E079C00770D00F2023
:101320002870072065E7387804286BD11422391D0E
:1013300004F11400FBF7FDFF616A208CA1F809009D
:10134000616AA078C871E179626A01F003011172E3
:10135000616A627A0A73616AA07A81F824001620B1
:101360005DE485F800A08DF82090696A50460D91E3
:1013700092E0000022B201003878052842D1B86816
:10138000A8616178606A022901D0012100E0002192
:1013900001EB4101142606EBC1014058082102F07F
:1013A000D6F96178606A022901D0012100E00021AC
:1013B00001EB410106EBC101425802A8E169FFF7C8
:1013C0000BFA6078626A022801D0012000E0002058
:1013D00000EB4001102000EBC1000223105802A9CD
:1013E0000932FEF7EEFF626AFD4B0EA80932A169D1
:1013F000FFF7E1F96178606A022904D0012103E076
:1014000044E18DE0BFE0002101EB4101182606EB2D
:10141000C101A27840580EA9FBF78BFF6178606A82
:10142000022901D0012100E0002101EB410106EB7E
:10143000C1014158A0780B18C0F1100200211846D4
:10144000FBF7A1FF05208DF82000686A0D90A869C0
:101450000A90ADF824A08DF830B0062101706278B2
:10146000616A022A01D0012200E0002202EB42025E
:1014700006EBC202401C89581022FBF75AFF0021DC
:1014800008A8FFF7BBF91220C5F818B028708DF82E
:101490002090686A0D900B208DF8240005E43878C0
:1014A000052870D18DF82000686A0D90B8680A9000
:1014B0000B20ADF824000A98072101706178626A58
:1014C000022901D0012100E0002101EB410310219C
:1014D00001EBC30151580988A0F801106178626AD4
:1014E000022902D0012101E02FE1002101EB41039B
:1014F000142101EBC30151580A6840F8032F4968D1
:10150000416059E01920287001208DF8300074E600
:10151000162028708DF830B0002108A8FFF76EF96A
:10152000032617E114202870AEE6387805282AD162
:101530008DF82000686A0D90B8680A90ADF824A074
:101540008DF830B080F800906278616A4E46022AC9
:1015500001D0012200E0002202EB42021C2303EB37
:10156000C202401C89581022FBF7E3FE002108A8A4
:10157000FFF744F9152028708DF82060686A0D90F7
:101580008DF8246039E680E0387805287DD18DF823
:101590002000686A0D90B8680A90ADF8249009217F
:1015A00001706169097849084170616951F8012F3A
:1015B000C0F802208988C18020781C28A8D1A1E722
:1015C000E078C00702D04FF0060C01E04FF0070CA6
:1015D000607802280AD000BF4FF0000000EB040141
:1015E00001F1090105D04FF0010004E04FF00100C6
:1015F000F4E74FF000000B78204413EA0C030B7063
:1016000010F8092F02EA0C02027004D14FF01B0CF3
:1016100084F800C0D2B394F801C0BCF1010F00D02F
:101620009BB990F800C0E0465FEACC7C04D028F07B
:1016300001060670102606E05FEA887C05D528F0D2
:101640000206067013262E70032694F801C0BCF122
:10165000020F00D092B991F800C05FEACC7804D0B4
:101660002CF001060E70172106E05FEA8C7805D594
:101670002CF002060E701921217000260078D0BBD4
:10168000CAB3C3BB1C20207035E012E002E03878FA
:10169000062841D11A2015E4207801283CD00C28D6
:1016A0003AD02046FFF7EBF809208DF82000686A51
:1016B0000D9031E03878052805D0062038700326D3
:1016C0001820287046E005208DF82000696A0D91E9
:1016D000B9680A910221ADF8241001218DF830106B
:1016E0000A990870287D4870394608A8FFF786F8DF
:1016F000064618202870012E0ED02BE001208DF810
:101700002000686A0D9003208DF82400287D8DF854
:10171000250085F814B012E0287D80B11D202070CE
:10172000172028708DF82090686A0D9002208DF89F
:101730002400394608A8FFF761F806460AE00CB114
:10174000FE2020709DF8200020B1002108A8FFF79E
:1017500055F80CE413B03046BDE8F08F2DE9F043A6
:1017600087B00C464E6900218DF8041001202578C1
:10177000034602274FF007094FF0050C85B1012DF4
:1017800053D0022D39D1FE2030708DF80030606AC0
:10179000059003208DF80400207E8DF8050063E09D
:1017A0002179012925D002292DD0032928D0042907
:1017B00023D1B17D022920D131780D1F042D04D30E
:1017C0000A3D032D01D31D2917D12189022914D3E4
:1017D0008DF80470237020899DF80410884201E080
:1017E0001AB2010018D208208DF80000606A059036
:1017F00057E070780128EBD0052007B0BDE8F083F2
:101800001D203070E4E771780229F5D131780C2978
:10181000F3D18DF80490DDE7083402F804CB94E8A6
:101820000B0082E80B000320E7E71578052DE4D1D3
:101830008DF800C0656A0595956802958DF81010C1
:1018400094F80480B8F1010F13D0B8F1020F2DD035
:10185000B8F1030F1CD0B8F1040FCED1ADF804706D
:101860000E202870207E687000216846FEF7C6FFB3
:101870000CE0ADF804700B202870207E002100F0F1
:101880001F0068706846FEF7B9FF37700020B4E7A4
:10189000ADF804708DF8103085F800C0207E6870B7
:1018A000277011466846FEF7A9FFA6E7ADF8049039
:1018B0002B70207F6870607F00F00100A870A07F0F
:1018C00000F01F00E870E27F2A71C0071CD094F876
:1018D000200000F00700687194F8210000F0070074
:1018E000A87100216846FEF789FF2868F062A88881
:1018F0003086A87986F83200A0694078707528791A
:10190000B0700D203070C1E7A9716971E9E700B5C9
:1019100087B004280CD101208DF800008DF8040058
:10192000002005918DF8050001466846FEF766FF28
:1019300007B000BD70B50C46054602F0EFF9214630
:101940002846BDE870407823002202F03DB908B176
:10195000007870470C20704770B50C0005784FF088
:1019600000010CD021702146F1F757FC694821781D
:10197000405D884201D1032070BD022070BDF1F7A7
:101980004CFC002070BD0279012A05D000220A70AB
:101990004B78012B02D003E0042070470A758A615E
:1019A00002799300521C0271C15003207047F0B5B8
:1019B00087B00F4605460124287905EB800050F8D2
:1019C000046C7078411E02290AD252493A460839FD
:1019D00001EB8000314650F8043C28469847044605
:1019E0000CB1012C11D12879401E10F0FF00287194
:1019F00001D00324E0E70A208DF80000706A05900A
:101A0000002101966846FFF7A7FF032CD4D007B04A
:101A10002046F0BD70B515460A46044629461046D4
:101A2000FFF7C5FF064674B12078FE280BD1207C55
:101A300030B100202870294604F10C00FFF7B7FFF1
:101A40002046FEF71CFF304670BD704770B50E464D
:101A500004467C220021FBF796FC0225012E03D0D0
:101A6000022E04D0052070BD0120607000E065707A
:101A70002046FEF704FFA575002070BD28B1027C4A
:101A80001AB10A4600F10C01C4E70120704710B5F5
:101A9000044686B0042002F041F92078FE2806D0E2
:101AA00000208DF8000069462046FFF7E7FF06B0EA
:101AB00010BD7CB50E4600218DF804104178012937
:101AC00003D0022903D0002405E0046900E0446942
:101AD0000CB1217C89B16D4601462846FFF753FFC2
:101AE000032809D1324629462046FFF793FF9DF887
:101AF0000410002900D004207CBD04F10C05EBE7A4
:101B000030B40C460146034A204630BC024B0C3A26
:101B1000FEF751BE60B201001AB2010070B50D4669
:101B2000040012D08DB1220100212846FBF72BFCC6
:101B3000102255492846FBF7FCFB53480121083881
:101B4000018044804560002070BD012070BD70B5EB
:101B50004D4E00240546083E10E07068AA7B00EB5D
:101B60000410817B914208D1C17BEA7B914204D170
:101B70000C222946FBF7B0FB30B1641C308884424C
:101B8000EBDB4FF0FF3070BD204670BD70B50D46E9
:101B9000060006D02DB1FFF7DAFF002803DB401C5A
:101BA00014E0102070BD384C083C20886288411C2D
:101BB000914201D9042070BD6168102201EB001030
:101BC0003146FBF7B6FB2088401C2080287000209F
:101BD00070BD2D480838008870472B49083908889F
:101BE000012802D0401E08800020704770B51446BE
:101BF0000D0018D0BCB10021A170022802D010281D
:101C000011D105E0288870B10121A170108008E091
:101C10002846FFF79CFF002805DB401CA070A88920
:101C20002080002070BD012070BD70B505461446AF
:101C30000E000BD000203070A878012808D005D9FC
:101C40001149A1F108010A8890420AD9012070BD0A
:101C500024B1287820702888000A5070022008706B
:101C60000FE064B14968102201EB001120461039E1
:101C7000FBF75FFB287820732888000A6073102028
:101C80003070002070BD0000880000202DE9F04178
:101C900090460C4607460025C2EB4811FE48072F28
:101CA00000EB410607D2DFE807F007070707040447
:101CB0000400012500E0FFDF06F81470002D13D0AA
:101CC000F5487C3000EB880191F827001F2803D0ED
:101CD00006EB4000447001E081F8264006EB440228
:101CE0001F20507081F82740BDE8F081F0B51F46F5
:101CF00014460E4605461F2A00D1FFDFE648C7EB13
:101D0000471100EB410CE4490CEB44007C3101EB42
:101D100087021F2E07D00CEB460140784B784870A5
:101D200018461F210AE092F82530407882F82500F5
:101D3000F6E701460CEB410005704078A142F8D16E
:101D400092F827401F2C03D00CEB4404637001E091
:101D500082F826300CEB41041F23637082F82710B1
:101D6000F0BD30B50D46CD4B44190022181A72EB68
:101D7000020100D2FFDFCA48854200DDFFDFC8480C
:101D80004042854200DAFFDFC448401C844207DA43
:101D9000002C01DB204630BDC048401C201830BD5F
:101DA000BE48C043FAE710B504460168407ABD4A10
:101DB00052F82020114450B10220084420F07F4006
:101DC000F8F759FD94F90810BDE81040C9E7042060
:101DD000F3E72DE9F047B04E7C3696F82D50DFF84A
:101DE000B89206EB850090F8264036E0C5EB451129
:101DF00009EB41074FF0070817F81400012806D037
:101E000004282ED005282ED0062800D0FFDF01F0B0
:101E100045F9014607EB4400427806EB850080F85F
:101E2000262090F82720A24202D11F2280F82720E6
:101E3000084601F03EF92A4621460120FFF726FF19
:101E40009948414600EB041002682046904796F8F6
:101E50002D5006EB850090F826401F2CC6D1BDE81A
:101E6000F087022000E003208046D0E710B58A4CBE
:101E70001F217C3484F8251084F8261084F827105C
:101E8000002084F8280084F82D0084F82E10411ECC
:101E9000A16044F8100B2074607420736073A07309
:101EA0008249E07720750870487000217A4A103C1A
:101EB00002F81100491CC9B21F29F9D30120F8F713
:101EC000CAFB0020F8F7C7FB012084F82200F9F7CD
:101ED00037F87748F9F749F8744CA41E2070754814
:101EE000F9F743F86070BDE81040F8F741BB10B552
:101EF000F8F763FB6D4CA41E2078F9F74FF8607873
:101F0000F9F74CF8BDE8104001F000B91F20704708
:101F10000020F8F779BB70B5054601240E46AC40A9
:101F20005AB1FFF7F5FF0146634800EBC500C0F862
:101F30001015C0F81465614801E06048001D046098
:101F400070BD2DE9F34F544D00247C3505EB810A1B
:101F500089B09AF825001F2823D0611E02915249AA
:101F6000009401EB0017391D03AB07C983E8070094
:101F700005F11400A0460189ADF81C10807A8DF897
:101F80001E009DF81500C8B10226464951F82040B0
:101F90000399A219114421F07F41019184B10221DA
:101FA0000FE00120F8F757FB0020F8F754FBF8F793
:101FB00022FB01F0ABF885F82F40A9E00426E4E706
:101FC00000218DF81810022801D0012820D1039893
:101FD00001190998081A801C9DF81C1020F07F40F8
:101FE00001B10221353181420BD203208DF8150059
:101FF0000398C4F13201401A20F07F40322403904C
:102000000CE095F8240018B901F063FA002863D0B9
:10201000322C03D214B101F06DF801E001F076F832
:10202000224A107818B393465278039B121B002162
:102030009DF81840994601281AD0032818D000208E
:102040008DF81E00002A04DD981A039001208DF8F7
:1020500018009DF81C0000B102210398184A20F0D6
:102060007F40039003AB099801F05CF810B110E0D9
:102070000120E5E79DF81D0018B99BF80000032832
:1020800029D08DF81C80CDF80C908DF818408DF873
:102090001E809DF8180015E0DC080020FF7F841EDC
:1020A0000020A10770B20100EC0600209A00002079
:1020B000773A0100D31D010000F0014004F5014012
:1020C000FFFF3F0058B103980123811900221846F1
:1020D000F8F714FB06E000200BB0BDE8F08F0120FC
:1020E000F8F7B9FA97F90C20012300200199F8F7C5
:1020F00005FBF87BC00701D0F8F7E9FB012085F864
:102100002F008AF8288020226946FE48FBF711F943
:102110000120E1E72DE9F05FDFF8E883064608EBF0
:10212000860090F825501F2D21D0A8F17C01C6EB28
:1021300046102C4601EB4007A1F5F879DFF8C8B34B
:1021400005E0A24607EB4A0044781F2C0AD0F8F7B6
:1021500020FB09EB04135A4601211B1D00F0E2FF8E
:102160000028EED0AC4202D0334652461EE0E7488B
:1021700008B1AFF30080F8F70CFB98F82F206AB194
:10218000D8F80C20411C891A0902CA1701EB126108
:102190000912002902DD0020BDE8F09F3146FFF75B
:1021A000D0FE08B10120F7E733462A461F2104205C
:1021B000FFF79CFDEFE72DE9F041D24C2569F8F7D8
:1021C000E8FA401B0002C11700EB1160001200D4B6
:1021D000FFDF94F8220000B1FFDF012784F82270AE
:1021E00094F82E001F2800D1FFDF94F82E601F20E6
:1021F00084F82E00002584F82F5084F8205084F8AD
:102200002150C34825600078022835D0032833D0F8
:1022100000202077A068401C05D04FF0FF30A06060
:102220000120F8F718FA0020F8F715FAF8F711FB73
:10223000F8F709FBF8F7DFF908F0C6F8B5480560CC
:1022400005604FF0E0214FF40040B846C1F880022D
:10225000F0F7B5FE94F82D703846FFF75BFF0028C5
:10226000FAD0A849C7EB47107C3901EB400010F8C1
:102270001600022802D006E00120CAE73A4631469D
:102280000620FFF703FD84F8238004EB870090F815
:1022900026001F2804D09E48801E4078F8F784FE50
:1022A000207F002803D0F8F7C4FA257765771BE56F
:1022B000944910B591F82D20924B0024C2EB4211A5
:1022C0007C3B03EB410100BF11F814302BB1641CBF
:1022D000E4B21F2CF8D31F2010BD8F4901EB04116D
:1022E00008600020C87321460120FFF7CFFC20467C
:1022F00010BD10B5012801D0032800D181B3814A57
:1023000092F82D307F4C0022C3EB43137C3C04EB4E
:10231000430300BF13F812400CB1082010BD521C3B
:10232000D2B21F2AF6D37A4A48B1022807D0072929
:1023300017D2DFE801F01606080A0C0E1000002183
:102340000AE01B2108E03A2106E0582104E0772149
:1023500002E0962100E0B52151701070002010BD00
:10236000FFE70720FBE76A4810B54078F8F783FAE3
:1023700080B2F4E710B51F2815D2624991F82D20DC
:10238000C2EB4213A1F17C0202EB430414F81030BB
:102390004BB191F82D30C3EB431302EB430212F81B
:1023A0001020012A01D00020D9E791F82D20014604
:1023B0000020FFF76BFC0120D1E710B5F8F7E9F931
:1023C000BDE81040F8F757BA2DE9F0410E464D4FE1
:1023D00001781F257C3FC3EB43130C4607EB4303F7
:1023E00003E0254603EB45046478944202D01F2C99
:1023F000F7D108E01F2C06D0A14206D103EB410122
:102400004978017007E000206EE403EB440003EB21
:10241000450140784870414F7EB127B1002140F21C
:102420002D40AFF300803078A04206D127B10021C3
:102430004FF48660AFF30080357027B1002140F281
:102440003540AFF3008001204EE410B542680B68C0
:102450009A1A1202D41702EB1462121216D4497A95
:1024600091B1427A82B92E4A006852F8211012685E
:1024700019441044001D891C081A0002C11700EB02
:1024800011600012322801DB012068E7002066E7B6
:102490002DE9F0478146204EC1EB411006F5F87159
:1024A0009846144601EB400713E000BF06EB041505
:1024B000291D4846FFF7C9FF68B988F80040A97B85
:1024C00099F80A00814201D80020C8E407EB4400D3
:1024D00044781F2CEAD10120C1E42DE9F04782465F
:1024E00008480E4600EB8600DFF82C8090F8254067
:1024F0001F201070C1EB46109946154608F5F8717B
:1025000010E0000058090020FFFF3F00000000001D
:102510009A00002000F50040EC06002000000000BA
:1025200070B2010001EB40070BE000BF08EB0410A4
:102530005146001DFFF789FF28B107EB44002C70BE
:1025400044781F2CF2D1297889F800104B46224696
:1025500031465046BDE8F0479AE72DE9FC410E466A
:1025600007460024FE4D08E09DF8000005EB001032
:102570008168384600F0EAFD01246B4601AA314625
:102580003846FFF7AAFF0028EED02046BDE8FC81C0
:1025900070B50446C0EB44110125F248A54300EB99
:1025A0004101C5EB451200EB42003E22FAF7C1FEA5
:1025B000ED4E26B100214FF49360AFF30080E9485F
:1025C0007C3000EB850100EB8400D0F82500C1F8D9
:1025D000250026B1002140F29C40AFF30080284640
:1025E00070BD8A4203D003460520FFF77FBB1F2939
:1025F00008D0DC4AC0EB401002EB400000EB410089
:1026000040787047D7497C3101EB800090F8250075
:102610007047D34901EB0010001DFFF7C4BB7CB528
:102620001D46134604460E4600F108022146184690
:10263000F8F72EF994F908000F2804DD1F382072EE
:102640002068401C206096B10220C84951F826102D
:10265000461820686946801B20F07F40206094F96E
:1026600008002844C01C1F2803DA012009E00420C8
:10267000EBE701AAF8F70CF99DF8040010B10098F7
:10268000401C00900099206831440844C01C20F090
:102690007F4060607CBDFEB50C46064609786079D7
:1026A000907220791F461546507279B12179002227
:1026B0002846A368FFF7B3FFAA4928467C3191F862
:1026C0002E201F2A0AD00969491D0DE0D4E90223F2
:1026D000217903B02846BDE8F040A0E7A449497835
:1026E000052900D20521314421F07F4100F02EFD63
:1026F00039462846FFF731FFD4E90232217968468E
:10270000FFF78DFF2B4600213046019A00F00AFDAD
:10271000002806D103B031462846BDE8F04000F05D
:1027200015BDFEBD2DE9FE4F814600F0CBFC38B152
:102730005FF0000799F8000020B10020BDE8FE8F8F
:102740000127F7E7874D884C4FF0000A7C3524B10C
:10275000002140F2FF40AFF3008095F82D8085F80E
:1027600023A0002624B1002140F20450AFF30080E2
:102770001FB94046FFF70CFF804624B1002140F20C
:102780000C50AFF30080F8F704F843466A46494618
:10279000FFF781FF24B1002140F21250AFF3008017
:1027A00095F82E001F280CD029690098401A0002C5
:1027B000C21700EB1260001203D5684600F0C6FC99
:1027C000012624B1002140F21C50AFF3008095F89F
:1027D00023000028BBD124B1002140F22250AFF3E6
:1027E0000080F7F7D6FF6B46624A002100F09AFCA2
:1027F0000028A3D027B941466846FFF7AEFE06433E
:1028000026B16846FFF7CFFAC9F8080024B10021C5
:1028100040F23550AFF3008001208FE72DE9F04FF3
:1028200089B08B46824600F04DFC4E4C7C3428B378
:102830009BF80000002710B1012800D0FFDF4A4DAF
:1028400025B1002140F2F750AFF300804449012048
:1028500001EB0A18A94607905FEA090604D0002197
:1028600040F2FF50AFF30080079800F022FC94F88C
:102870002D50002084F8230067B119E094F82E0051
:1028800001271F2800D1FFDF9BF800000028D6D0C9
:10289000FFDFD4E72846FFF77BFE054626B100217F
:1028A00040F20960AFF3008094F823000028D3D1F0
:1028B00026B1002140F21360AFF30080F7F769FF03
:1028C0002B4602AA59460790FFF7E5FE98F80F003D
:1028D0005FEA060900F001008DF8130004D0002122
:1028E00040F21D60AFF300803B462A4602A9CDF8B6
:1028F00000A0079800F035FC064604EB850090F830
:1029000028000090B9F1000F04D0002140F22460AB
:10291000AFF3008000F0C2FB0790B9F1000F04D0C4
:10292000002140F22A60AFF3008094F823000028D1
:1029300092D1B9F1000F04D0002140F23260AFF320
:1029400000800DF1080C9CE80E00C8E90112C8F8DF
:102950000C30BEB35FEA090612D000210CE0000083
:10296000EC060020DC0800200000000070B201002E
:102970009A000020FFFF3F0040F23F60AFF300806D
:102980000098B84312D094F82E001F280ED126B11B
:10299000002140F24460AFF300802846FFF7BAFB05
:1029A00020B99BF80000D8B3012849D0B9F1000F35
:1029B00004D0002140F26160AFF30080284600F0AF
:1029C00066FB01265FEA090504D0002140F26A6037
:1029D000AFF30080079800F06CFB25B1002140F2B6
:1029E0006E60AFF300808EB194F82D0004EB800090
:1029F00090F826001F2809D025B1002140F275600B
:102A0000AFF30080F9484078F8F7CEFA25B10021FD
:102A100040F27A60AFF3008009B03046BDE8F08F35
:102A2000FFE7B9F1000F04D0002140F24C60AFF392
:102A3000008094F82D2051460420FFF727F9C0E7C5
:102A4000002E3FF409AF002140F25760AFF3008041
:102A500002E72DE9F84FE64D814695F82D004FF03D
:102A60000008E44C4FF0010B474624B100214FF41D
:102A7000D160AFF30080584600F01BFB85F823704F
:102A800024B1002140F28D60AFF3008095F82D0055
:102A9000FFF77EFD064695F8230028B1002CE4D010
:102AA000002140F293604DE024B1002140F2976094
:102AB000AFF30080CE49C6EB46107C3901EB4001F4
:102AC00011F81900032856D1334605EB830A4A460C
:102AD0009AF82500904201D1012000E000200090EA
:102AE0000AF125000021FFF76FFC01460098014222
:102AF00003D001228AF82820AF77E1B324B1002166
:102B000040F29C60AFF30080324649460120FFF757
:102B1000BDF89AF828A024B1002140F2A760AFF3D5
:102B2000008000F0BBFA834624B1002140F2AC6083
:102B3000AFF3008095F8230038B1002C95D0002128
:102B40004FF4D660AFF300808FE7BAF1000F07D0E3
:102B500095F82E001F2803D13046FFF7DBFAE0B1CD
:102B600024B1002140F2C460AFF30080304600F091
:102B70008EFA4FF0010824B1002140F2CD60AFF38E
:102B80000080584600F095FA24B1002140F2D1604F
:102B9000AFF300804046BDE8F88F002CF1D0002153
:102BA00040F2BF60AFF30080E6E70120F7F72CBDED
:102BB0008E48007870472DE9F0418D4C94F82E0036
:102BC0001F2821D194F82D6004EB860797F8255033
:102BD0001F2D00D1FFDF8649C6EB46107C3901EB83
:102BE000400000EB4500407807F8250F0120F87001
:102BF00084F82300294684F82E50324602202234DD
:102C0000FFF744F8002020701EE42DE9F0417A4ED1
:102C1000774C012538B1012821D0022879D003282A
:102C20007DD0FFDF10E400F065FAFFF7C4FF207EDF
:102C300000B1FFDF84F821500020F7F70CFDA168F8
:102C4000481C04D0012300221846F7F757FD14F85A
:102C50002E0F217806EB01110A68012154E0FFF7DD
:102C6000AAFF0120F7F7F7FC94F8210050B1A06803
:102C7000401C07D014F82E0F217806EB01110A68CA
:102C8000062141E0207EDFF86481002708F1020878
:102C9000012803D002281ED0FFDFB5E7A777F7F79A
:102CA000C8FD98F80000032801D165772577607D7D
:102CB000524951F8200094F8201051B948B1616888
:102CC0000123091A00221846F7F718FD0220207682
:102CD0009AE7277698E784F8205000F00BFAA07F57
:102CE00050B198F8010061680123091A00221846C2
:102CF000F7F704FD257600E0277614F82E0F2178EB
:102D000006EB01110A680021BDE8F041104700E020
:102D100005E036480078BDE8F041F8F745B9FFF71F
:102D20004AFF14F82E0F217806EB01110A680521DD
:102D3000EAE710B52E4C94F82E001F2800D1FFDFD3
:102D400014F82E0F21782C4A02EB01110A68BDE815
:102D50001040042110477CB5254C054694F82E0000
:102D60001F2800D1FFDFA068401C00D0FFDF94F8CF
:102D70002E00214901AA01EB0010694690F90C00D0
:102D80002844F7F785FD9DF904000F2801DD012097
:102D900000E00020009908446168084420F07F4169
:102DA000A16094F82100002807D002B00123BDE8FB
:102DB000704000221846F7F7A1BC7CBD30B5104A20
:102DC0000B1A541CB3EB940F1ED3451AB5EB940F9A
:102DD0001AD3934203D9101A43185B1C14E095428E
:102DE00010D9511A0844401C43420DE098000020BD
:102DF0005809002000000000EC06002070B201001D
:102E0000FF7F841EFFDF0023184630BD0123002210
:102E100001460220F7F772BC0220F7F71CBCF7F757
:102E2000B8BC2DE9FE4FF24C05468A4694F82E00B8
:102E30001F2800D1FFDFEE4E94F82E10A04620464A
:102E4000A6F51B7202EB01141F218DF8001090F8FB
:102E50002D10376900EB8101D8F8000091F825901A
:102E6000284402AA01A90C36F7F712FD9DF90800C3
:102E7000002802DD0198401C0190A0680199642D92
:102E8000084453D3DB4B00225B1B72EB02014DD392
:102E90006168411A21F07F41B1F5800F46D220F0E0
:102EA0007F40706086F80AA098F82D1044466B4663
:102EB0004A463046FFF7ECFAB8B3A068401C10D081
:102EC000F7F767FCA168081A0002C11700EB116050
:102ED000001202282CDD0120F7F7BDFB4FF0FF3078
:102EE000A06094F82D009DF800201F210F34FFF7FB
:102EF00078FBA17FBE4AC1EB41117C3A02EB410154
:102F0000E27F01EB4201487054F80F0C284444F86A
:102F10000F0C012020759DF800001F2803D0B64833
:102F20004078F8F741F8012008E401E0002005E4CA
:102F30007760FBE72DE9F047AD4C074694F82D008C
:102F4000A4F17C06C0EB401006EB400010F817001F
:102F500000B9FFDF94F82D50A046A84C24B1002101
:102F600040F6E800AFF30080C5EB451040F6F409E9
:102F700040F6FD0A06EB400616F81700012819D0A6
:102F8000042811D005280FD006280DD01CB100212F
:102F90004846AFF3008007F0EBFE002CECD0002198
:102FA0005046AFF30080E7E72A4639460120FEF796
:102FB0006DFEF2E74FF0010A4FF00009454624B1DB
:102FC000002140F60410AFF30080504600F071F885
:102FD00085F8239024B1002140F60910AFF300805A
:102FE00095F82D00FFF7D4FA064695F8230028B18E
:102FF000002CE4D0002140F60F101FE024B1002186
:1030000040F61310AFF3008005EB860000F12701B6
:1030100033463A462630FFF7D7F924B1002140F66F
:103020001710AFF3008000F039F8824695F82300BE
:1030300038B1002CC3D0002140F61D10AFF3008042
:10304000BDE785F82D60012085F82300504600F08B
:1030500030F8002C04D0002140F62A10AFF3008095
:10306000BDE8F08730B5044661480D4690F82D0064
:103070005F49C0EB40107C3901EB400010F81400B0
:1030800000B9FFDF5E4800EB0410C57330BD58493E
:1030900081F82D00012081F82300704710B55948B0
:1030A00008B1AFF30080EFF3108000F0010072B6BA
:1030B00010BD10B5002804D1534808B1AFF300800B
:1030C00062B610BD51480068C005C00D10D0103860
:1030D00040B2002804DB00F1E02090F8000405E095
:1030E00000F00F0000F1E02090F8140D4009704747
:1030F0000820704710B53E4C94F82400002804D1F5
:10310000F7F746FC012084F8240010BD10B5384CB8
:1031100094F82400002804D0F7F763FC002084F81A
:10312000240010BD10B51C685B68241A181A24F01E
:103130007F4420F07F40A14206D8B4F5800F03D22F
:10314000904201D8012010BD002010BDD0E900320E
:10315000D21A21F07F43114421F07F41C0E90031B0
:1031600070472DE9FC418446214815460F46C2EBC5
:1031700045117C38089C00EB410616F81400012824
:1031800004D0022802D00020BDE8FC813B46204A42
:1031900001216046FFF7C6FFF0B101AB6A46294640
:1031A0003846FFF79AF9B8B19DF804209DF8001051
:1031B0002846FFF716FA06EB440148709DF8000018
:1031C0001F280DD006EB400044702A4621460320FC
:1031D000FEF75CFD0120D7E72A4621460420F7E7E9
:1031E0000348012100EB850000F8254FC170ECE792
:1031F00058090020FF1FA1079800002000000000D0
:10320000EC060020000000000000000004ED00E0DB
:10321000FFFF3F002DE9F041044680074FF0000515
:103220004FF001060CD56B480560066000F0DEF932
:1032300020B16948016841F48061016024F0020412
:10324000E0044FF0FF3705D564484660C0F80873C6
:1032500024F48054600003D56148056024F0804464
:10326000E0050FD55F48C0F80052C0F808735E490A
:103270000D60091D0D605C4A04210C32116006616D
:1032800024F48074A00409D558484660C0F8005260
:10329000C0F808735648056024F40054C4F3803025
:1032A000C4F3C031884200D0FFDF14F4404F14D083
:1032B00050484660C0F808734F488660C0F8005216
:1032C000C0F808734D490D600A1D16608660C0F88D
:1032D00008730D60166024F4404420050AD5484860
:1032E00046608660C0F80873C0F8487345480560BA
:1032F00024F4006407F042F84348044200D0FFDFA2
:10330000BDE8F081F0B50022202501234FEA020438
:1033100020FA02F1C9072DD051B2002910DB00BFFD
:103320004FEA51174FEA870701F01F0607F1E02720
:1033300003FA06F6C7F88061BFF34F8FBFF36F8FB4
:103340000CDB00BF4FEA51174FEA870701F01F0659
:1033500007F1E02703FA06F6C7F8806204DB01F103
:10336000E02181F8004405E001F00F0101F1E021C6
:1033700081F8144D02F10102AA42C9D3F0BD10B583
:10338000224C20600846F7F71CFC2068FFF742FF3C
:103390002068FFF7B7FF06F031FC00F088F906F06F
:1033A000EDFF06F02CFFF7F7CBFDBDE8104006F06F
:1033B000D9BC10B5154C2068FFF72CFF2068FFF72B
:1033C000A1FF06F0DBFFF7F7FBFC0020206010BD3B
:1033D0000A207047FC1F00403C17004000C000401E
:1033E00004E50140008000400485004000D000401A
:1033F00004D5004000E0004000F0004000F500402F
:1034000000B0004008B50040FEFF0FFD9C0000200A
:1034100070B526490A680AB30022154601244B6894
:103420005B1C4B600C2B00D34D600E7904FA06F345
:103430000E681E420FD0EFF3108212F0010272B636
:1034400000D001220C689C430C6002B962B6496846
:103450000160002070BD521C0C2AE0D3052070BD15
:103460004FF0E0214FF48000C1F800027047EFF305
:10347000108111F0010F72B64FF0010202FA00F252
:103480000A48036842EA0302026000D162B6E7E735
:1034900006480021016041607047012181400348D6
:1034A0000068084000D0012070470000A000002004
:1034B00001208107086070470121880741600021D1
:1034C000C0F80011184801707047174901200870B2
:1034D00070474FF08040D0F80001012803D0124817
:1034E0000078002800D00120704710480068C0070D
:1034F00000D0012070470D480C300068C00700D094
:10350000012070470948143000687047074910319E
:103510000A68D20306D5096801F00301814201D18E
:103520000120704700207047A800002008040040D8
:103530004FF08050D0F830010A2801D000207047A9
:103540000120704700B5FFF7F3FF20B14FF0805026
:10355000D0F8340108B1002000BD012000BD4FF0BB
:103560008050D0F83001062803D0401C01D0002044
:103570007047012070474FF08050D0F830010D287F
:1035800001D000207047012070474FF08050D0F8E4
:103590003001082801D000207047012070474FF00B
:1035A0008050D0F83001102801D000207047012051
:1035B000704700B5FFF7F3FF30B9FFF7DCFF18B92C
:1035C000FFF7E3FF002800D0012000BD00B5FFF7A2
:1035D000C6FF38B14FF08050D0F83401062803D32D
:1035E000401C01D0002000BD012000BD00B5FFF748
:1035F000B6FF48B14FF08050D0F83401062803D30D
:10360000401C01D0012000BD002000BD0021017040
:10361000084670470146002008707047EFF310819C
:1036200001F0010172B60278012A01D0012200E006
:1036300000220123037001B962B60AB1002070476D
:103640004FF400507047E9E7EFF3108111F0010FDC
:1036500072B64FF00002027000D162B600207047CF
:10366000F2E700002DE9F04115460E46044600271A
:1036700000F0EBF8A84215D3002341200FE000BF73
:1036800094F84220A25CF25494F84210491CB1FB19
:10369000F0F200FB12115B1C84F84210DBB2AB426B
:1036A000EED3012700F0DDF83846BDE8F08172491D
:1036B00010B5802081F800047049002081F8420094
:1036C00081F84100433181F8420081F841004331E3
:1036D00081F8420081F841006948FFF797FF684888
:1036E000401CFFF793FFF7F7B3FBBDE8104000F075
:1036F000B8B840207047614800F0A7B80A460146B4
:103700005E48AFE7402070475C48433000F09DB80A
:103710000A46014659484330A4E740210170002081
:10372000704710B504465548863000F08EF820707A
:10373000002010BD0A460146504810B58630FFF7FC
:1037400091FF08B1002010BD42F2070010BD70B516
:103750000C460646412900D9FFDF4A480068103868
:1037600040B200F054F8C5B20D2000F050F8C0B2DD
:10377000854201D3012504E0002502E00DB1F7F7F1
:10378000AAFB224631463D48FFF76CFF0028F5D0E2
:1037900070BD2DE9F0413A4F0025064617F10407A8
:1037A00057F82540204600F041F810B36D1CEDB2EB
:1037B000032DF5D33148433000F038F8002825D0E8
:1037C0002E4800F033F8002820D02C48863000F036
:1037D0002DF800281AD0F7F754FB2948FFF71EFFF1
:1037E000B0F5005F00D0FFDFBDE8F0412448FFF7EF
:1037F0002BBF94F841004121265414F8410F401C7E
:10380000B0FBF1F201FB12002070D3E74DE7002876
:1038100004DB00F1E02090F8000405E000F00F0068
:1038200000F1E02090F8140D4009704710F8411F96
:103830004122491CB1FBF2F302FB13114078814293
:1038400001D1012070470020704710F8411F4078D7
:10385000814201D3081A02E0C0F141000844C0B21D
:10386000704710B50648FFF7D9FE002803D1BDE820
:103870001040F7F7F1BA10BD0DE000E08809002014
:10388000AC00002004ED00E070B5154D2878401C18
:10389000C4B26878844202D000F0DBFA2C7070BDAC
:1038A0002DE9F0410E4C4FF0E02600BF00F0C6FAC3
:1038B00007F05EFA40BF20BF677820786070D6F8C6
:1038C0000052EDF759FD854305D1D6F8040210B931
:1038D0002078B842EAD000F0ACFA0020BDE8F081D0
:1038E000BC0000202DE9F04101264FF0E022310319
:1038F0004FF000084046C2F88011BFF34F8FBFF36E
:103900006F8F204CC4F800010C2000F02EF81E4DE3
:103910002868C04340F30017286840F01000286072
:10392000C4F8046326607F1C02E000BF07F020FAA1
:10393000D4F800010028F9D01FB9286820F0100041
:103940002860124805686660C4F80863C4F80081FE
:103950000C2000F00AF82846BDE8F08110B50446B6
:10396000FFF7C0FF2060002010BD002809DB00F039
:103970001F02012191404009800000F1E020C0F8C1
:103980008012704700C0004010ED00E008C5004004
:103990002DE9F047FF4C0646FF21A06800EB061218
:1039A00011702178FF2910D04FF0080909EB01119F
:1039B00009EB06174158C05900F0F4F9002807DD5B
:1039C000A168207801EB061108702670BDE8F08729
:1039D00094F8008045460DE0A06809EB05114158B8
:1039E000C05900F0DFF9002806DCA068A84600EB0B
:1039F00008100578FF2DEFD1A06800EB061100EB51
:103A000008100D700670E1E7F0B5E24B04460020A7
:103A100001259A680C269B780CE000BF05EB001787
:103A2000D75DA74204D106EB0017D7598F4204D0C7
:103A3000401CC0B28342F1D8FF20F0BD70B5FFF743
:103A4000EEF9D44C08252278A16805EB02128958BA
:103A500000F0A8F9012808DD2178A06805EB011124
:103A60004058BDE87040FFF7D1B9FFF7A1F8BDE8B5
:103A70007040F7F799BA2DE9F041C64C2578FFF769
:103A8000CEF9FF2D6ED04FF00808A26808EB05169E
:103A9000915900F087F90228A06801DD80595DE0A6
:103AA00000EB051109782170022101EB0511425C40
:103AB0005AB1521E4254815901F5800121F07F41D3
:103AC00081512846FFF764FF34E00423012203EB11
:103AD000051302EB051250F803C0875CBCF1000F20
:103AE00010D0BCF5007F10D9CCF3080250F806C006
:103AF0000CEB423C2CF07F4C40F806C0C3589A1A9D
:103B0000520A09E0FF2181540AE0825902EB4C324B
:103B100022F07F428251002242542846FFF738FFAC
:103B20000C21A06801EB05114158E06850F82720EE
:103B3000384690472078FF2814D0FFF770F9227894
:103B4000A16808EB02124546895800F02BF90128BC
:103B500093DD2178A06805EB01114058BDE8F041E4
:103B6000FFF754B9BDE8F081F0B51D4614460E4686
:103B70000746FF2B00D3FFDFA00700D0FFDF8548FB
:103B8000FF210022C0E90247C57006710170427032
:103B900082701046012204E002EB0013401CE15445
:103BA000C0B2A842F8D3F0BD70B57A4C064665782D
:103BB0002079854200D3FFDFE06840F82560607817
:103BC000401C6070284670BD2DE9FF5F1D468B4686
:103BD0000746FF24FFF723F9DFF8B891064699F866
:103BE0000100B84200D8FFDF00214FF001084FF07C
:103BF0000C0A99F80220D9F808000EE008EB01132E
:103C0000C35CFF2B0ED0BB4205D10AEB011350F869
:103C100003C0DC450CD0491CC9B28A42EED8FF2C47
:103C200002D00DE00C46F6E799F803108A4203D162
:103C3000FF2004B0BDE8F09F1446521C89F8022012
:103C400008EB04110AEB0412475440F802B00421B7
:103C5000029B0022012B01EB04110CD040F8012043
:103C60004FF4007808234FF0020C454513D9E905BD
:103C7000C90D02D002E04550F2E7414606EB413261
:103C800003EB041322F07F42C250691A0CEB0412BA
:103C9000490A81540BE005B9012506EB453103EBD8
:103CA000041321F07F41C1500CEB0411425499F8E8
:103CB00000502046FFF76CFE99F80000A84201D0A2
:103CC000FFF7BCFE3846B4E770B50C460546FFF773
:103CD000A6F8064621462846FFF796FE0446FF282A
:103CE0001AD02C4D082101EB0411A8684158304628
:103CF00000F058F800F58050C11700EBD140401398
:103D00000221AA6801EB0411515C09B100EB4120CA
:103D1000002800DC012070BD002070BD2DE9F047B7
:103D200088468146FFF770FE0746FF281BD0194DD5
:103D30002E78A8683146344605E0BC4206D02646B7
:103D400000EB06121478FF2CF7D10CE0FF2C0AD000
:103D5000A6420CD100EB011000782870FF2804D097
:103D6000FFF76CFE03E0002030E6FFF755F8414610
:103D70004846FFF7A9FF0123A968024603EB041395
:103D8000FF20C854A878401EB84200D1A87001EBAB
:103D9000041001E0540A002001EB061100780870BD
:103DA000104613E6081A0002C11700EB116000125A
:103DB0007047000010B5202000F07FF8202000F0B0
:103DC0008DF84D49202081F80004EDF7D3FA4B49D6
:103DD00008604B48D0F8041341F00101C0F8041307
:103DE000D0F8041341F08071C0F804134249012057
:103DF0001C39C1F8000110BD10B5202000F05DF89D
:103E00003E480021C8380160001D01603D4A481E3F
:103E100010603B4AC2F80803384B1960C2F8000131
:103E2000C2F8600138490860BDE81040202000F069
:103E300055B834493548091F08607047314933483F
:103E4000086070472D48C8380160001D521E02608E
:103E500070472C4901200860BFF34F8F70472DE950
:103E6000F0412849D0F8188028480860244CD4F83C
:103E700000010025244E6F1E28B14046EDF7D4F90D
:103E800040B9002111E0D4F8600198B14046EDF747
:103E9000CBF948B1C4F80051C4F860513760BDE8AF
:103EA000F041202000F01AB831684046BDE8F041EA
:103EB00006F068BFFFDFBDE8F08100280DDB00F0F1
:103EC0001F02012191404009800000F1E020C0F86C
:103ED0008011BFF34F8FBFF36F8F7047002809DB4E
:103EE00000F01F02012191404009800000F1E02014
:103EF000C0F880127047000020E000E0C8060240D1
:103F000000000240180502400004024001000001C8
:103F1000454800210170417010218170704770B5D3
:103F2000054616460C460220F3F7F2FB3E490120F7
:103F3000F61E08703D4806603C4808380560001FC2
:103F4000046070BD10B50220F3F7E2FB3649012092
:103F5000087000F051F836494FF40000086010BDB9
:103F600010B5314C207888B131494FF40000091D5B
:103F7000086000F04AF8002120B1012060702D484F
:103F8000006801E061701020A0702170BDE8104051
:103F90000020F3F7BDBB244810B5017859B126487D
:103FA000D0F8000128B100F030F8002800D001203E
:103FB00010BD022010BD407810BD10B5C824641E8D
:103FC000E4B2FFF7E8FF022803D0012800D0002068
:103FD00010BD002CF3D1FFDFF9E7134810B50178CD
:103FE00041B100F012F818B112480068C0B210BD1B
:103FF000102010BD807810BD0F480021C0F80011BE
:10400000C0F80411C0F8081170470B48D0F800112F
:1040100029B1D0F8041111B1D0F8080108B100207D
:104020007047012070470000BE00002010F50040DE
:1040300004F5014000F4004000F000404748002132
:1040400001704170704770B5064614460D46012058
:10405000F3F75EFB42480660001D0460001D05602A
:1040600070BD70B53D4901250D7040EA02413C4AE2
:1040700041F08071121F11603A4C0026C4F80461AF
:10408000394A4FF04071116058B1012800D0FFDF6C
:10409000C4F80062256034494FF00070091F0860C1
:1040A00070BDC4F80052256070BD2C48017871B114
:1040B0002D4A4FF0407111602A49D1F804210021A6
:1040C0001AB12A4A1268427000E041700170002063
:1040D000F3F71EBB2148017841B12248D0F8040112
:1040E000002802D021480068C0B27047407870476D
:1040F0002DE9F04700282AD01848007800B9FFDFE2
:10410000184DD5F80401002821D10227C5F8047301
:10411000174C2068C04340F30016206840F01000A0
:1041200020604FF400484FF0E029761C04E000BF07
:10413000C9F8808206F01CFED5F804010028F7D0EB
:104140001EB9206820F010002060C5F80873BDE893
:10415000F08704490120886070470000C1000020FA
:1041600008F5004000F0004008F5014000F4004070
:1041700010ED00E010B541F6A474012802D0022829
:1041800002D0FFDF204610BD41F2883010BD38B5A7
:10419000FE4D0024C5F80041C5F80C41C5F810419A
:1041A000C5F80441C5F81441C5F81841FFF70EFAE7
:1041B00008B1C5F82841F6480068009038BD70B5D0
:1041C000F44D00246C702C7000F0D2FD85F8254071
:1041D000EC620922002105F11800AC63F9F7D3F86D
:1041E000ED49601E0860091D0860091D0C60091D6D
:1041F0000860091D0C60091D0860091D0860091D83
:104200000860091D0860091D0860091D0860091D76
:104210000860091D0860091D086070BDDF4800B511
:10422000016801F00F01032905D0006800F00F00BC
:10423000042802D0FFDF012000BD022000BD00B530
:10424000012802D0022800D0FFDF002000BD00B509
:10425000012802D0022802D0FFDF282000BD18204C
:1042600000BD10B5CB4902681839CA4C0A634268D0
:104270004A63007A81F83800207E50B1207FF9F738
:10428000C0F8A07E08B1012100E00021207FF9F7ED
:10429000ADF8607E00280CD0607FF9F7B2F8E07EC0
:1042A00008B1012100E00021607FBDE81040F9F76E
:1042B0009DB810BD00F063BD10B500F060FDB348BF
:1042C000D0F80001002800D0FFDF10BD70B501203C
:1042D00000F030FDB2480025056001260660FFF7BA
:1042E00085F9B04C18B1206840F480602060FFF779
:1042F00036F928B12068AC4920F0770008432060E7
:10430000FFF764F938B1A748001D016821F47F4127
:1043100041F4B0510160A349A4483C310860FFF763
:1043200055F99C4C60B19D490220503184F8210020
:104330000860A0499E48086095481030091F086031
:104340004FF01020806C411C05D094497C310A68E4
:1043500060F317420A60914940F25B6028310860BF
:10436000091F40F203100860081F06608B490320F4
:1043700008608C48EC38066094F8211011B14FF4B5
:10438000C02100E08C498B4A41F46021943A1160CD
:104390008749884A091F083211607D490839121F70
:1043A0001160016821F440710160016841F480717D
:1043B0000160012000F0CFFC74491020C1F8040313
:1043C00084F83150E56270BD76483830016821F0DC
:1043D000010141F08071016070476E4A0368183A2C
:1043E000C2F81A308088D0836A48017270476948E1
:1043F00090F825007047674A517010707047F0B50B
:104400000546840061488B882044C0F820360B782C
:10441000D1F8011043EA0121C0F8001605F10800A7
:104420000127604C07FA00F6FC3C52B1012A00D08B
:10443000FFDF2068304320602068AF4038432060B1
:10444000F0BD2068B043F6E706F0E8B8514890F8B0
:1044500032007047514AC1781432116000684F49E8
:1044600000020C3108607047252807D0262807D0A5
:10447000272807D00A2807D8042206E0022107E0EF
:104480001A2105E0502103E0062202EB4001C9B2E7
:10449000424A083A116041494431086070473D483A
:1044A000817A012917D0022914D1417E002911D027
:1044B000827F0121C37F01FA02F299400A433D49FC
:1044C00094390A6090F820003C4A002102EB8000F9
:1044D000C0F810157047017EE8E72DE9F0472D4C34
:1044E000A17A01290BD0022975D1627E002A72D0EF
:1044F000012906D0677FE17E59B101260AE0227EBC
:10450000F4E7277FA17E09B1012600E000261121F2
:1045100001E000262421DFF898804FF0010AA8F17D
:104520004408C8F84CA0DFF898904518D9F8000066
:10453000A84200D3FFDF0021C8F84C11C9F8005091
:10454000380286F0010140EA015040F0031294F86D
:1045500020101A4800EB8103C3F8102500EB8101FD
:10456000A27F184800EBC203C3F81415164DC3F818
:104570001055E37F00EBC300C0F814150449083957
:10458000C0F810150AFA02F120E024E00010004003
:10459000181100407C0A0020000E00401015004059
:1045A000FC1F00403C170040880000802C00008960
:1045B000448000409CF5014000000404006000407D
:1045C0004C85004000F001404C8100400AFA03F0A5
:1045D0000143F9480160BDE8F0872DE9F0410E463E
:1045E000F64907460320C1F80002F54C94F8210073
:1045F00010B14FF4C02000E0F248EF4D2860304683
:1046000006F036F817B1012F0FD017E0FEF7DEFFE6
:1046100010B1304600F0C9FB0120A072A06B40F43D
:104620008010A0634FF4801007E00220A072A06BFE
:1046300040F40010A0634FF400102860F6F744F92E
:104640003146BDE8F04148E72DE9F05FDB4C074615
:1046500003200E469346C4F80002D94D95F8210078
:1046600010B14FF4C02100E0D649DFF84C93C9F8EF
:104670000010104605F0FCFFDFF83C834FF0010A04
:1046800008F1A808A7B3012F3ED0FFDFCE4806608F
:10469000C949CE48A4310860A86B40F40020A86343
:1046A000D4F800721025C4F808530020C4F80002A2
:1046B000C1494FF48028091DC1F8008004F5007439
:1046C000FFF765FD2760C9F80080C4F80451E903CD
:1046D000C9F80010BE49C1F84CA0BB48001D0068D5
:1046E000B04200D3FFDF59463046BDE8F05FF4E644
:1046F000FFE7FEF76BFF10B1584600F056FBC8F815
:10470000004085F80AA0C1E7AC49091DC8F80010AF
:104710000220A872BAE72DE9F041A94C064690465E
:1047200094F831000F46002500B9FFDF16B1012EC5
:1047300012D01DE094F83100012806D094F8302002
:104740004146384605F0A2FF10E094F8301042468A
:10475000384605F0DCFF09E094F8310094F8301099
:1047600001284246384609D005F0F8FFE16A4518AD
:10477000424629463046BDE8F04165E705F0A8FF0E
:10478000F4E708B5FF208DF800008C480021C0F840
:1047900010110121016104E09DF80010491E8DF8FF
:1047A00000109DF8001019B1D0F810110029F3D0B5
:1047B0009DF80000002800D1FFDF08BD2DE9F04181
:1047C0007E4CD4F8000220F00307D4F804034FF025
:1047D0001008C0F30016C4F808830025C4F800527E
:1047E000774890F8210010B14FF4C02000E07548E0
:1047F000714940F46020091D0860FFF750FEFFF783
:10480000C0FFC4F81051FEF7E1FE08B1C4F828510A
:1048100000F0AEFAC4F80072002E01D0C4F8048390
:10482000BDE8F081ADE700686A4920F07F4008608C
:10483000704710B5012000F07DFABDE8104001205E
:1048400000F089BA01465E4818221838F8F771BDA1
:104850004FF0E0210220C1F8000170475E49087066
:1048600070475C4938390860704770B50546F6F7FF
:104870002BF8534C2844E16A884200D8FFDF01201E
:104880002074F6F721F82844606194F8211041B1B2
:10489000084460614948D0F8001241F04001C0F876
:1048A00000124B490020C1F8440147496069091FC3
:1048B0000860BDE8704000F0A2BA70B5404C0646F2
:1048C00002200D462074FFF7A9FC024694F831003F
:1048D00094F8301001281BD0304605F081FF60614C
:1048E00094F8210048B16169084460613348D0F808
:1048F000001241F04001C0F8001235490020C1F813
:1049000044016169E06A08442F49091F086070BDCD
:104910002B46304605F037FFE1E727494FF480008A
:10492000091D08602648816B21F480018163002104
:10493000017470472A4A10B502EBC002274BC2F837
:104940001035C2F81415012181401B4801601C4834
:10495000826B0A43826310BD1D4801214160C16022
:104960000021C0F844111848001F01601448C162BA
:10497000704710B50446FEF729FE10B1104880F8C4
:1049800021401448243004600C48D0F8001241F053
:104990004001C0F8001210BD084810B5D0F8001250
:1049A00021F04001C0F80012FEF710FE0949243141
:1049B00000B10220086010BD04F501400010004065
:1049C0007C0A002000000404488500404881004023
:1049D000008000403C150040C3000020041100404E
:1049E00000F00140F948D0F8001221F01001C0F8A1
:1049F0000012012181617047F4480021C0F81C11A8
:104A0000D0F8001241F01001C0F800127047EF49D1
:104A100008B5D1F81C21012A01D0002008BDEC4ABC
:104A2000126802F07F02524202700020C1F81C019D
:104A3000E84800680090012008BDF0B517460C005A
:104A4000064600D1FFDFE44DE0072F7302D0012CB2
:104A500000D0FFDF46B102206872EC72012802D05C
:104A6000022800D0FFDFF0BD0120F5E770B5DA4C79
:104A70000021E27A930703D5830701D5430713D4B6
:104A8000D30605D594F8333013B194F835305BB1C3
:104A9000130702D594F8243033B9520702D594F89D
:104AA00025200AB1C00700D00121607A012518B184
:104AB000A1B1BDE8704081E694F8210010B14FF437
:104AC000C02000E0C548C6490860C048D0F80012C0
:104AD00021F00301C0F80012E57270BD012803D077
:104AE000022808D0FFDF70BD00F042F9A5729621C0
:104AF000227B002006E000F03BF90220A072227B1E
:104B000096210120BDE8704005E62DE9F05FDFF851
:104B1000D4B29BF80000042800D3FFDFB248D0F8DD
:104B20004C0108B1FFF7BBFCAB4CAD49A06B086072
:104B30004FF00008C4F8388000F06BF9DFF8AC9251
:104B40000546D9F80010A16294F8210008B1081AAE
:104B5000A062A648001F0068E062FFF75FFB84F8D0
:104B60003000A07ADFF868A2012184F83100AAF1B0
:104B7000440A022808D1607830B1DAF800201278AF
:104B800002402078904310D084F82480924EA807E9
:104B9000A6F1180605D5F5F797FEA16A081A31693E
:104BA0008847E80704D0002709E084F82410EDE7DF
:104BB000A80701D5012702E0280707D50227F5F746
:104BC00083FEE16A7269081A394690479BF8000033
:104BD000C0071CD1DAF800005746007800F00F003B
:104BE000072812D239680622A01C0931F8F774FB95
:104BF00038B9207A39680978B0EBD11F01D101208A
:104C000000E0002084F8250001E084F82580284693
:104C1000FFF72CFFE80701D030682FE0A80726D562
:104C200068071ED4FEF7D2FCD8B9FEF7DFFCC0B986
:104C30006748F4380168001F0068C0F3425CC0F3A5
:104C4000006700F00F03C0F30312C0F3032047B165
:104C50000BB102B128B921B1BCF1030F01D245F06B
:104C6000040545F380007168401C884709E0280767
:104C700001D5B06802E0E80602D5F068804700E0A0
:104C8000FFDFA07A02281BD1207C002818D0564ACA
:104C9000C2F8448102280FD0012800D0FFDFE16A6A
:104CA0006069884200D8FFDFD4F81410C9F80010FA
:104CB000BDE8F05F00F0A3B86169E06A0144F5E780
:104CC000BDE8F09F70B5054641F2643441F66A06CE
:104CD000022806D0012D12D0022D0CD0FFDF304665
:104CE00070BDFEF72FFC0028F6D1FEF738FC002837
:104CF000F2D141F6583441F29A00204470BD42F698
:104D0000CE3070BD324808300168032904D00068F5
:104D1000022801D000207047012070472C4808303D
:104D200001680B2904D000680A2801D000207047D0
:104D30000120704700280DDB00F01F020121914087
:104D40004009800000F1E020C0F88011BFF34F8FD0
:104D5000BFF36F8F7047002809DB00F01F020121AD
:104D600091404009800000F1E020C0F880127047B7
:104D700019480021417281720121C172704730B51A
:104D800000240546012902D002290BD0FFDF184874
:104D900004430F4834380460164805430C48303843
:104DA000056030BD4FF08074F1E7094A4032116868
:104DB00053060228D3F820031ED0C0F3062000BFFC
:104DC00021F4FE4141EA00201060704700100040CD
:104DD000481500401C1100407C0A0020000004041B
:104DE00008F50140C30000200080004044850040D9
:104DF0000801100000000302C0F30660E0E7354838
:104E0000816B41F48001816333494FF48000086075
:104E1000DBE7F8B52F4C314E0020217C19B1D6F8D4
:104E20004411012907D00023A27A2D49012A04D078
:104E3000022A0AD019E00123F6E7D1F80C01012873
:104E400001D0002011E008200FE0D1F80C0101286A
:104E500006D0002223480068012803D0042002E085
:104E60000222F7E7002010431843D1F81021012A4D
:104E70002ED0002505431C48026812F0FF0F03D016
:104E8000D1F81421012A00D0002284F832200068D1
:104E900010F0FF0F03D0D1F81801012800D0002036
:104EA00084F833000F481030006884F83400FFF7AE
:104EB00072F8012800D0002084F83500FFF767F968
:104EC0000020C6F844010948006800902846F8BD53
:104ED0001025CFE77C0A002004F501400080004047
:104EE0000010004000140040401600404481004083
:104EF00010B5444822220021F8F745FA4148002421
:104F0000017821F010010170012104F04DFC3D49B0
:104F10004FF6FF70263981F8224088843A4908808C
:104F2000488010BDE4E7704700F05FB83549016084
:104F30007047354908807047324926398A8CA2F576
:104F40007F43FF3B02D00021016008E091F822205E
:104F50002C492639012A02D0016001207047002027
:104F600070472848263810F8221F012908D001214F
:104F7000017025482349263900888884012070471C
:104F8000002070472049488070471E491E4B263933
:104F90008A8C5B889A4205D191F8222012B1016077
:104FA00001207047002070471648174A2638818C28
:104FB0005288914209D14FF6FF71818410F8221F67
:104FC00019B10021017001207047002070470D4881
:104FD0000D4A2638818C5288914204D190F82200E3
:104FE00008B10020704701207047064926398A8C95
:104FF000824205D1002081F822004FF6FF7088849C
:1050000070470000DE0A0020C400002070473D4ABF
:10501000012338B1012804D1137008689060888892
:105020009081704753700868C2F802008888D08069
:105030007047344A10B1012807D00EE0507860B1B3
:10504000D2F802000860D08804E0107828B1906897
:1050500008609089888001207047002070472949A6
:1050600010B1012802D005E0487800E0087808B1C6
:10507000012070470020704730B50C4605468DB0C2
:105080004FF0030104F1030012B1FEF741FB01E010
:10509000FEF75DFB60790D2220F0C00040F040007B
:1050A0006071002104A8F8F76EF9E0788DF81F0010
:1050B00020798DF81E0060798DF81D001022294698
:1050C0006846F8F736F9684604F036FE9DF82F007A
:1050D00020709DF82E0060709DF82D00A0700DB01E
:1050E00030BD10B5002904464FF0060102D0FEF78E
:1050F0000FFB01E0FEF72BFB607920F0C000607130
:1051000010BD0000C8000020FE48406870472DE92F
:10511000F0410E46074601461446012004F011FDF9
:10512000054697F86500FFF725F84AF2B1210844D3
:105130004FF47A71B0FBF1F1788840F2712250435C
:10514000C1EB4000041BA4F2663402F0BBFD00B1C9
:105150001E3CAE4201D2284600E03046A04204D2B6
:10516000AE4201D22C4600E034467C62BDE8F081BC
:1051700030B502460020002914D0A2FB01104C0AD1
:1051800044EAC054400A641C40F100000021D4F1FC
:10519000FF3240F2A175814100D2FFDF04F5F464D3
:1051A000B4FBF5F030BD2DE9FF4F8BB0044690F80D
:1051B00065008A460990DDE90D1008430890D24841
:1051C0000026007800F004FE054694F88C0100F0FB
:1051D000FFFD284480B2009094F87D000D2804D093
:1051E000002007900D9810B131E00120F9E794F804
:1051F0002C0103282BD1079848B3B4F8AE115145C0
:1052000025D1D4F83401C4F82001608840F2E2418D
:105210004843C4F82401B4F87A01B4F806110844EC
:10522000C4F82801204602F057FDB4F8B201E0822C
:1052300094F8B0016075B4F8B4016080B4F8B601B8
:10524000A080B4F8B801E080022084F82C01D4F8E2
:1052500084010590D4F880010390B4F80681B4F875
:105260007811D4F8740106900D9820B194F840019B
:1052700000287DD108E004F580700290743004901D
:1052800004F5B075001D07E004F5AA700290001D3A
:10529000049004F5A275001D0A90B4F87020AAEBE2
:1052A00002000FFA80F9AAEB010007B2002F05DA1D
:1052B000D4F87001069001204F46089092484FF0B4
:1052C000000B007970B3F5F7A1FC58B3B4F81801DE
:1052D000022827D394F82C01022823D094F8430104
:1052E00000BB94F88C0100F073FD00F5C86080B23B
:1052F000009094F82C01012845D0608840F2E241EA
:1053000048430099FFF734FF08EB0901CA1BD4F8A2
:10531000341180B2431A02FB03BBC4F834010120EC
:1053200084F8430194F82C0100286DD001287DD029
:1053300002287CD003287BD0FFDF00BFA6EB0B0147
:105340000698FCF70EFD0499012640F271220860D0
:105350000A990020A1F800A028702E710498006816
:10536000A8606088D4F834115043C1EB400000E0DD
:10537000BFE16549A0F23630C861896981427DD9B3
:10538000029908607BE194F88000032833D0012162
:10539000002004F0CDF8E18A40F27122514300EB85
:1053A00041000190D4F82401B8340099FFF7E0FEE1
:1053B000A16E226F431AA066DDE9001002FB03BB59
:1053C000FFF7D6FEA16FA067421A34F8B60C40F280
:1053D000E241484393440099FFF7CAFE08EB0901F4
:1053E000226FC91B8A1AE16F521E431A02FB03BBCC
:1053F000E067B83C93E7E08A40F27122D4F82411C8
:10540000504301EB4000CCE7039800B9FFDF0121D6
:10541000002004F08DF80646E08A40F271214843EE
:1054200006EB40000099FFF7A3FE02E0C0E058E061
:10543000DDE0C4F83001608840F2E2414843009961
:10544000FFF796FEC4F8340182B22046A16AFFF746
:105450005EFE14F8650FFEF7F2FE4FF47A7800F264
:10546000E140B0FBF8F1039801EB00092078FEF76A
:10547000E6FE07462078FEF77DFE00E0FDE03844BA
:105480004AF2AB310144B1FBF8F134F84F0C40F271
:105490007122504306EB4000411AD4F8CB0040F291
:1054A000E2430A1A02EB0906227814F8501C11FB99
:1054B00003F1203E00F0B9FC1349801C886114F808
:1054C0006509FEF7BCFE00F2E140B0FBF8F103987D
:1054D0000844301A40F2F6218842BFF42FAFFFDFB4
:1054E0002CE7E08A40F27122D4F82411504301EBFA
:1054F00040000099FFF73CFEC4F83001608840F29C
:10550000E24103E0000B0020D8000020484300994E
:10551000FFF72EFEC4F8340182B22046A16AFFF7DD
:10552000F6FDB8F1000F21D10E98F8B194F865603E
:105530003046FEF71FFE4AF2B12101444FF47A7063
:10554000B1FBF0F0D4F8301140F271230144E08A4D
:10555000D4F82421584302EB4000471A3046FEF7A6
:1055600076FE0599081A3E18203E0AE0E08A40F2CD
:105570007122D4F82411504301EB4000D4F83011CB
:10558000461AD4F82821D4F82011D4F8300140F27A
:10559000E24301FB020094F86520617D11FB03F1F9
:1055A00000F043FCF9498861012084F82C01C5E62C
:1055B000608840F271225043D4F83411D4F8282185
:1055C000C1EB40067E4308EB0900801AD4F8207135
:1055D000D4F83031401E07FB023200FB012094F862
:1055E0006520617D40F2E24311FB03F140E06088F9
:1055F00040F27122D4F834115043C1EB400694F8C4
:105600007C007E43242803D094F87D0024280AD10E
:10561000B4F8AE11AAEB010000B2002803DB94F845
:10562000B10100B109900898D8B1B8F1000F18D1B4
:10563000059808B1039800B9FFDF94F86500FEF7FC
:1056400099FD4AF2B12101444FF47A70B1FBF0F0B8
:10565000361A94F86500FEF7FAFD0599081A064413
:10566000203ED4F8341108EB090048430021099A80
:1056700000F0DBFBC549886160E602980160029892
:10568000616A0068084400F5D370E86002F01AFB14
:1056900010B1E8681E30E8606E71B4F8F010A1EB4C
:1056A0000A0000B2002801DD032068710798002875
:1056B0000E9822D0C0B100BFB4F81811B1B3B4F83D
:1056C0001A0100BFA4F81A0194F81C21401C42439F
:1056D0008A4209D26879401E002805DD6E71B4F84F
:1056E0001A01401CA4F81A010D9830B394F8400137
:1056F000F8B102200FB0BDE8F08F0028DCD194F89B
:105700002C010028F0D0608840F27122D4F83411C6
:105710005043C1EB4001284603F04EFE0004000C4C
:10572000E2D0189901B108800120E3E7FFE70020EB
:10573000C8E794F87C01FDF78CF994F87C012946C0
:1057400000F059FB20B10D9880F0010084F8410170
:105750000020CFE77CB50446FCF72FFE0146D4F8C5
:105760007001FDF72BFB214600F076FB94F87D10CD
:105770000D290AD0B4F87020B4F83E1113189942DC
:1057800006DB491CA4F83E1106E0B4F83E010CE02B
:10579000401C1044A4F83E0194F8420140B9B4F80A
:1057A0003E01B4F8F410884202D1401CA4F83E0136
:1057B000B4F87A0101AE401CA4F87A01B4F89A005A
:1057C000B4F89810401AB4F87010401E084485B21E
:1057D00009E000231A4620460096FFF7E4FCD0B10A
:1057E00001282ED0FFDFB4F83E11681A00B200285D
:1057F000EFDA082084F88D00012084F88C00204620
:1058000001F0F5FE204600F0F8FA60484079BDE866
:105810007C40F5F7C9BBA06E002811D0B4F83E015A
:10582000B4F89420801A01B2002909DD34F86C0F15
:105830000144491E91FBF0F189B201FB0020208553
:105840007CBDB4F83E01BDF804100844A4F83E0144
:10585000C9E770B54E4C607A08B1002070BD94F86D
:10586000300030B1616B606A884202D9F8F70CFBF6
:10587000F3E7A06AC8B1F7F725FF0546F7F7F9FE89
:10588000284442F210714618FCF797FD0546294658
:10589000E06AFDF793FAE562A16A8219914202D2A9
:1058A0000120A062E2E7081AA062012070BD70B575
:1058B000374C012500202575207494F8300004F140
:1058C000100650B14FF47A71A069FCF74AFAA06152
:1058D0000021304603F070FD10E0002000F00DFBC9
:1058E0000546F7F7EFFE05442946A069FCF739FAAB
:1058F000A0612946304603F05FFD451C208C411C09
:105900000A2901D228442084606828B1208C401CD8
:105910000A2801D3022000E003206075FFF799FFF9
:1059200038B1207B314600F066FA002800D1FFDF55
:1059300070BD00F0DAFA15484079BDE87040F5F71F
:1059400033BB38B50025044680F82C51A0F87851B7
:105950002B462A4629460095FFF725FC00B1FFDFBC
:10596000C4F828510120C4F8205184F82C01A4F86F
:105970003E51A4F83C5184F8425134F8700F401E57
:1059800024F8B80B0020A4F8525038BDD8000020ED
:10599000000B002010B530B1F749012807D00228CC
:1059A0000BD0FFDF10BDBDE8104000F0EABA486A36
:1059B000BDE81040002100F0B5BA002081F83000A9
:1059C000FCF7F9FBED484079BDE81040F5F7ECBA7B
:1059D0002DE9F0410646E8480F460178E74D0329D6
:1059E00009D1017BB14206D1406868613846BDE803
:1059F000F04100F0EEBA304600F0F3F90621FAF774
:105A00005DFB040000D1FFDF304600F0EAF9218899
:105A1000884200D0FFDF214638466C61BDE8F04186
:105A200000F027BA10B5D44C207848B1012060723C
:105A3000F8F74CFA2078032804D0207A002800D008
:105A40000C2010BD207BFDF704F8207BFDF772FAD7
:105A5000207BFCF78FFC00B9FFDF0020207010BD19
:105A600010B5FFF7DFFF00F0F1FAC348002180F81E
:105A70003010C172084610BDC049487100208870BE
:105A800001220A7048700A71C870BB490870E7E7C4
:105A9000BA49087070472DE9F047B74C07460E46E3
:105AA000207800284BD1B648FCF702FC20731F2851
:105AB00045D04FF00309676084F8009000256572B7
:105AC000257287B1012107F58E70FDF740FE062093
:105AD000FAF7A0FA97F81C11B1FBF0F200FB1210D4
:105AE000401C87F81C01FCF73EFC40F2F65188424E
:105AF00000D2084600F23F101FFA80F8F7F7B9FD10
:105B0000E061F7F7DFFD0127E0B1A772FCF755FC74
:105B10008246002000F0F1F900EB08015046FCF746
:105B200020F9A061C4E90A6A277584F815909249A2
:105B30002574207B103100F05EF990B910E00C2044
:105B4000BDE8F087FCF739FC4146FCF70AF9A06193
:105B5000A57284F83070A6F28B566663A562E3E7FF
:105B6000FFDF25840020F8F7B1F90020E8E783493A
:105B7000487070478149087170472DE9F0417F4CAA
:105B80000746E088401CE080D4E902516078D7F8ED
:105B9000806120B13246284603F036FC0546A068F5
:105BA000854205D02169281A08442061FDF7D3F801
:105BB000A560AE4205D897F82C01012801D0E07805
:105BC00010B10020BDE8F0810120FBE710B50446CC
:105BD0000846FEF7CFFA4AF2B12108444FF47A7131
:105BE000B0FBF1F040F2E2414C4300F23630844227
:105BF00001D9201A10BD002010BD7CB5044600203C
:105C000084F8400194F8FE0000283FD194F82C015C
:105C100003283BD1FCF7D1FB0146D4F87001FDF716
:105C2000CDF8002832DD214600F016F9411CB4F809
:105C300070000144A4F83C11B4F83C11B4F8F4200D
:105C4000511A09B2002921DD012184F84211B4F86A
:105C50009A10B4F8982001AE891A491E084485B2FA
:105C60000EE00096B4F83C11002301222046FFF715
:105C70009AFA00280AD0012809D0022806D0FFDFAE
:105C8000B4F83C01281A00B20028EADA7CBDB4F866
:105C90003C01BDF804100844A4F83C01F0E738B515
:105CA00000250446012902D13448C07868B1042097
:105CB00084F82C01FCF77FFAA4F87A51B4F870004C
:105CC000A4F83E0184F842515FE60095B4F8F41060
:105CD000012300222046FFF766FA0028EAD0FFDF02
:105CE000E8E710B5062916D2DFE801F00509030C34
:105CF0000C0D002100E00121BDE81040CFE7032199
:105D000080F82C1110BDB0F834118AB2816ABDE858
:105D10001040FFF7FCB9FFDF10BD70B5174CA1783C
:105D2000022916D1E188002913D16569C5F88401DB
:105D300095F86500FEF78BFAD5F88411081AA1686A
:105D40000144A160E1680844E060BDE8704000F0F3
:105D5000A9B970BD70B5054608488478022C11D0E9
:105D6000054C243401B34FF47A7601290ED0022970
:105D700010D0FFDF70BD0000000B0020D800002015
:105D8000D1590100446904F5C074EBE71846FEF7E9
:105D900056FA02E01046FEF795FF00F2E140B0FB34
:105DA000F6F0281A2060E5E72560E3E7FE4810B525
:105DB000007808B1002010BD0620FAF71DF980F028
:105DC000010010BDF8480078002800D0012070477D
:105DD00010B504460C2800D3FFDFF44830F8140057
:105DE00010BD10B504461F2800D3FFDFEE48383041
:105DF00030F8140010BDFCF711BD70B5044600204A
:105E000084F82C0194F87C514FF6FF761F2D00D3B7
:105E1000FFDFE548383020F8156094F87C01FCF786
:105E2000A9FA1F2084F87C01A4E770B505460C464A
:105E300016461046FEF79EF94AF2B12108444FF487
:105E40007A71B0FBF1F000EB450004443046FEF7F8
:105E5000FEF9204460308DE7002809D0D1F83421C4
:105E6000498840F271235943C2EB4101B0FBF1F084
:105E700070472DE9F04101250226CD4F0C46082838
:105E800031D2DFE800F0040E161611301A23204636
:105E900000F0ADF9204600F064F984F84051BE707E
:105EA00090E601F00AFF01E0FEF72FFE84F8405172
:105EB00088E62046BDE8F0414CE4FEF7B3FCFEF76F
:105EC00024FE4FF0E020C0F880627BE694F82C01BD
:105ED000042800D0FFDF2046FFF78FFF7879BDE868
:105EE000F041F5F761B8FFDF6CE610B5AE4C207BF2
:105EF000FCF740FA0020207010BD08B500284FF0D4
:105F00000101684602D0FDF703FC01E0FDF7F6FB56
:105F10009DF8000042F210710002B0FBF1F201FBAB
:105F2000120008BD2DE9F0419F4C0746002084F87F
:105F30003000A669E07220700120207201216068A3
:105F400003F0B2F86068C0F87061257B80F87C517E
:105F5000C0F88071C0F8746106881F2D00D3FFDF80
:105F60009148383020F815606068FFF7EAFC00B10E
:105F7000FFDFFCF720F98E484079BDE8F041F5F7E6
:105F800013B870B5884C0025A07A18B10120FFF72E
:105F9000B4FF0546F7F796FB4119A069FBF7E1FE50
:105FA000A061002525740320607501202075607AAA
:105FB00030B97D49207B1031FFF71DFF00B9FFDFAD
:105FC0002584FCF7F8F87A484079BDE87040F4F78A
:105FD000EBBF70B5744D04462878032800D0FFDF6E
:105FE000082C31D2DFE804F0040E2A2A2630302DA6
:105FF00000206862F7F77CFD00B1FFDF6C490320E9
:106000008870B7E6F7F735FBE9690446A14206D286
:10601000601A0421FCF705FFEC6108B906E0E861AD
:10602000F7F7B1FE0028ECD0FFDFA3E6BDE8704033
:106030000020AFE4BDE87040FEF767BDBDE87040EA
:1060400035E4BDE8704050E7FFDF93E6FEB5584CFD
:106050000120E0704FF6FF750CE00621FAF72EF8EC
:10606000060000D1FFDF96F87C01FCF763FF3046A5
:10607000FFF7C3FE69460620F9F7ADFF50B1FFDF19
:1060800008E0029830B190F82C1119B10088A842AC
:10609000E3D104E06846F9F77CFF0028F1D0002046
:1060A000E070FEBD2DE9F0474148446994F8431182
:1060B000002955D094F82C11032951D194F86590FA
:1060C0000078FFF785FE054694F88C01FFF780FE07
:1060D000284486B294F88C01FFF77AFE00F5C86078
:1060E0001FFA80F84846FEF7B2F8D4F884110D1A6A
:1060F0004846FEF73FF84FF47A7A00F2E730B0FBFB
:10610000FAF02D1A4846FEF7A2F8D4F800110F1A3B
:106110004846FEF72FF84AF2B1210144B1FBFAF0EC
:106120003A1AA2F160007043B0FBF8F1292000EBAD
:1061300052006031A0EB510200EB5100AA4201D89D
:10614000854201D3F4F714FE608840F2E2414843EF
:106150003146FFF70DF8C4F83401002084F84301FC
:10616000EEE470B50446FCF7FEF8054694F86500C9
:10617000FEF700F84AF2B12108444FF47A71B0FBFF
:10618000F1F0D4F8341140F2712201446088504398
:10619000C1EB4006303EB72D00D8B725214601207F
:1061A00003F0CFFC284405E0000B002088B201007A
:1061B000D8000020351A21460120A5F21B3503F036
:1061C000C0FC616A9C30814201D9081A00E00020BD
:1061D0002C49A842CD6000D328468860D4F86C01D1
:1061E000A0F5D3700861BDE87040FCF7B4BD10B5F0
:1061F000044624490020C4F88001C880C4F8840102
:1062000094F8410138B9FCF7D8F8D4F84C11FCF7F0
:10621000D5FD002813DCB4F83E11B4F870008142BB
:1062200001D1B4F8F410081AA4F8F600A4F870101C
:10623000D4F86801C4F84C01C4F870011CE0B4F84B
:106240003C01B4F87010401AA4F8F600B4F83C0110
:10625000A4F87000D4F84C01C4F86801C4F87001C7
:10626000D4F85401C4F80001D4F85801C4F87401FA
:10627000B4F85C01A4F878012046BDE8104001F0B4
:1062800006BC0000D80000202DE9F0410E4604466F
:1062900003F06FFB0546204603F06DFB044603F058
:1062A000FDF8FB4F010015D0386990F864208A4250
:1062B00010D090F8C4311BB190F8C63123421FD0E2
:1062C0002EB990F85D30234201D18A4218D890F857
:1062D000C401A8B1284603F0E1F870B1396991F81A
:1062E0006520824209D091F8C40118B191F8C70124
:1062F000284205D091F8C40110B10120BDE8F08119
:106300000020FBE730B5E24C85B0E06900285ED0A4
:10631000142200216846F7F736F8206990F86500E6
:10632000FDF728FF4FF47A7100F5FA70B0FBF1F534
:10633000206990F86500FDF78AFF2844ADF8060053
:1063400020690188ADF80010B0F87010ADF80410A5
:106350004188ADF8021090F8A60130B1A069C11CC7
:10636000039103F01FFA8DF81000206990F8A50141
:106370008DF80800E169684688472069002180F8A7
:10638000A61180F8A5110399002920D090F8A41136
:1063900000291CD190F87C10272918D09DF81010E6
:1063A000039A002913D013780124FF2B11D0072B57
:1063B0000DD102290BD15178FF2908D180F8A441D1
:1063C0000399C0F8A8119DF8101080F8A71105B026
:1063D00030BD1B29F2D9FAE770B5AD4C206990F8B1
:1063E0007D001B2800D0FFDF2069002580F8A75022
:1063F00090F8D80100B1FFDF206990F8A81041B1F2
:1064000080F8A8500188A0F8DC1180F8DA510C213E
:1064100008E00188A0F8DC1180F8DA51012180F849
:10642000DE110B2180F8D8110088F9F77AFFF9F70F
:1064300023FC2079F4F7B8FD206980F87D5070BD09
:1064400070B5934CA07980072CD5A078002829D16D
:1064500062692046D37801690D2B01F170005FD08D
:106460000DDCA3F102034FF001050B2B19D2DFE87D
:1064700003F01A1844506127182C183A6400152BA1
:106480006FD008DC112B4BD0122B5AD0132B62D0BB
:10649000142B06D166E0162B71D0172B70D0FF2B72
:1064A0006FD0FFDF70BD91F87F200123194602F005
:1064B00038FF0028F6D12169082081F87F0070BDDF
:1064C0001079BDE8704001F0A2BC91F87E00C007D1
:1064D00000D1FFDF01F05AFC206910F87E1F21F087
:1064E0000101017070BD91F87D00102800D0FFDF20
:1064F0002069112180F8A75008E091F87D00142848
:1065000000D0FFDF2069152180F8A75080F87D10AA
:1065100070BD91F87D00152800D0FFDF172005E041
:1065200091F87D00152800D0FFDF1920216981F83E
:106530007D0070BDBDE870404EE7BDE8704001F0E1
:106540003ABC91F87C200123002102F0EAFE00B958
:10655000FFDF0E200FE011F87E0F20F0040008701E
:106560001DE00FE091F87C200123002102F0D9FE0C
:1065700000B9FFDF1C20216981F87C0070BD12E0AA
:106580001BE022E091F87E00C0F30110012800D04A
:10659000FFDF206910F87E1F21F010010170BDE8B7
:1065A000704001F0F3BB91F87C200123002102F040
:1065B000B8FE00B9FFDF1F20DDE791F87D0021283C
:1065C00001D000B1FFDF2220B0E7BDE8704001F04C
:1065D000E9BB2F48016991F87E20130702D50121FC
:1065E0008170704742F0080281F87E208069C0788F
:1065F00081F8E10001F0C1BB10B5254C21690A8882
:10660000A1F81A2281F8180291F8640001F0A9FBA0
:10661000216981F81C0291F8650001F0A2FB216953
:1066200081F81D02012081F81602002081F8C401C2
:106630002079BDE81040F4F7B7BC10B5144C052123
:106640002069FFF74EFB206990F85A10012908D005
:1066500000F5F77103F048FA2079BDE81040F4F72F
:10666000A3BC022180F85A1010BD10B5084C0123BC
:106670000921206990F87C20703002F052FE48B168
:106680002169002001F8960F087301F81A0C10BD5B
:10669000F80000200120A070F9E770B5FE4D01233D
:1066A00029462869896990F87C2009790E2A01D148
:1066B000122903D000241C2A03D004E0BDE8704056
:1066C000D3E7142902D0202A07D008E080F87C40C4
:1066D00080F8A240BDE87040AFE7162906D0262A10
:1066E00001D1162902D0172909D00CE000F87C4FFF
:1066F00080F82640407821280CD01A2017E090F826
:106700007D20222A07D0EA69002A03D0FF2901D17F
:1067100080F8A63132E780F87D4001F037FB286928
:1067200080F8974090F8C4010028F3D00020BDE81D
:10673000704061E72DE9F843D74C206990F87C1050
:10674000202909D05FF0000790F87D10222905D09C
:106750007FB300F17C0503E00127F5E700F17D053B
:1067600010F8B01F41F004010170A06903F007F9AF
:106770004FF00108002608B33946A069FFF784FDF1
:10678000E0B16A46A169206902F096FE90B3A06963
:1067900003F0F3F82169A1F8AE01B1F8701001F02F
:1067A000C6FA40B32069282180F88D1080F88C80CB
:1067B00048E0FFE70220A070BDE8F883206990F868
:1067C000C40110B11E20FFF717FFAFB1A069216906
:1067D000C07881F8E20008FA00F1C1F3006000B966
:1067E000FFDF20690A2180F87C1090F8A20040B9F0
:1067F000FFDF06E009E01AE02E7001F0C7FAFFF7AC
:10680000E8FE206980F89760D6E7206990F8C40117
:1068100018B10020FFF7F0FE2E70206900F17D0115
:1068200080F897608D420DD180F87D600AE0206984
:106830009DF8001080F8B0119DF8011080F8B1119A
:1068400024202870206900F17D018D4203D1BDE82C
:10685000F84301F09BBA80F8A260ADE770B58E4CAA
:1068600001230B21206990F87D20703002F059FD42
:10687000202650BB20690123002190F87D20703034
:1068800002F04FFD0125F0B1206990F87C0024282A
:106890001BD0A06903F063F8C8B1206990F8B0106C
:1068A00041F0040180F8B010A1694A7902F00702B2
:1068B00080F85D20097901F0070180F85C1090F8FC
:1068C000C5311BBB06E0A57058E6A67056E6BDE8CC
:1068D00070407EE690F8C431C3B900F164035E787D
:1068E0008E4205D11978914202D180F897500DE07F
:1068F00000F504710D7002884A8090F85C200A71DE
:1069000090F85D0048712079F4F74EFB2169212051
:1069100081F87D00BDE8704001F02FBAF8B55E4CFB
:10692000206990F87E0010F0300F04D0A07840F07D
:106930000100A070F8BDA06902F0FAFF50B3A06991
:1069400002F0F0FF0746A06902F0F0FF0646A069DA
:1069500002F0E6FF0546A06902F0E6FF0146009757
:10696000206933462A46303003F046F8A079800784
:1069700003D56069C07814280FD0216991F87C0094
:106980001C280AD091F85A0001280ED091F8BB01BA
:1069900058B907E0BDE8F8401BE62169012081F8FD
:1069A0005A0002E091F8BA0130B1206910F87E1F58
:1069B00041F0100101700EE091F87E0001F5FE72C9
:1069C00040F0200081F87E0031F8300B03F080F8B1
:1069D0002079F4F7E9FABDE8F84001F0CEB970B5D6
:1069E0002D4C206990F87E10890707D590F87C20FF
:1069F00001230821703002F094FCE8B1206990F87E
:106A0000AA00800712D4A06902F073FF216981F8FF
:106A1000AB00A06930F8052FA1F8AC204088A1F8A0
:106A2000AE0011F8AA0F40F002000870206990F83B
:106A3000AA10C90703D00FE00120A0709EE590F8CE
:106A40007E00800700D5FFDF206910F87E1F41F02F
:106A50000201017001F091F92069002590F87C1085
:106A6000062906D180F87C5080F8A2502079F4F7EE
:106A70009BFA206990F8AC110429DFD180F8AC5161
:106A80002079F4F791FA206990F87C100029D5D18B
:106A900080F8A25072E50000F800002070B5FE4CAE
:106AA00001230021206990F87D20703002F039FC2C
:106AB000012578B9206990F87D20122A0AD0012397
:106AC0000521703002F02DFC10B10820A07055E5B2
:106AD000A57053E5206990F8A80008B901F04DF9B8
:106AE0002169A06901F5847102F0F1FE2169A069B4
:106AF000D83102F0F2FE206990F8E00100B1FFDF2A
:106B000021690888A1F8E20101F5F271A06902F09B
:106B1000D6FE2169A06901F5F67102F0D5FE206963
:106B200080F8E051142180F87D102079BDE8704094
:106B3000F4F73ABA70B5D84C01230021206990F8D7
:106B40007D20703002F0EDFB0125A8B1A06902F0B4
:106B50008CFE98B1A0692169B0F80D00A1F8AE01D2
:106B6000B1F8701001F0E3F858B12069282180F8DD
:106B70008D1080F88C5001E5A570FFE4BDE87040F1
:106B800027E5A0692169027981F8B021B0F80520D4
:106B9000A1F8B22102F060FE2169A1F8B401A06958
:106BA00002F05DFE2169A1F8B601A06902F05AFE6B
:106BB0002169A1F8B8010D2081F87D00DEE47CB5E3
:106BC000B54CA079C00738D0A06901230521C5784C
:106BD000206990F87D20703002F0A3FB68B1AD1EF3
:106BE0000A2D06D2DFE805F00909050509090505A2
:106BF0000909A07840F00800A070A07800281CD1F6
:106C0000A06902F0FFFD00287AD0A0690226C578AD
:106C10001DB1012D01D0162D18D1206990F87C00EE
:106C200002F067FB90B1206990F87C101F290DD00D
:106C3000202903D0162D16D0A6707CBD262180F801
:106C40007C10162D02D02A20FFF7D6FC0C2D58D030
:106C50000CDC0C2D54D2DFE805F033301D44A7A71F
:106C6000479E57A736392020A0707CBD0120152DE6
:106C700075D008DC112D73D0122D69D0132D64D07E
:106C8000142D3DD178E0162D7CD0182D7DD0FF2D10
:106C900036D183E020690123194690F87F207030B7
:106CA00002F03FFBF8B9A06902F007FE216981F804
:106CB0009201072081F87F0078E001F044F975E047
:106CC000FFF738FF72E001F01EF96FE0206990F8DD
:106CD0007D10112901D0A67068E0122180F87D1086
:106CE00064E0FFF7DBFE61E0206990F87D00172883
:106CF000F1D101F04BF821691B2081F87D0055E0AE
:106D000052E0FFF76CFE51E0206990F87E00C0076A
:106D100003D0A07840F001001FE06946A06902F0AE
:106D2000EAFD9DF8000000F02501206900F8B01F81
:106D30009DF8011001F04101417001F01EF8206939
:106D400010F87E1F41F0010114E0FFF78EFC2DE0EA
:106D5000216991F87E10490705D5A07026E00EE064
:106D600016E00FE011E001F008F8206910F87E1F2E
:106D700041F00401017019E0FFF7D0FD16E001F0C9
:106D80008AF813E0FFF76AFD10E0FFF7D3FC0DE08F
:106D900001F060F80AE0FFF780FC07E0E16919B153
:106DA000216981F8A60101E0FFF713FC2069F0E9F1
:106DB0003012491C42F10002C0E900127CBD70B5DE
:106DC000354CA07900074AD5A078002847D1206922
:106DD00090F8E400FE2800D1FFDF2069FE210025A5
:106DE00080F8E41090F87D10192906D180F8A7509A
:106DF00000F0CCFF206980F87D50206990F87C106D
:106E00001F2902D0272921D119E090F87D0002F036
:106E100070FA78B120692621012380F87C1090F85F
:106E20007D200B21703002F07CFA78B92A20FFF720
:106E3000E3FB0BE02169202081F87C0006E00121C2
:106E400080F8A51180F87C5080F8A250206990F855
:106E50007F10082903D10221217080F8E41059E441
:106E600010B50D4C216991F8B0210AB991F8642050
:106E700081F8642091F8B1210AB991F8652081F870
:106E8000652010B10020FFF7B7FB206902F0D4FDA8
:106E9000002809D0206901E0F8000020BDE810407A
:106EA00000F5F77102F020BE10BD70B5FC4C06462F
:106EB0000D46206990F8E400FE2800D0FFDF22692B
:106EC000002082F8E46015B1A2F8A40022E422F8C0
:106ED0009E0F012010711DE470B5F14C01230021BB
:106EE000206990F87C20703002F01BFA002869D0ED
:106EF000206990F8BA1111B190F8BB1139B190F82E
:106F0000C41100295DD090F8C51111B359E090F873
:106F10007D1024291BD090F87C10242917D0002341
:106F200000F5D87200F5DD7102F058FD21690020EE
:106F300081F8BA0101461420FFF7B7FF216901F17A
:106F40003000C28A21F8E62F408B48803FE00123C1
:106F5000E6E790F87D2001230B21703002F0E1F983
:106F600078BB206990F8640000F0FBFE05462069BC
:106F700090F8650000F0F5FE0646206990F8C6110D
:106F8000284600F0E0FE50B1206990F8C711304665
:106F900000F0D9FE18B10020FFF72EFB11E02069A8
:106FA0000123032190F87D20703002F0BAF940B936
:106FB00020690123022190F87D20703002F0B1F9A0
:106FC00008B1002080E400211620FFF76EFF0120A9
:106FD0007AE410B5F0BBB24C206990F87E10CA0775
:106FE00002D00121092051E08A070AD501210C2095
:106FF000FFF75BFF206910F8AA1F41F00101017043
:1070000046E04A0702D5012113203FE00A0705D5D3
:1070100010F8E11F41710121072037E011F0300F16
:107020003AD090F8BB11A9B990F8BA11D9B190F83B
:107030007D1024292ED090F87C1024292AD00023FA
:1070400000F5D87200F5DD7102F0C8FC216911F875
:107050007E0F00E020E020F0200040F010000870DB
:10706000002081F83C01206990F87E10C90613D5F4
:1070700002F0E2FCFFF7E1FA216901F13000C28A77
:1070800021F8E62F408B488001211520FFF70DFFE6
:10709000012010BD0123D3E7002010BD70B5804C46
:1070A000206990F8E410FE2978D1A178002975D1E3
:1070B00090F87F2001231946703002F032F9002841
:1070C0006CD1206990F8901149B10021A0F89C1072
:1070D00090F8911180F8E610002102205BE090F812
:1070E0007D2001230421703002F01BF90546FFF7D3
:1070F00070FF002852D1284600F089FF00284DD1AA
:1071000020690123002190F87C20703002F009F9F9
:1071100078B120690123042190F87D20703002F0BD
:1071200000F930B9206990F8960010B100211220C2
:1071300031E0206990F87C200A2A0DD0002D2DD155
:1071400001230021703002F0ECF878B1206990F84A
:10715000AC1104290AD105E010F8E21F01710021E9
:10716000072018E090F8AA00800718D0FFF7B4FEB7
:10717000002813D120690123002190F87C20703071
:1071800002F0CFF8002809D0206990F8A401002867
:1071900004D00021FF20BDE8704086E609E0002110
:1071A0000C20FFF782FE206910F8AA1F41F00101B0
:1071B000017043E43EB505466846FDF7BDFE00B9E3
:1071C000FFDF222200210098F6F7DDF80321009866
:1071D00002F0FFFA0098017821F0100101702946B1
:1071E00002F01DFB2E4C0D2D40D00BDCA5F102054D
:1071F0000B2D19D2DFE805F01F184719191F185673
:1072000018192400152D5ED008DC112D25D0122D63
:107210000BD0132D09D0142D06D154E0162D29D0F2
:10722000172D69D0FF2D73D0FFDFFDF79AFE0028E0
:1072300000D1FFDF3EBD2169009891F8E61017E00C
:10724000E26800981178017191884171090A817191
:107250005188C171090A0172E7E70321009802F021
:10726000A6FB0621009802F0A6FBDEE700980621A7
:107270000171DAE70098216991F8C621027191F84D
:10728000C7114171D1E72169009801F5887102F0B9
:1072900028FB21690098DC3102F028FBC5E70000DB
:1072A000F8000020F849D1E90001CDE90101206989
:1072B00001A990F8B00000F025008DF804000098B6
:1072C00002F048FBB1E72069B0F84810009802F0DE
:1072D00017FB2069B0F8E810009802F015FB206950
:1072E000B0F84410009802F013FB2069B0F8E610E3
:1072F000009802F011FB98E7216991F8C401002879
:107300000098B9D111F8642F02714978B9E7FFE705
:10731000206990F8A721D0F8A811009802F08DFA02
:1073200083E7DA4810B5006990F8821041B990F807
:107330007D2001230621703001F0F3FF002800D0EA
:10734000012010BD70B5D14D286990F8801039B179
:10735000012905D0022906D0032904D0FFDF0AE461
:10736000B0F8F41037E090F87F10082936D0B0F864
:107370009810B0F89A2000248B1C9A4206D3511A18
:10738000891E0C04240C01D0641EA4B290F896103F
:1073900039B190F87C2001230921703001F0C1FF40
:1073A00040B3FFF7BEFF78B129690020B1F8902003
:1073B000B1F88E108B1C9A4203D3501A801E00D055
:1073C000401EA04200D284B20CB1641EA4B228694F
:1073D000B0F8F4102144A0F8F01040E5B0F898108F
:1073E0000329BDD330F8701F428D1144491CA0F809
:1073F000801034E50024EAE770B50C4605464FF4EA
:10740000087200212046F5F7BEFF258027E5F8F732
:107410005FBF2DE9F0410D4607460621F8F74EFE05
:10742000041E3ED094F8CC010026B8B16E7007203F
:1074300028700DE0268484F8CC61D4F8CE01C5F81C
:107440000200D4F8D201C5F80600B4F8D60168816C
:1074500094F8CC010028EDD1AE70B6E094F8D801D4
:1074600090B394F8D8010B2813D00C2801D0FFDF7B
:10747000ABE02088F8F755FF0746F8F712FC78B91B
:107480006E700C20287094F8DA01A8702088A8800B
:1074900014E02088F8F745FF0746F8F702FC10B122
:1074A0000020BDE8F0816E700B20287094F8DA019E
:1074B000A8702088A88094F8DE01A87184F8D861AB
:1074C0003846F8F7E8FB80E0FFE794F80E0230B1A9
:1074D0006E700E20287084F80E626F8075E094F84C
:1074E000E00180B16E700820287020886880D4F890
:1074F000E4116960D4F8E811A960B4F8EC01A8813E
:1075000084F8E06161E094F8080270B16E701620B2
:10751000287005E084F80862D4F80A02C5F8020071
:1075200094F808020028F5D14FE094F8EE01B0B1CC
:107530006E70122028700DE084F8EE61D4F8F0012E
:10754000C5F80200D4F8F401C5F80600D4F8F80133
:10755000C5F80A0094F8EE010028EDD135E094F862
:10756000FC0180B16E701820287084F8FC61D4F89A
:10757000FE01C5F80200D4F80202C5F80600B4F80E
:107580000602688121E094F8100240B119202870A9
:1075900084F81062D4F81202C5F8020015E094F8DD
:1075A000160200283FF47DAF6E701320287008E0AB
:1075B00084F81662D4F81802C5F80200B4F81C0268
:1075C000E88094F816020028F2D1012069E72F48DC
:1075D0000021C16101620846704730B52B4D0C4651
:1075E000E860FFF7F4FF00B1FFDF2C7130BD002130
:1075F00080F87C1080F87D1080F8801090F8FE10E4
:1076000009B1022100E00321FEF76BBB2DE9F04137
:107610001E4C0546206909B1002104E0B0F80611AE
:10762000B0F8F6201144A0F8061190F8901139B97D
:1076300090F87F2001231946703001F072FE30B1BE
:10764000206930F89C1FB0F85A201144018020694D
:1076500090F8A23033B1B0F89E10B0F8F620114483
:10766000A0F89E1090F9A670002F06DDB0F8A410C7
:10767000B0F8F6201144A0F8A41001213D263DB138
:1076800080F88D6018E00000A0B20100F800002032
:107690002278022A0AD0012A11D0A2782AB380F8CF
:1076A0008C1012F0140F0DD01E2113E090F8E6207C
:1076B000062A3CD016223AE080F88C1044E090F87C
:1076C000922134E0110702D580F88D603CE09106EC
:1076D00003D5232180F88D1036E0900700D1FFDF1D
:1076E00021692A2081F88D002AE02BB1B0F89E2074
:1076F000B0F8A0309A4210D2002F05DDB0F8A420D7
:10770000B0F8A0309A4208D2B0F89C30B0F89A2075
:10771000934204D390F890310BB1222207E090F805
:1077200080303BB1B0F89830934209D3082280F8FA
:107730008D20C1E7B0F89820062A01D33E22F6E753
:10774000206990F88C1019B12069BDE8F0414EE72E
:10775000BDE8F0410021FEF7C4BA2DE9F047FF4C27
:1077600081460D4620690088F8F7EDFD060000D13E
:10777000FFDFA0782843A070A0794FF000058006B5
:10778000206904D5A0F8985080F8045103E030F83F
:10779000981F491C0180FFF7C4FD012740B3E08812
:1077A000000506D5206990F8821011B1A0F88E501E
:1077B0001EE02069B0F88E10491C89B2A0F88E1026
:1077C000B0F890208A4201D3531A00E00023B4F8A5
:1077D00008C00CF1050C634501D880F89670914201
:1077E00006D3A0F88E5080F80E722079F3F7DCFBF8
:1077F000A0794FF0020810F0600F0ED0206990F8C9
:10780000801011B1032908D102E080F8807001E0F6
:1078100080F880800121FEF764FA206990F88010DA
:10782000012904D1E188C90501D580F88080B9F12A
:10783000000F71D1E188890502D5A0F8185104E044
:10784000B0F81811491CA0F8181100F0A7FBFEF7BA
:1078500059FDFFF723FC00F0B2FD0028206902D09B
:10786000A0F8F85003E030F8F81F491C018000F040
:10787000A9FD38B1206990F80411022907D8491CE4
:1078800080F80411206990F80401022804D92069C5
:1078900020F8F85F4580057320690123002190F8E6
:1078A0007D20703001F03DFD20B9206990F87D0009
:1078B0000C286AD120690123002190F87C207030C7
:1078C00001F02FFD48B320690123002190F87F20AB
:1078D000703001F026FD00B3206990F88010022975
:1078E00053D190F80401C0B93046F7F7AAFFA0B110
:1078F000216991F8E400FE2847D1B1F8F20001288F
:1079000043D981F8FD70B1F89A20B1F89800931E20
:10791000984203DB012004E043E036E0101A401EE9
:1079200080B2B1F8F82023899A4201D3012202E003
:107930009A1A521C92B2904200D91046012801D1E5
:1079400081F8FD5091F86F206AB98A6E5AB1B1F88A
:107950009420B1F87030D21A12B2002A03DD90429E
:1079600000DB104680B291F8892192B1B1F8FA207B
:10797000B1F88A118A4201D3012102E0891A491C17
:1079800089B2884205D9084603E02169012081F8BF
:10799000FD502169B1F870201044A1F8F400FFF700
:1079A000D1FCE088C0F340214846FFF72FFE206954
:1079B00080F8FE50BDE8F047FDF7F6BA6749024689
:1079C0008878CB78184312D10846006942B189798A
:1079D000090703D590F87F00082808D001207047D8
:1079E000B0F84C10028E914201D8FEF7C6B80020C4
:1079F000704770B5594C05460E46E0882843E08034
:107A0000A80703D5E80700D0FFDF6661EA074FF05B
:107A100000014FF001001AD0A661F278062A02D0C8
:107A20000B2A14D10AE0226992F87D30172B0ED16F
:107A30000023E2E92E3302F8370C08E0226992F8BD
:107A40007D30112B03D182F8811082F8A800AA079B
:107A500018D56269D278052A02D00B2A12D10AE021
:107A6000216991F87D20152A0CD10022E1E930220C
:107A700001F83E0C06E0206990F87D20102A01D123
:107A800080F88210280601D50820E07067E42DE90F
:107A9000F84F324C00254FF00108E580A570E570E5
:107AA0004146257061F3070220619246814680F8C5
:107AB000FE800088F8F747FC070000D1FFDF20694F
:107AC0000088FDF736FA20690088FDF75BFA206927
:107AD000B0F8F21071B190F8E410FE290FD190F8CF
:107AE000901189B190F87F2001231946703001F080
:107AF00018FC78B1206990F8E400FE2804D02069D1
:107B000090F8E400FFF756FB206990F8FF1089B168
:107B1000258118E02069A0F89C5090F8911180F818
:107B2000E61000210220FFF7C0F9206980F8FD501F
:107B30000220E7E790F8CC1119B9018C82889142B4
:107B400000D881882181B0F8F610491E8EB2B0F8B5
:107B5000F8103144A0F8F81002E00000F80000200E
:107B600090F8FC1021B1A0F8FA5080F8FC5004E025
:107B7000B0F8FA103144A0F8FA1030F8981F3144E8
:107B80000180FFF7CEFB20B1206930F88E1F314411
:107B900001802069B0F8F210012902D8491CA0F830
:107BA000F2100EB180F8045190F8FD10A1B1B0F8B8
:107BB000F800218988420FD23846F7F742FE58B1C3
:107BC000206990F8891139B1B0F8FA10B0F88A013B
:107BD000814201D300F0F9FB206980F8FD5090F854
:107BE0007D100B2901D00C2916D1B0F87020B0F807
:107BF000AE31D21A12B2002A0EDBD0F8B011816079
:107C000090F8B4110173032101F04EFA206980F855
:107C10007D5080F8B28026E0242910D1B0F8701091
:107C2000B0F8AE21891A09B2002908DB90F8C40126
:107C3000FFF716F9206900F87D5F857613E090F86C
:107C40007C10242901D025290DD1B0F87010B0F88E
:107C5000AE01081A00B2002805DB0120FFF700F989
:107C6000206980F87C5020690146B0F8F620703019
:107C700001F0C8FA206990F8891109B1A0F8FA500A
:107C8000F6480090F64BF74A4946504600F0DEFAB7
:107C9000216A11B16078FCF74DFE206901230521AE
:107CA00090F87D20703001F03CFB002803D0BDE847
:107CB000F84F00F038BABDE8F88F00F045BBEA494C
:107CC000C8617047E848C069002800D001207047AB
:107CD000E54A50701162704710B50446B0F8B421FF
:107CE0004388B0F8B611B0F8B8019A4205D1A3881C
:107CF000994202D1E38898420FD02388A4F8D0316A
:107D0000A4F8D221A4F8D411A4F8D601012084F853
:107D1000CC01D5480079F3F747F90221204601F05C
:107D2000C3F9002004F87D0F0320E07010BD401A55
:107D300000B247F6FE71884201DC002801DC012018
:107D4000704700207047012802D0022805D102E0C8
:107D5000012904D001E0022901D000207047012050
:107D6000704710B5012804D0022804D0FFDF204658
:107D700010BD0124FBE70224F9E7BB48002100699C
:107D800020F8A41F8178491C81707047B64800B55F
:107D9000016911F8A60F401E40B20870002800DAF1
:107DA000FFDF00BDB0482721006980F87C1000216A
:107DB00080F8A411704710B5AB4C206990F8AC1155
:107DC000042916D190F87C2001230021703001F0A5
:107DD000A8FA00B9FFDF206990F8AA10890703D438
:107DE000062180F87C1004E0002180F8A21080F8C1
:107DF000AC11206990F87E00800707D5FFF7C6FF19
:107E0000206910F87E1F21F00201017010BD964913
:107E100010B5096991F87C200A2A09D191F8E2206D
:107E2000824205D1002081F87C0081F8A20010BDBB
:107E300091F87E20130706D522F0080081F87E0015
:107E4000BDE81040A2E7FF2801D0FFDF10BDBDE86C
:107E50001040A7E710B5844C206910F8B01F41F01E
:107E600004010170A06901F0A4FD162806D1206963
:107E700090F87C00202802D0262805D010BDA069EB
:107E800001F09BFDFEF7B8FB2169002081F87C0022
:107E900081F8A20010BDF8B5734C01230A212069B6
:107EA00090F87C20703001F03CFA38B3A06901F002
:107EB0003FFDC8B1A06901F035FD0746A06901F09A
:107EC00035FD0646A06901F02BFD0546A06901F0CD
:107ED0002BFD01460097206933462A46303001F0D9
:107EE0008BFD206901F0A8FD2169002081F8A20026
:107EF00081F87C00BDE8F840FEF79FBBA07840F019
:107F00000100A070F8BD10B5574C01230021206975
:107F100090F87D20703001F004FA30B1FFF72DFFAA
:107F20002169102081F87D0010BD20690123052101
:107F300090F87D20703001F0F4F908B1082000E0DD
:107F40000120A07010BD70B5474C012300212069AD
:107F500090F87D20703001F0E4F9012588B1A06926
:107F600001F0A8FC2169A1F8AE01B1F87010FFF78B
:107F7000DEFE40B12069282180F88D1080F88C50F9
:107F800084E5A57082E52169A06901F5D87101F049
:107F90008CFC21690B2081F87D0077E510B5FEF798
:107FA0000EFFFEF70CFE304CA079400708D5A078F4
:107FB00030B9206990F87F00072801D10120207096
:107FC000FEF73EFAA079C00609D5A07838B9206935
:107FD00090F87D100B2902D10C2180F87D10E078FB
:107FE00000070ED520690123052190F87D2070300F
:107FF00001F097F930B10820A0702169002081F8C4
:10800000D80110BDBDE81040002000F016BB10B52F
:10801000154C216991F87D2040B3102A06D0142A0E
:1080200007D0152A23D01B2A35D123E001210B20AC
:1080300022E0FBF769FB0C2820D32069082100F51A
:108040008870FBF765FB28B120690421DC30FBF761
:108050005FFB00B9FFDF012104200DE05B77010029
:10806000BD790100F3790100F800002008E000F07C
:1080700017F803E001210620FEF717FF012010BDCD
:10808000212A08D191F8970038B991F8C40110B1AC
:1080900091F8C50108B1002010BD01211720EBE7C0
:1080A00070B5184C0025206990F8931101290AD069
:1080B000022925D190F8A810A9B1062180F8E61070
:1080C0000121022017E090F8D811002918D100F101
:1080D000C80300F58471002200F5CA7001F0C1F8F0
:1080E0000121052007E090F8B000400701D51120DC
:1080F00000E00D200121FEF7D8FE206980F89351A1
:10810000C4E40000F8000020F9480078002800D0FE
:108110000C20704710B50446FFF7F6FF00B1FFDFF3
:10812000F348047210BDF2490120C871704770B560
:108130000C460546082B01D0194600E004211046E4
:1081400001F075F9844200D220460DB1001D80B2C5
:10815000C0B270BD70B5E64934314C6804F17005A9
:1081600060B1628F218F94F86530A87CFFF7DFFF44
:1081700094F86510BDE87040FCF79EB8FF2094F8B5
:108180006410F7E72DE9F0478146D9483430446858
:10819000002004F17005628F218F94F86530FFF79D
:1081A000C6FFD34F0646D34878620120FFF7D2FFBF
:1081B000A87C4FF0000840B305F15801CE4891E883
:1081C0000E1000F1080A8AE80E10A96EC0F82110FE
:1081D000E96EC0F82510FE38FCF743FBC6480121C4
:1081E00008300176D5E91412C0E90412A0F58372B3
:1081F000796AFBF728FF94F8650000F0A7FB0246B8
:1082000031460120FBF72DFF04E0786AFCF729FBDB
:10821000FBF74BFFB9F1000F03D141469620FCF765
:108220004CFB94F8642001210020FCF706FC94F834
:108230002C00012801D1FCF7DFFB02203870FCF78D
:1082400061FD002800D0FFDFBDE8F0872DE9F04395
:10825000A74D87B0804628780E9F1C461646894653
:1082600010B90EB104B107B9FFDFEF61C5E90564CC
:108270000020C5E90D89E871A871E870A87028711F
:108280009B4F6871A8813437E8817E68344636F8A0
:10829000700BF8F758F8E8622088F8F742F828637E
:1082A000FCF714F894F96700FCF7CEF804F112001B
:1082B000FCF7B9FA04F10E00FCF7CCF80120FCF74A
:1082C000CDFA18228D496846F5F733F88C480490AA
:1082D0006846FCF7B7FAF07EFCF7C6F8FCF7B8FA88
:1082E00094F86F0078B9A06E68B1B08C318888427C
:1082F00009D1B4F86C1001220844B08494F86E00DF
:10830000A16EF9F708FE628F218F94F86530B07C7A
:10831000FFF70DFF94F865402146FBF7CDFF786825
:1083200090F8880108B1FCF74FF821460120FCF7CE
:1083300054F97868D0F80001FCF797FA0120FFF7AC
:1083400021FF07B0BDE8F083694800B50078022836
:1083500000D0FFDF00BD664810B534304468FCF73C
:10836000FBFAFCF7DAFAFCF729FAFCF762FAFBF7FA
:108370009CFE94F82C00012801D1FCF733FB94F803
:108380006F0038B9A06E28B1002294F86E00114633
:10839000F9F7C1FD564CE08900F0E2FAE269A179F3
:1083A000A07890470020207010BD514810B500788B
:1083B000022800D0FFDFBDE81040CCE7CBE74C48F7
:1083C000007970474A48C078704749490120487190
:1083D00070472DE9FC474648454E3430A0F114075C
:1083E00044684FF0000A254694F875004FF00108E4
:1083F000703458B3012868D002286AD0032876D098
:10840000FFDF316AB1460826087820F008000870BE
:10841000A37906EAC303184320F004000870E37947
:10842000042606EA8303184320F0100008706779D9
:10843000D9F82C00F7F715FA0646FCF7C8FD022F0D
:1084400067D0012F65D0032F66D068E000F094FA62
:10845000AA8E0146104600F0EAFF298E814200D222
:1084600008464C21ADF8040048533846FCF78DFD12
:1084700048B14FF48060316A00F077FA03206071F0
:1084800084F80380BDE76A4601A9F06A00F05CFA4F
:10849000306210B194F8371029B13846FCF746FD28
:1084A00084F80580ADE79DF8001031B9A0F800A070
:1084B00080F802A0012101F08CF9BDF80410306AA7
:1084C00001F07DFA022060719BE73846FCF72EFD33
:1084D00097E7B5F84C00ADF804006A4601A9F06AC8
:1084E00000F032FA306200288BD1FFDF89E709E023
:1084F0001C010020780B0020780D0020A8B201009C
:108500001B5D01003846FCF740FD0028BAD1FFDFB3
:1085100077E7B04301D002E00EB1012100E0002175
:10852000D9F820004E46027842EA01110170617CC0
:1085300051B36179012927D004F15801F7488EC958
:1085400000F1080989E88E00A16EC0F82110E16EE3
:10855000C0F82510FE38FCF784F9F048083080F8A0
:1085600018A0D4E91212C0E90412A0F58371326A8E
:10857000FBF769FD95F8640000F0E8F90246FB217D
:108580000020FBF76EFD03E0FCF76BF9FBF78DFDB8
:10859000012195F865200846FCF74FFA86F804801B
:1085A000316A0A8832828978B17486F80080FCF7D3
:1085B000B5FB002800D0FFDFBDE8FC8770B5D84CC4
:1085C000054639B9012D05D1E078401CC0B2E070F4
:1085D000012820D8A16928468847E0B16179D148AF
:1085E00031B1012D04D1417811B90178C90612D5F4
:1085F000A17981B98DB9CA4910310978CA0602D466
:108600000078C00607D5A08928B9A06A28B9608972
:1086100018B1C80601D4012070BD002070BD10B58E
:10862000BF4CA06A00B9FFDF6289D4E90910D21CEF
:10863000F4F77FFEA06A606210BD2DE9F0470600E6
:10864000B748B74D00F134004468686A04F170041B
:10865000477801D0012E03D1296B02F0EDF8687044
:1086600068784FF000084FF0010938B1012816D0A2
:1086700002282FD0032844D0FFDFE5E5012E30D0BB
:10868000FFF7CDFF39460122286BF7F75BF926E0AB
:1086900084F8078030E000BF84F807902CE0012EBA
:1086A00008D0FFF7BCFF39460022286BF7F74AF9DC
:1086B000022EE2D0D4E91401401C41F10001C4E9CA
:1086C0001401E079012802D084F80790BCE584F811
:1086D0000780B9E5012E04D0286BF7F7B7FA022E10
:1086E000CBD0D4E91401401C41F10001C4E91401CC
:1086F000E0790128D0D1CBE7287ABDE8F047F2F73E
:1087000053BC012EB9D0286BF7F7A0FAF4E770B587
:108710008349834A343100264C68516A01257034FC
:108720000B7803F00303012B14D0022B12D0032B80
:1087300003D0907940F0040023E0A570D08940F484
:108740000060D081012000F010F91CE0E67170BDDE
:10875000E57170BD4978B1B1D38943F40063D38129
:10876000936A002BF5D0FB2908D8D17921B1BDE857
:108770007040802000F0F4B8057070BD907940F032
:108780001000907170BDE0790128E1D1DEE770B58D
:108790006348634D3430446828787034012800D031
:1087A000FFDFA07838B10020A0700146042000F05F
:1087B000DCF801202071296A0878C043800705D1C0
:1087C000A889400502D5022000F0CFF80121002041
:1087D000FFF7F4FE10B1BDE87040BCE5BDE87040A5
:1087E0000020CFE42DE9F84F4D4F4D4C3437002693
:1087F0007D6882468DF8006020787035022800D0B0
:10880000FFDFE08940F40070E0810020FFF7A2FC68
:10881000A87CBAF1000F5BD0FBF76AFCFBF75AFCAF
:108820004FF0010968B9A87C58B1606A417841B13C
:108830000078E979C0F3C000884202D184F8029040
:1088400059E0606A4178618121B1206BF7F734F813
:10885000A06200E0A662E089B84640F02000E08116
:10886000E670786800F17007064690F82C00012841
:1088700016D1FCF7B7F83946304600F010FD78B154
:10888000D8F804003188A0F80A12397A80F80C125E
:10889000797A80F80D1280F80892207AF2F784FB3A
:1088A000606AA9790078C0F38000884205D000F0A2
:1088B00094F8E08940F48070E081606AE97900789A
:1088C000C0F3C00088420AD16846FFF720FF06E0E7
:1088D00008B1FBF73EFCE08940F04000E0815146E2
:1088E0000120FFF76BFE00289DF8000007D010B1B3
:1088F0000020FFF7A2FEFFF72EFDBDE8F88F10B1B4
:108900000120FFF79AFEFFF764FD9DF800000028A4
:10891000F3D00220FFF791FEEFE70000780D002072
:108920001C010020780B002070B5064654480D4607
:108930004468FBF773FC034694F8642029463046EC
:10894000BDE87040FDF706BAF6F7C5BE00B50128D0
:1089500002D0022802D0FFDF002000BD012000BDB0
:10896000474A0021343A52691047454A343A9389BC
:108970000343938152691047414810B5446804F19C
:108980007001087B24280ED0497B24290BD01F2896
:108990000CD020280AD0222912D094F86400042890
:1089A00000D1082010BD94F8B01106E0222907D0AC
:1089B00094F8C60100F04FF8014694F8640008E00E
:1089C00094F8C60114F85D1F084000F044F8014611
:1089D000E079BDE8104000F048B870B52848446818
:1089E00094F875007034002832D0022810D1244D3C
:1089F000343DE86AF6F79BFE00B9FFDFD4E91201C7
:108A0000401C41F10001C4E91201287AF2F7CCFAC6
:108A100000256571207920B1257100211020FFF714
:108A2000A4FFE07878B1E570FCF7BEFA00B9FFDF8B
:108A300000210820FFF799FFD4E91201401C41F101
:108A40000001C4E91201A079012802D00120A0711F
:108A500070BDA57170BDC10701D0012070478007AE
:108A600001D50220704700207047002904D001285A
:108A700003D0012901D00220704701207047000077
:108A8000500100202DE9F0410F4606460024FE4D1E
:108A90000FE000BF05EBC40090F85311B14206D1BE
:108AA0000622394600F5AA70F4F716FC38B1641CAA
:108AB000E4B22878A042EDD81020BDE8F08120462D
:108AC000FBE7F0B50746F04816460478621C0270D2
:108AD00000EBC4050868C5F854018888A5F858015A
:108AE000102C00D3FFDF85F8537185F85A612046BA
:108AF000F0BD70B5054600F017FA10281CD1E24C05
:108B00002078401EC0B22070A84215D004EBC002ED
:108B100004EBC50102F58070D2F85321C1F853214E
:108B2000D0F85700C1F85701207800F0FDF910285F
:108B300002D0204480F8035170BD2DE9F047D24C9B
:108B40000646A719A078401EC5B2A57097F8038104
:108B5000AE422AD004EB051A04EB06190AF1030110
:108B600009F103001022F4F7E4FB0AF1830109F193
:108B700083001022F4F7DDFB601905EB450290F845
:108B8000031187F8031106EB460104EB420204EBE4
:108B90004101D2F80B31C1F80B31B2F80F21A1F825
:108BA0000F2190F83B0187F83B0104EBC80090F8D7
:108BB0005A01C00703D14046BDE8F04799E7BDE838
:108BC000F087B1498A78824203D9084490F843017A
:108BD00070470020704710B540F2D3120021AA4818
:108BE000F4F7D1FB0822FF21A848F4F7CCFBA748F3
:108BF00000210C38417081704FF46171818010BD8B
:108C000070B50D460646FFF73DFF9F4C102807D074
:108C100004EBC00191F85A11C90701D0012070BDC1
:108C20006178082910D2102808D004EBC000012177
:108C300080F85A116078401C6070EFE701222946E5
:108C40003046FFF73EFFF5E7002070BD70B58E4D52
:108C50002878401E44B20AE005EBC40090F85A019F
:108C6000C00702D0E0B200F070F9641E64B2002CBC
:108C7000F2DA864900200C39887070BD82498A7802
:108C8000824203D901EB0010C01C704700207047DE
:108C90002DE9F047984691460C460546FFF7F2FE4F
:108CA0000646102805D000F03FF9102801D0122008
:108CB00085E7754FB87808282AD2102E05D10022F2
:108CC00021462846FFF7FDFE0646BC781022601CB0
:108CD000B87007EB0415E81C494600F0B5FA05F139
:108CE00083001022414600F0AFFA1021404600F008
:108CF0009CFA3C44102184F84301484604F59674DC
:108D000000F093FAE07704F8296C0020E07356E74E
:108D1000072054E75C4810B58078401E44B204E058
:108D2000E0B2FFF70AFF641E64B2002CF8DA10BD4F
:108D300056490C394870704754480C384078704791
:108D400040B14AF2B811884204D850490C398880A1
:108D500001207047002070474C480C3880887047CD
:108D600010B5FFF78FFE102803D000F0DDF81028B3
:108D700000D1082010BD44498A78824203D901EB12
:108D8000001083307047002070473F4B10B59C782F
:108D900084420FD9184490F8030103EBC00090F807
:108DA00053310B70D0F854111160B0F85801908015
:108DB000012010BD002010BD334A114491F8032159
:108DC00032490C390A700268C1F80620808848814F
:108DD000704770B52D4B0C3B5B7873B12A4B9C7878
:108DE0005CB1451821460AB1D81C01E02648833001
:108DF0002A46FBF794F8012070BD002070BD10B525
:108E0000FBF7DBF818B1BDE81040FBF7E6B8FF2030
:108E100010BD1D498A78824209D9084490F803019F
:108E200001EBC00090F85A0100F0010070470020EB
:108E300070472DE9F04100242546134E2CE02846CA
:108E400000F072F88046FFF719FF06EBC50797F8A8
:108E50005A11C9071ED060B1B8F1100F05D006EB4A
:108E6000080191F83B11012903D0102100F0DDF930
:108E700080B10649204601F80480641C97F853210C
:108E800007F5AA71E4B203E0A80D002064010020F8
:108E9000FBF7B5FA6D1CEDB23078A842CFD80CE6DE
:108EA000012296E72E4A01EB410102EB41010268E3
:108EB000C1F80B218088A1F80F01704701461022EC
:108EC000284800F0C1B92748704725498A7882426E
:108ED00003D9084490F83B0108B1002070470120F5
:108EE00070472DE9F0410E460746154606213046EB
:108EF00000F09BF91A4C58B1002004E02118401CE6
:108F000081F83B51C0B2A1788142F7D80120D4E565
:108F100031463846FFF724FF082803D0204480F864
:108F20003B51F3E70020C8E50D4910B5034600208A
:108F30008A7806E00C1894F803419C4204D0401C47
:108F4000C0B28242F6D8102010BD05494A78521EA0
:108F50004A7001EBC001002281F85A21C9E50000E6
:108F6000A80D00207B0F002000F00101400800F058
:108F700001021144400800F001021144400800F0D1
:108F800001021144400800F001021144400800F0C1
:108F900001021144400800F00102114401EB5000AD
:108FA000704710B500240485848DDB004C43B3FB6F
:108FB000F2F394FBF2F45B1C84859BB203FB02F496
:108FC0004385B4F5C84F01DD5B1E43854FF4FA437A
:108FD000B3FBF2F35B1C0386438C02EBC3035B1E03
:108FE000B3FBF2F30384C38B4B43B3FBF2F1C183B6
:108FF00010BD70B50546087B0E4600F01F000873D3
:109000000020687604463019007AFFF7ADFF291971
:10901000641C0875697EE4B208446876052CF2D3B6
:10902000C0B2252800D9FFDF70BD0023C38342846E
:1090300001EBC202521EB2FBF1F101847047F0B5A0
:109040006FF01F02010C02EA90261F25A1F5AA402D
:1090500054380DD0A1F5AA40553809D0A1F52850B3
:10906000AA3805D0A1F52A40AA3801D0012000E095
:10907000002000221346144682EA0107FF431F43E3
:109080007F1C0FD006F00107520842EAC73205F0F4
:1090900001075B0876086D08641C43EAC733162C89
:1090A000EAD3F0BD0020F0BD2DE9F04101260446D1
:1090B000002500F1700751B1012974D0022971D047
:1090C00003296CD101463846BDE8F04191E7802282
:1090D00000213846F4F757F9BD71FD713D737D737A
:1090E000FD733D747D71BD76FD76212087F84000CB
:1090F000412087F84100FE2087F8740027887022FD
:1091000000212046F4F73FF9278084F8646084F852
:109110006560282084F8660004F1300000210746CD
:1091200000F071FC1B21F9833984A4F85210A4F8D3
:1091300054104FF4A470A4F85600A4F858006673B5
:109140004FF448606080A4F8F050A4F8F250A4F8FE
:10915000F450A4F8F650A4F8F850A4F8FA5084F8A3
:10916000FD5084F8FF50A4F8065184F80451A4F887
:109170001851A4F81A5184F8BA5184F8BB5184F8F4
:10918000C45184F8C55184F8895184F8905184F809
:10919000935184F8AC51C4F8A451C4F8A851BDE867
:1091A000F08100E025E0A4F8065184F8FE506188C3
:1091B000FE480A460844B0FBF1F0A4F890004BF6D4
:1091C0008030A4F89200E3883846FFF7EAFE214693
:1091D0003846FFF70EFFFAF7F9F920B1D4F80E0080
:1091E000FFF72DFF10B184F88851D8E784F8886123
:1091F000D5E74188B4F8B831B4F8B4213846BDE8B1
:10920000F041CEE6437E0BB1252B01D912207047E9
:109210002AB14B7B2BB1012B05D01F2070470020BA
:10922000704700F0EEB900F092B910B500231A466D
:1092300003E0845C2343521CD2B28A42F9D30BB1BF
:10924000002010BD012010BD30B5134606E0CC183B
:10925000D51A14F8014C5B1E4455DBB2002BF6D135
:1092600030BD70B50E468CB0144601461D46102226
:109270006846FFF7E9FF1022314604A8FFF7E4FF34
:10928000684600F059FD08A94FF0100228461CB1AD
:10929000FFF7DAFF0CB070BDF4F74BF8FAE738B51A
:1092A00005460C466846FBF7B2FB002820D09DF926
:1092B00000002072E17E617294F90A100022411AC6
:1092C00000D5494295F82D308B4210DCFF2B0ED093
:1092D000E17A491CC9B2E17295F82E30994202D860
:1092E000A17A7F2903D1A0720020E07201221046EA
:1092F00038BD0C2813D00B2811D00D280FD01F28F3
:109300000DD020280BD0212809D0222807D02328CF
:1093100005D0242803D0262801D000207047012042
:10932000704710B5A2F10F030C2941D2DFE801F01C
:1093300006080D1215181C40243E272EAAB337E04C
:10934000072A37D0082A35D032E00C2A32D00B2A2F
:1093500030D02DE00D2A2DD02AE00C2B2AD927E081
:10936000103A0B2A26D923E0032B23D990F8380092
:10937000F0B11B2A1ED91BE0062A1BD018E01C2ABC
:1093800018D01D2A16D01E2A14D011E01F2A11D081
:10939000202A0FD0212A0DD0222A0BD0232A09D02F
:1093A000242A07D0262A05D002E003E00E2A01D0A5
:1093B000002010BD012010BD2DE9F0410C460546EE
:1093C00040F23577866805E0F8F7F7FF3946F8F799
:1093D000C8FCA8602846F9F7A5F90028F4D08CB19C
:1093E0003046A968F9F7EAFC00280BDD2044401E4E
:1093F000B0FBF4F707FB04F13046F8F7B2FCA860C5
:109400003846CCE60020CAE670B5044690420BD23E
:10941000101B642800D2642025188D4205D8042131
:10942000F9F7FFFC08B1284670BD204670BD11F069
:109430000C0F19D04A074FF41671002A03DA00BF47
:109440004FF0100201E04FF0400201DA4FF09601B8
:1094500001F5BC71A0EB0103884202D993FBF2F045
:1094600000E0002080B27047022904D06FF00D01A7
:1094700001EBD000F6E76FF00E0101EB9000F1E791
:109480000844184498300AB1042100E0002108443F
:10949000704701207047106808667047C10701D007
:1094A00001207047810701D502207047400701D590
:1094B00008207047002070472DE9F0410546164608
:1094C00088460124084600F054FA0746404600F05A
:1094D00052FA0346FFF7E2FF02463846FFF7DEFF87
:1094E00052EA000100D10024990700D10022B907F7
:1094F00000D1002095F86410914200D10022327012
:1095000095F86510814200D10020707072B968B979
:10951000404600F032FAB5F87010401A00B247F633
:10952000FE71884201DC002800DC0024204636E67B
:1095300010B540F6C4125410012903D0022902D0FC
:10954000FFDF02E008B1104610BD204610BDF0B5A7
:109550000C7C8B7BCD7B5C404B7C02886B4044EA6F
:109560000324467E62400023D5B2120A95FAA5F57F
:1095700092FAA2F22D0E120E45EA022202EB02121C
:109580005B1C2244DBB292B2032BEDD36240252355
:10959000B2FBF3F403FB142301EBD304837603F053
:1095A00007070125247A05FA07F701E0FFDB05002C
:1095B0003C4201D0C3761AE05643320C521CD2B260
:1095C000002403191B7D934213D300230E19367A0E
:1095D00005FA03F73E4201D0521ED2B222B15B1C03
:1095E000DBB2082BF4D306E003EBC401C176002004
:1095F000F0BDD21AD2B2641CE4B2052CE1D31F2014
:10960000F0BDF0B5837E0C7E012504FB02322523DC
:10961000B2FBF3F403FB142201EBD204827602F0D6
:109620000703247A05FA03F31C4201D0C2761EE038
:10963000437EB2FBF3F403FB1422521CD2B200238C
:10964000C418247D944214D30024CE1896F80860E0
:1096500005FA04F73E4201D0521ED2B222B1641C78
:10966000E4B2082CF4D306E004EBC301C176002079
:10967000F0BD121BD2B25B1CDBB2052BE0D31F2066
:10968000F0BD000030B50546007801F00F0220F073
:109690000F0010432870092912D2DFE801F00507F6
:1096A00005070509050B0F0006240BE00C2409E053
:1096B000222407E001240020E87003E00E2401E0EA
:1096C0000024FFDF6C7030BD007800F00F007047A1
:1096D0000A6840F8032F8988818070470A6840F83B
:1096E000092F8988818070470278402322F0400248
:1096F00003EA81110A4302707047027822F0800267
:1097000042EAC1120270704770B514460E46054613
:109710001F2A00D9FFDF2246314605F10900F3F781
:1097200008FEA41D6C7070BD70B514460E4605464B
:109730001F2A00D9FFDF2246314605F10900F3F761
:10974000F8FDA41D6C7070BD30B5017801F00F01FB
:10975000032920D0052921D14578B0F81910B0F897
:109760001B40B0F81730827D222D17D1062915D362
:109770004FF44865A94211D8B4F5FA7F0ED26AB108
:10978000082A0BD88A4209D28B4207D8B0F81D00AC
:10979000A84205D902E040780C2801D0002030BD55
:1097A000012030BD4078704700B5027801F0030316
:1097B00022F003021A430270012905D0022903D0C6
:1097C000032903D0FFDF00BD002100E0012141702B
:1097D00000BD00B5027801F0030322F003021A4332
:1097E0000270012905D0022903D0032903D0FFDF2D
:1097F00000BD002100E00121417000BD007800F0B3
:1098000003007047417841B1C078192803D2704AEB
:10981000105C884201D1012070470020704730B5AC
:1098200001240546C170192902D26948445C02E04E
:10983000FF2900D0FFDF6C7030BD70B514460E46B6
:1098400005461B2A00D9FFDF6C7022463146E81C12
:10985000BDE87040F3F76DBDB0F807007047B0F891
:1098600009007047B0F80B00704770B5B0F80720DA
:10987000B0F80940B0F805300179951F40F67A46F6
:10988000B54210D8B4F5FA7F0DD261B108290AD8D3
:10989000914208D2934206D8B0F80B00B0F5486F59
:1098A00001D8012070BD002070BD42680A60007AB6
:1098B00008717047B0F80900704700797047426836
:1098C0000A6080684860704780890880704750F857
:1098D0000E2F0A60406848607047D0F81600086094
:1098E00070470A6842604968816070470968C160D2
:1098F00070470079704742680A6080684860704726
:109900000171090A417170478171090AC17170477B
:109910000172090A417270478172090AC172704767
:1099200080887047C08870470089704740897047B9
:1099300001891B290CD341894FF4A472914207D3AA
:1099400081881B2904D3C088904201D3012070472D
:10995000002070470A684260496881607047017959
:10996000490704D04079400701D00120704700200A
:1099700070470079704740797047C08870470CB5D0
:1099800014A2D2E90012CDE900120179407901F068
:10999000070269461DF80220012A04D800F00700DA
:1099A000085C012801D900200CBD01200CBD01710B
:1099B000704700797047417170474079704730B502
:1099C0000C460546FB2900D9FFDF6C7030BD000056
:1099D000C0B20100000101020102020310B58C882F
:1099E0000A894B88C988A0F84430A0F84810A0F82C
:1099F0004640A0F84A2010BD10B5029C8181C2816A
:109A00000382448210BD1B2202838282C281828132
:109A100042800281028042848284828300290AD1AA
:109A20004FF4A4714183C18241820182C18041818E
:109A30008180C18401857047F0B5B0F84830818FCE
:109A4000458EC48E8B4200D30B46B0F84A10B0F856
:109A50004020914200D20A464386C286068F478F35
:109A600000F130019E4200D21E46974200D21746B6
:109A70000E814F81AB4201D1A24201D0012400E00E
:109A80000024B0F84420C38F068E858E9A4200D3FE
:109A90001A46B0F84670B0F842309F4200D23B46BA
:109AA00090F85A70022F08D1964200D232469D4259
:109AB00000D22B46002780F85A700A808B80B24271
:109AC00001D1AB4201D0012000E000202043F0BDD5
:109AD000508088899080C889D080088A1081488AFF
:109AE000508101201070704770B502884A80048E42
:109AF0008C80838ECB80428E0A81C58E4D81B0F8DA
:109B00005660AE420BD1B0F85250954207D1B0F832
:109B100058509D4203D1B0F85430A34201D00123E4
:109B200000E000230B73A0F852204A89A0F85620C9
:109B30008A88A0F85420CA88A0F85820012008700C
:109B400070BD70B50C46088E91F8641000F016F8E0
:109B5000A18E0546A94200D20D46208F94F86510CB
:109B600000F00CF8618F814200D208460146284679
:109B7000BDE8704000221346FFF782BC11F00C0FC5
:109B800004D04FF4747101EB801006E0022902D07A
:109B9000C000703001E080003C3080B270470000AF
:109BA0002DE9F0410C4612490D68114A114908325D
:109BB0001160A0F12001312901D301200CE04128DE
:109BC00010D040CC0C4F94E80E0007EB8000241F0F
:109BD00050F8807C3046B84720600548001D05607D
:109BE000BDE8F081204601F0B9F8F5E7062070479E
:109BF0001005024001000001DCB2010010B555481B
:109C0000F9F704FD00B1FFDF5248401CF9F7FEFCF4
:109C1000002800D0FFDF10BD2DE9F14F4E4E82B07D
:109C2000D6F800B001274B48F9F7F8FCDFF824819B
:109C300020B9002708F10100F9F706FD474C00257F
:109C40004FF0030901206060C4F80051C4F80451CA
:109C5000029931602060DFF808A11BE0DAF800000B
:109C6000C00617D50E2000F068F8EFF3108010F052
:109C7000010072B600D001200090C4F80493D4F81B
:109C8000000120B9D4F8040108B901F071F8009876
:109C900000B962B6D4F8000118B9D4F8040100285C
:109CA000DCD0D4F804010028CCD137B1C6F800B01C
:109CB00008F10100F9F7B2FC11E008F10100F9F731
:109CC000ADFC0028B6D1C4F80893C4F80451C4F818
:109CD00000510E2000F031F81E48F9F7B5FC0020C5
:109CE000BDE8FE8F2DE9F0438DB00D4606460024F9
:109CF0000DF110090DF1200818E000BF04EB440736
:109D0000102255F827106846F3F713FB05EB870779
:109D1000102248467968F3F70CFB6846FFF77CFF92
:109D200010224146B868F3F704FB641CB442E5DB3B
:109D30000DB00020BDE8F0836EE7002809DB00F0DD
:109D40001F02012191404009800000F1E020C0F88D
:109D5000801270476C01002004E5004000E00040E4
:109D600010ED00E0B64900200870704770B5B54DA1
:109D700001232B60B44B1C68002CFCD0002407E0AE
:109D80000E6806601E68002EFCD0001D091D641CB4
:109D90009442F5D30020286018680028FCD070BDDC
:109DA00070B5A74E0446A94D3078022800D0FFDFD9
:109DB000AC4200D3FFDF7169A548012903D847F2FF
:109DC0003052944201DD03224271491C7161291B0A
:109DD000C1609F49707800F030F9002800D1FFDFA2
:109DE00070BD70B5964C0D466178884200D0FFDF9B
:109DF000964E082D4BD2DFE805F04A041E2D4A4A44
:109E00004A382078022800D0FFDF03202070A07895
:109E1000012801D020B108E0A06800F041FD04E075
:109E200004F1080007C8FFF7A1FF05202070BDE876
:109E30007040F8F7C0B9F8F7C0FA01466068F8F763
:109E4000BDFFB04202D2616902290BD30320F9F7AA
:109E50000EFB12E0F8F7B1FA01466068F8F7AEFFC2
:109E6000B042F3D2BDE870409AE7207802280AD0C9
:109E7000052806D0FFDF04202070BDE8704000F008
:109E8000D2B8022000E00320F9F7F1FAF3E7FFDF90
:109E900070BD70B50546F8F790FA694C606020789F
:109EA000012800D0FFDF6A490120087000200871F6
:109EB00004208D6048716548C86002202070607879
:109EC00000F0BBF8002800D1FFDF70BD10B55C4C7E
:109ED000207838B90220F9F7E0FA18B90320F9F729
:109EE000DCFA08B1112010BD5A48F8F7E1F96070AA
:109EF0001F2804D0012020700020606110BD0320C5
:109F000010BD2DE9F0471446054600EB84000E46CF
:109F1000A0F1040800F0D7FC07464FF0805001691B
:109F20004F4306EB8401091FB14201D2012100E039
:109F3000002189461CB10069B4EB900F02D90920B9
:109F4000BDE8F0872846E7F76FF990B9A84510D328
:109F5000BD4205D2B84503D245EA0600800701D0CC
:109F60001020EDE73046E7F75FF910B9B9F1000FBF
:109F700001D00F20E4E7384838490068884205D00E
:109F8000224631462846FFF7F1FE1AE0FFF79EFF12
:109F90000028D5D12A4800218560C0E9036481707A
:109FA000F9F7DDFA08B12E4801E04AF2F870604393
:109FB0004FF47A7100F2E730B0FBF1F01830FFF7A0
:109FC00068FF0020BCE770B505464FF0805004697B
:109FD0006C432046E7F728F908B10F2070BD00F068
:109FE00072FCA84201D8102070BD1B481B490068B4
:109FF000884203D0204600F053FC10E0FFF766FFD4
:10A000000028F1D10E48012184608170F9F7A7FA88
:10A0100008B1144800E014481830FFF73AFF002058
:10A0200070BD00F053BE10B5054C6078F8F7A2F98A
:10A0300000B9FFDF0020207010BDF8F7EFBB000073
:10A040007001002004E5014000E40140105C0C00B8
:10A050008C0F0020E39D010058000020BEBAFECA0C
:10A0600050280500645E0100A85B01007149096881
:10A070000160002070476F4908600020704701218F
:10A080008A0720B1012804D042F20400704791678A
:10A0900000E0D1670020704767490120086042F264
:10A0A0000600704708B50423634A1907103230B11F
:10A0B000C1F80433106840F0010010600BE0106834
:10A0C00020F001001060C1F808330020C1F8080139
:10A0D0005A4800680090002008BD011F0B2909D8CC
:10A0E000554910310A6822F01E0242EA4000086019
:10A0F0000020704742F205007047000100F18040E7
:10A10000C0F8041900207047000100F18040C0F839
:10A11000081900207047000100F18040D0F80009C4
:10A12000086000207047012801D907207047444A81
:10A1300052F8200002680A4302600020704701289C
:10A1400001D9072070473E4A52F8200002688A432E
:10A15000026000207047012801D907207047384A63
:10A1600052F820000068086000207047020035495E
:10A170004FF0000003D0012A01D0072070470A6089
:10A18000704708B54FF40072510510B1C1F80423AF
:10A1900008E0C1F808230020C1F8240127481C303A
:10A1A00000680090002008BD08B58022D10510B1DC
:10A1B000C1F8042308E0C1F808230020C1F81C01FD
:10A1C0001E48143000680090002008BD08B54FF408
:10A1D0008072910510B1C1F8042308E0C1F808238A
:10A1E0000020C1F8200115481830006800900020B8
:10A1F00008BD10493831096801600020704770B50A
:10A200004FF080450024C5F80841F9F7B4F910B9BA
:10A21000F9F7BBF928B1C5F82441C5F81C41C5F8C8
:10A2200020414FF0E020802180F800140121C0F887
:10A23000001170BD0004004000050040080100400E
:10A24000A0B30100780500406249634B0A68634986
:10A250009A42096801D1C1F31001016000207047E2
:10A260005C495D4B0A685D49091D9A4201D1C0F302
:10A2700010000860002070475649574B0A6857493C
:10A2800008319A4201D1C0F31000086000207047E5
:10A2900030B5504B504D1C6842F20803AC4202D01E
:10A2A000142802D203E0112801D3184630BDC300A0
:10A2B0004B481844C0F81015C0F81425002030BDD4
:10A2C0004449454B0A6842F209019A4202D00628E5
:10A2D00002D203E0042801D308467047404A012116
:10A2E00042F83010002070473A493B4B0A6842F26E
:10A2F00009019A4202D0062802D203E0042801D3C1
:10A3000008467047364A012102EBC0004160002038
:10A31000704770B52F4A304E314C156842F2090330
:10A3200004EB8002B54204D0062804D2C2F800181B
:10A3300007E0042801D3184670BDC1F31000C2F82D
:10A340000008002070BD70B5224A234E244C1568C9
:10A3500042F2090304EB8002B54204D0062804D27D
:10A36000D2F8000807E0042801D3184670BDD2F8DF
:10A370000008C0F310000860002070BD174910B538
:10A380000831184808601120154A002102EBC0036B
:10A39000C3F81015C3F81415401C1428F6D3002078
:10A3A00006E0042804D302EB8003C3F8001807E09A
:10A3B00002EB8003D3F80048C4F31004C3F800484C
:10A3C000401C0628EDD310BD04490648083108603A
:10A3D0007047000058000020BEBAFECA00F50140D8
:10A3E00000F001400000FEFF814B1B6803B198475D
:10A3F000BFF34F8F7F4801687F4A01F4E06111434A
:10A400000160BFF34F8F00BFFDE710B5EFF3108081
:10A4100010F0010F72B601D0012400E0002400F01A
:10A42000DDF850B1E6F7A4FFF7F761FDF8F7C1FFDB
:10A43000F9F7E2FC71490020086004B962B6002017
:10A4400010BD2DE9F0410C460546EFF3108010F0E9
:10A45000010F72B601D0012600E0002600F0BEF820
:10A4600020B106B962B60820BDE8F08100F006FD13
:10A47000E6F782FF0246002001234709BF0007F1EB
:10A48000E02700F01F01D7F80071CF40F9071BD07B
:10A49000202803D222FA00F1C90727D141B20029AE
:10A4A00004DB01F1E02191F8001405E001F00F0157
:10A4B00001F1E02191F8141D4909082916D203FA87
:10A4C00001F717F0EC0F11D0401C6428D5D3F9F731
:10A4D00071FC4B4A4B490020F9F7B4FC47494A4804
:10A4E00008602046E6F7A7FE60B904E006B962B648
:10A4F00041F20100B8E73E4804602DB12846E6F776
:10A50000E7FE18B1102428E0404D19E02878022811
:10A5100002D94FF4805420E007240028687801D045
:10A52000D8B908E0C8B1202817D8A878212814D8AD
:10A53000012812D001E0A87878B9E8780B280CD867
:10A54000E6F71AFF2946F8F71AFFF7F78FFC00F035
:10A55000EDF92846E6F7DAFE044606B962B61CB104
:10A56000FFF753FF20467FE700207DE710B5044644
:10A5700000F034F800B101202070002010BD244903
:10A5800008600020704770B50C4622490D682149CB
:10A59000214E08310E60102807D011280CD0122847
:10A5A0000FD0132811D0012013E0D4E90001FFF7E8
:10A5B00048FF354620600DE0FFF727FF00252060AB
:10A5C00008E02068FFF7D2FF03E011492068086027
:10A5D000002020600F48001D056070BD07480A4933
:10A5E0000068884201D101207047002070470000B8
:10A5F000880100200CED00E00400FA05580000205E
:10A600004810002000000020BEBAFECAA8B3010016
:10A6100004000020100502400100000100B585493A
:10A6200010F1080F19D00CDC10F1280F1DD010F11B
:10A63000140F18D010F1100F13D010F10C0F08D117
:10A640000DE010F1040F06D080B103280ED00428CD
:10A650000CD0FFDF00BDFC2008E0F82006E0F4206D
:10A6600004E0F02002E0EC2000E0D820086000BD0B
:10A67000704900B5091D012803D0022803D0FFDF6F
:10A6800000BD032000E00420086000BD2DE9F0417A
:10A6900005460C4617461046F9F76CFD4FF47A76DE
:10A6A000022C10D0012C10D040F63401441838464A
:10A6B000F9F7C5FD204449F679710844B0FBF6F07E
:10A6C000281ABDE8F0813146F0E74FF4C861EDE7A4
:10A6D00070B505460C460846FAF7F4FA022C10D07D
:10A6E000012C11D04FF4AF5149F6CA62511A0844F7
:10A6F0004FF47A7100F2E140B0FBF1F0281A801EAD
:10A7000070BD40F24C41EFE740F63401ECE770B524
:10A71000064615460C460846FAF7D4FA4FF47A7105
:10A7200040F63402022D11D0012D11D01346022C17
:10A7300011D0012C01D04FF4AF529A1A104449F6AF
:10A74000FC621044B0FBF1F0301A70BD0B46EEE72E
:10A750004FF4C863EBE740F24C42EEE770B50446B5
:10A760000E460846F9F706FD05463046F9F767FD3F
:10A7700028444AF2AB3108444FF47A71B0FBF1F04F
:10A78000201A801E70BD2DE9F04106461D460C467C
:10A790001746104600F045F806EB4601C1EBC6111E
:10A7A00000EBC100022C15D0012C16D04FF4AF5194
:10A7B00046182046FAF786FA301A4FF47A7100F6F6
:10A7C000B730B0FBF1F43846F9F741FD2044284496
:10A7D000401D76E740F24C41EAE740F63401E7E7F6
:10A7E00070B5044615460E460846F9F7C3FC04EB5F
:10A7F0004401C1EBC411C0EBC1043046F9F71FFDA1
:10A80000241A284600F00DF820444FF47A7100F61F
:10A81000B730B0FBF1F42846F9F719FD2044401D8C
:10A8200070BD082803D0042801D0F9F7A3BC4EF668
:10A83000283070470C150040F0B585B00C46054631
:10A84000FEF7DCFF07466E78204603A96A46F5F757
:10A8500004FA81198EB258B1012F02D0032005B03D
:10A86000F0BD204604AA0399F5F719F9049D01E00B
:10A87000022F0FD1ED1C042E0FD32888BDF8001035
:10A88000001D80B2884201D8864202D14FF00000FC
:10A89000E5E702D34FF00200E1E74FF00100DEE709
:10A8A0000B4A022111600B490B68002BFCD0084BAE
:10A8B0001B1D186008680028FCD000201060086884
:10A8C0000028FCD070474FF080504069704700006E
:10A8D00004E5014000E4014002000B464FF0000097
:10A8E000014620D0012A04D0022A04D0032A0DD127
:10A8F00003E0012002E0022015E00320072B05D22F
:10A90000DFE803F00406080A0C0E10000720704769
:10A91000012108E0022106E0032104E0042102E015
:10A92000052100E00621F7F7E4BC0000E24805211C
:10A9300081700021017041707047E0490A78012A56
:10A9400005D0CA681044C8604038F8F704BA8A686D
:10A9500010448860F8E7002819D00378D849D94A0C
:10A9600013B1012B0ED011E00379012B00D06BB98C
:10A9700043790BB1012B09D18368643B8B4205D22B
:10A98000C0680EE00379012B02D00BB100207047A4
:10A9900043790BB1012BF9D1C368643B8B42F5D2EB
:10A9A00080689042F2D801207047C44901220A70A1
:10A9B000027972B100220A71427962B104224A71AD
:10A9C000826852328A60C068C860BB4902208870C1
:10A9D00070470322EFE70322F1E770B5B74D044655
:10A9E00000202870207988B100202871607978B122
:10A9F0000420B14E6871A168F068F7F7B2F9A86059
:10AA0000E0685230E8600320B07070BD0120ECE7D0
:10AA10000320EEE72DE9F04105460226F8F7C5F8D8
:10AA2000006800B1FFDFA44C01273DB12878B8B120
:10AA3000012805D0022811D0032814D027710DE079
:10AA40006868C82808D30421F8F7EBF920B16868D2
:10AA5000FFF773FF012603E0002601E000F014F980
:10AA60003046BDE8F08120780028F7D16868FFF70C
:10AA700072FF0028E2D06868017879B1A0780428D4
:10AA800000D0FFDF01216868FFF7A7FF8B49E0785E
:10AA900000F003F90028E1D1FFDFDFE7FFF785FFD2
:10AAA0006770DBE72DE9F041834C0F46E17888427F
:10AAB00000D0FFDF00250126082F7DD2DFE807F058
:10AAC000040B28283D434F57A0780328C9D00228FB
:10AAD000C7D0FFDFC5E7A078032802D0022800D046
:10AAE000FFDF0420A07025712078B8BB0020FFF79D
:10AAF00024FF72480178012906D08068E06000F0E8
:10AB0000F9F82061002023E0E078F7F782FDF5E70F
:10AB1000A078032802D0022800D0FFDF207880BB75
:10AB2000022F08D05FF00500F8F7A1FCA0780328F9
:10AB300040D0A57095E70420F6E7A078042800D05F
:10AB4000FFDF022004E0A078042800D0FFDF01200E
:10AB5000A1688847FFF75EFF054633E003E0A07871
:10AB6000042800D0FFDFBDE8F04100F08DB8A078E8
:10AB7000042804D0617809B1022800D0FFDF2078D2
:10AB800018B1BDE8F04100F08AB8207920B1062064
:10AB9000F8F76DFC25710DE0607840B14749E07829
:10ABA00000F07BF800B9FFDF65705AE704E007208A
:10ABB000F8F75DFCA67054E7FFDF52E73DB1012DC9
:10ABC00003D0FFDF022DF9D14BE70420C0E70320BB
:10ABD000BEE770B5050004D0374CA078052806D133
:10ABE00001E0102070BD0820F8F757FC08B11120D3
:10ABF00070BD3548F7F75CFBE0701F2806D00121D7
:10AC0000F8F730FA0020A560A07070BD032070BD79
:10AC1000294810B5017809B1112010BD81780529A6
:10AC200006D0012906D029B101210170002010BDF4
:10AC30000F2010BD00F033F8F8E770B51E4C054644
:10AC4000A07808B1012809D155B12846FFF783FE45
:10AC500040B1287840B1A078012809D00F2070BDFC
:10AC6000102070BD072070BD2846FFF79EFE03E050
:10AC700000212846FFF7B1FE1049E07800F00DF8FA
:10AC800000B9FFDF002070BD0B4810B5006900F06F
:10AC900029F8BDE81040F7F78EBAF7F7BFBD0648B0
:10ACA00010B5C078F7F766FB00B9FFDF0820F8F7AA
:10ACB000DEFBBDE8104039E68C0100209C0F00202F
:10ACC0003D860100FF1FA107A5AA010010B5134C86
:10ACD0002060201D0160114810300260001D0360DB
:10ACE000002010BD0E490A6848F202139A4302433D
:10ACF0000A6070470A4A116848F2021301EA030029
:10AD0000994311607047054B02465B421020134483
:10AD1000FC2B01D8116000207047000000060040A5
:10AD2000C806024070477047704700001EF0040FCD
:10AD30000CBFEFF30880EFF30980014A10470000D1
:10AD40005F3E010001B41EB400B5F8F7A9FD01B4DF
:10AD50000198864601BC01B01EBD0000826903490E
:10AD600081614FF0010010447047000045AD0100C3
:10AD70000FF20C0000F10000694641F8080C20BFFA
:10AD800070470000FEDF18490978F9B904207146C0
:10AD900008421BD10699154A914217DC06990229EF
:10ADA00014DB02394878DF2810D10878FE2807D054
:10ADB000FF280BD14FF001004FF000020C4B184759
:10ADC00041F201000099019A094B1847094B002BE9
:10ADD00002D01B68DB6818474FF0FF3071464FF018
:10ADE0000002034B1847000028ED00E000C00100FE
:10ADF000E9A3010004000020174818497047FFF735
:10AE0000FBFFE6F7CBF900BD1548164909688842F3
:10AE100003D1154A13605B68184700BD20BFFDE7EA
:10AE20000F4810490968884210D1104B18684FF03C
:10AE3000FF318842F2D080F308884FF02021884209
:10AE400004DD0B48026803210A4302600948804779
:10AE500009488047FFDF0000B00F0020B00F00203E
:10AE600000100000000000200400002000C00100CD
:10AE700014090040DD2F000009AE0100F0B4404687
:10AE8000494652465B460FB402A0013001B5064860
:10AE9000004700BF01BC86460FBC804689469246EB
:10AEA0009B46F0BC70470000091100000420714669
:10AEB000084202D0EFF3098101E0EFF308818869CD
:10AEC00002380078102813DB20280FDB2C280BDB3E
:10AED0000A4A12680A4B9A4203D1602804DB094AE5
:10AEE0001047022008607047074A1047074A10477A
:10AEF000074A12682C3212681047000058000020E0
:10AF0000BEBAFECA7D130000A19B010087A5010007
:10AF1000040000200D4B0E4908470E4B0C49084712
:10AF20000D4B0B4908470D4B094908470C4B084985
:10AF300008470C4B064908470B4B054908470B4B84
:10AF4000034908470A4B02490847000019AC0000B2
:10AF500059B00000A52F00000BA8000099A7000021
:10AF6000A1AE0000991300004D7700001DB0000055
:10AF70002DAD01005F8200000784000065850000A0
:10AF8000C98500000386000037860000698600003E
:10AF90009986000021870000478300008985000012
:10AFA00013120000C12100000B2200006F220000DC
:10AFB000F522000011240000D32400000525000024
:10AFC000E3250000CB2600001F270000A12700007A
:10AFD000C1270000B92D0000DD2D0000FD2C000070
:10AFE000592D00000F2E0000A32E00002F3D000061
:10AFF000093E00003D4100003D420000B342000018
:10B000001D4300008143000017120000754400003A
:10B01000E1440000E3270000E927000017120000C8
:10B02000171200001712000017120000F32700008B
:10B030002B280000A12800001712000017120000A2
:10B040002D22000087290000A9290000F529000011
:10B05000131200001312000013120000131200005C
:10B06000EF5200007553000091530000AD530000F3
:10B070003B550000D7530000E1530000235400006B
:10B0800045540000215500006355000013120000D4
:10B0900013120000676E0000876E0000916E0000C2
:10B0A000CB6E0000F96E0000E96F000077700000C1
:10B0B0008B700000D9700000EF71000095730000E4
:10B0C000BD740000E95D0000D5740000131200009B
:10B0D00013120000A1A0000003A200005DA2000066
:10B0E000D7A2000083A30000100110013A02000063
:10B0F0001A0200040506000007000000FFFFFFFF22
:10B100000000FFFFE39C0000BF1C0000934E000006
:10B11000335E0000E97A000000000000A17D00001D
:10B120007D7D00008F7D0000000002000000000017
:10B13000000200000000000000010000000000000C
:10B14000136C0000F36B0000616C00007152000092
:10B150003352000053520000219400003994000043
:10B160004396000041370000816C000000000000A1
:10B17000B16C0000BF5200000000000000000000A1
:10B18000000000002395000000000000C13700000F
:10B19000555555D6BE898E0000006406640C6412B5
:10B1A00000000803AC055008000054044408340CA7
:10B1B00075DF0000DDE00000D7DE000073DF000077
:10B1C0001B5D0100ABE1000000000000480800002A
:10B1D0004808000051350000513500009B21000057
:10B1E000439B0000B7600000A34D0000F97301000D
:10B1F0008135000081350000BF210000D59B000093
:10B200003F610000174E00000F74010070017001D3
:10B21000400038005C002400200200000300656C40
:10B220007462000000000000000000000000000048
:10B230000000870000000000000000000000000087
:10B240000000BE83605ADB0B376038A5F5AA9183F6
:10B25000886C0000010000008B0801005D170100F0
:10B2600000000001020603040500000007000000C2
:10B2700000000000060000000A000000320000008C
:10B2800073000000B4000000F401FA0096006400AE
:10B290004B0032001E0014000A00050002000100ED
:10B2A0000041000000000000AB830100E5870100C1
:10B2B0008F870100BD830100000000002989010083
:10B2C0000C0802170D010102090901010602091803
:10B2D00018030101090903030500000049A2010048
:10B2E00061A2010079A2010091A20100C1A20100A6
:10B2F000E9A2010013A3010047A30100C79F0100B9
:10B30000039F010023A0010007AD01000D360100DD
:10B310001D360100493601001B37010023370100AB
:10B32000353701007FA0010099A001006DA0010048
:10B3300077A00100A5A00100DBA00100ED9B0100AA
:10B34000FBA0010009A1010017A1010027A1010034
:10B350003FA1010057A101006DA10100ED9B01007B
:10B3600000000000B7A900000DAA000023AA0000F9
:10B37000D9A80100199C0100E59C0100D3AB010094
:10B3800011AC01003BAC0100113401005D3901003A
:10B3900083A10100A9A10100CDA10100F3A1010039
:10B3A0001C0500402005004000100200CCB3010045
:10B3B00008000020980100004411000000B40100C2
:10B3C000A0010020100E00008011000001150545AD
:10B3D000481000200519A40500203601000100884E
:10B3E0003720FB349B5F80041F8000100D9DCB092C
:10B3F0000020880900200E0A0020024810000000EA
:10C000000000022091E60200B9E60200BBE6020051
:10C01000BDE60200BFE60200C1E60200000000002B
:10C02000000000000000000000000000C3E6020065
:10C03000C5E6020000000000C7E60200C9E60200F3
:10C04000CBE60200E933020031E50200F5E402002C
:10C0500009E50200CBE602007DCE020099B902009C
:10C06000E9DF0200F1DF0200F9DF0200CBE60200A7
:10C07000CBE60200CBE60200CBE60200CBE60200F4
:10C08000CBE602009DF00200CBE60200CBE6020008
:10C09000CBE60200CBE60200F9280300CBE6020063
:10C0A000CBE60200CBE6020001E0020009E002005C
:10C0B000CBE60200CBE6020000000000000000001A
:10C0C000CBE60200CBE60200CBE602001DE5020053
:10C0D000CBE60200CBE60200CBE60200CBE6020094
:10C0E00059E5020000000000000000000000000010
:10C0F00000000000CBE602000000000045E5020061
:10C10000000000000000000000000000000000002F
:10C11000000000000000000000000000000000001F
:10C12000000000000000000000000000000000000F
:10C1300000000000000000000000000000000000FF
:10C1400000000000000000000000000000000000EF
:10C1500000000000000000000000000000000000DF
:10C1600000000000000000000000000000000000CF
:10C1700000000000000000000000000000000000BF
:10C1800000000000000000000000000000000000AF
:10C19000000000000000000000000000000000009F
:10C1A000000000000000000000000000000000008F
:10C1B000000000000000000000000000000000007F
:10C1C000000000000000000000000000000000006F
:10C1D000000000000000000000000000000000005F
:10C1E000000000000000000000000000000000004F
:10C1F000000000000000000000000000000000003F
:10C200009FED217B2DE9F04100F5026C224C04608A
:10C210009FED1F5B4FF07E54DFED206A03F1FF3E80
:10C2200080ED027B00F62807CCF800404FF00108B3
:10C2300000F5036500F504640026BEF1030F0CED64
:10C24000025BC0F82468C7ED006A80F82C8885ED91
:10C25000007B04ED027B07D803EB080C4CFA08F4D2
:10C26000C0F81838C0F81C4892B207EE902A00F6C1
:10C270001402F8EE677A00F501631160C3ED007AED
:10C28000BDE8F081AFF30080000000000000000076
:10C2900003000000020000004072030000000000E4
:10C2A0004389DA0700F1E4802DE9F0414FF0804244
:10C2B00043F00103D2F8002492B006464381002ADD
:10C2C00000F0C8806E4A13680133136007F0ECFD7C
:10C2D00006F1D0070021304605F000FD3846694CD4
:10C2E00008F008FA04F1F00554F8043F184613B1B9
:10C2F0001B681B689847AC42F6D1304606F0F4FD47
:10C30000614B0024CDE90C34DDE90C0110258DE8EA
:10C31000030002953346224640F2FD31384605F0CF
:10C32000E7FA5A4BCDE90E34DDE90E01C0238DE862
:10C33000030002936422334640F2FD31384605F093
:10C34000D7FA534B0295CDE91034DDE9100133469D
:10C350008DE8030022464FF47F71384605F0C8FA95
:10C3600072894C4BE02142F4C042728183F8091378
:10C370006022A02183F80A1383F81A2383F81B2371
:10C3800083F8071383F81C13802183F8211383F8A3
:10C390002223402283F8011306F5E86083F8022384
:10C3A00083F8062301F086FC06F0DEFD014606A8B0
:10C3B0000EF024FB11F012FF2FA3D3E9002319F094
:10C3C00043FF90462CA3D3E9002319F03DFF4146DB
:10C3D000054608A805920EF0F1FA059909A80EF095
:10C3E000EDFA29460AA80EF0E9FA09AA0AA90BA84B
:10C3F0000EF0E4FB08AA0BA907A80EF0DFFB0BA8C0
:10C400000EF0D4FA0AA80EF0D1FA09A80EF0CEFA6E
:10C4100008A80EF0CBFA06F2CC713B4607AA0091B1
:10C4200006F10C0006A9019404F0F4FC07A80EF034
:10C43000BDFA06A80EF0BAFA05F070F93368164A8C
:10C440005B6893420DD10A2008F0A8FC002012B0CE
:10C45000BDE8F0810A4B4FF47A701A6009F01EF8BB
:10C4600034E730460A219847002012B0BDE8F08139
:10C470000A487047AFF3008000CA9A3B00000000F2
:10C48000302000204C580020951702008117020030
:10C49000D118020000E100E02D17020016FCFFFF9A
:10C4A00070B52DED028B002482B008EE103A5C4B83
:10C4B000036044600546CDE90021BDF8206007F027
:10C4C00075FE584B019969612B6003F12C013833DB
:10C4D000A960EB602C8205F12C000EF083F905F1C8
:10C4E00030000EF07FF99FED507A504BAE80C7EED2
:10C4F000087A6E69009A6A63EC616C762C85C6F8DE
:10C500000045B0EE677ABEEECE7A17EE101A9FEDB8
:10C51000427BB1F5004F83ED007B83ED027B234628
:10C5200078DB013341FA03F0B0F5004FF9DA072B5D
:10C5300015DC00FA03F10029B8BF0F31091107EE2D
:10C54000901ADFED396AC6F80C35F8EEE77AC6F8CE
:10C55000080586EEA77AC5ED097A85ED087A0023ED
:10C560000221C6F804353248C6F81015C6F8483519
:10C57000C6F82835C6F84C35C6F82C3540F20113FC
:10C580006B830123C6F81435302404238642C6F891
:10C590000032C6F8044321D0264886422DD02649D1
:10C5A0008E420ED0116801234C682B761046C6F8D7
:10C5B000003505F10801A047284602B0BDEC028B0A
:10C5C00070BD1E491E4C8D601E498868A1F54061F2
:10C5D000C0F8C840C1F884314B60E3E7194B1749F4
:10C5E00098680D60A3F540634FF08051164CC0F879
:10C5F000B040C3F880111960D4E7104B134C5D6054
:10C60000104B9868A3F54063C0F8C440C3F8841188
:10C610005960C7E708468EE70080008000800080F0
:10C62000647703006080030000247449783600209A
:10C6300000C0014000100240002002408859002044
:10C64000B5C3020000ED00E0EDC2020051C30200DC
:10C6500082B010B59FED0A7B82B00146069C80ED4A
:10C66000087B1030CC600190CDE9042308F03AFD3E
:10C67000019802B0BDE8104002B008F071BC00BFE4
:10C68000000000000000000082B010B582B0CDE9CB
:10C690000423D0E90832134304D102B0BDE81040AE
:10C6A00002B0704701900AF069FA019BD3E9084291
:10C6B00084428A41F1D29FED0A7B002203F11000EF
:10C6C00083ED087BDA60019008F00CFD019802B060
:10C6D000BDE8104002B008F043BC00BFAFF30080DB
:10C6E00000000000000000000348044B834202D019
:10C6F000034B03B1184770476421002064210020D8
:10C70000000000000548064B1B1AD90F01EBA301DE
:10C71000491002D0034B03B1184770476421002031
:10C72000642100200000000010B5064C237843B9B6
:10C73000FFF7DAFF044B13B10448AFF30080012385
:10C74000237010BDA86200200000000010880300C4
:10C7500008B5054B1BB105490548AFF30080BDE89E
:10C760000840FFF7CFBF00BF00000000E836002000
:10C7700010880300A3F5803A704700BF174B002BC9
:10C7800008BF134B9D46FFF7F5FF00218B460F4670
:10C790001348144A121A19F057FF0E4B002B00D001
:10C7A00098470D4B002B00D0984700200021040033
:10C7B0000D000D48002802D00C4806F053FD19F07A
:10C7C0001FFD2000290000F029FA19F0DDFB00BF51
:10C7D000000008000000000000000000000002202F
:10C7E00000220020CC620020653202000000000020
:10C7F00010B5034B036004460FF070F9204610BDDE
:10C800004470030010B5054B036004460FF066F951
:10C81000204619F0D2FE204610BD00BF4470030030
:10C8200008B50C4B1B68002B03DD002801DB83429D
:10C8300000DC08BD084B00EB400103EB8111C02276
:10C84000064819F03DFFBDE8084004490448C022ED
:10C8500011F020BD5039002054390020003700204D
:10C86000D027002000B587B08DE80F000C4905A83F
:10C870000EF0C4F84FF4C87205A90A480AF006FD84
:10C8800005A80EF093F8084B1B68002B01DC07B0DD
:10C8900000BD064B186807B05DF804EBFFF7C0BF9A
:10C8A00060670300582B0020503900204C390020CD
:10C8B00070B586B0BDF82850CBB10F2901D1C02D7D
:10C8C00015D104462820CDE90412039319F077FE10
:10C8D000039BBDF81010BDF814200095064608F023
:10C8E0001BFD236831465B682046984708B906B0AF
:10C8F00070BD304608F02CFD304606B0BDE87040F3
:10C9000019F05BBE00B589B00DF1080C8CE80F0082
:10C910000F4907A80EF072F84FF4C87207A90D4826
:10C920000AF0B4FC07A80EF041F80B4B1B6863B18A
:10C930000A49019307A80EF061F80198022207A99D
:10C9400004F0FAFD07A80EF031F809B000BD00BFF1
:10C9500064670300582B00205857002068670300C5
:10C960002DE9F04F9E4C8BB00DF1080C25688CE83A
:10C970000F009C4909A80EF041F80223294609AA94
:10C9800007A804F0E1FD09A80EF010F8079BB3F921
:10C990000230002B05DC07A80EF008F80BB0BDE84C
:10C9A000F08F07A908A80EF0A9F8089BB3F9025068
:10C9B000002D79DD691E09B208A801910EF01EF95B
:10C9C0000D287AD0002108A80EF018F944380F2855
:10C9D0006AD8DFE800F08669696969696969696927
:10C9E00069699969A608804B1868002800F01081D1
:10C9F0007E4A0368924612689B68934602EB4202A5
:10CA000097019847042506460021774B0191186845
:10CA100003689B6998470199013D3144F5D107F1BD
:10CA2000130323F0030210464FEA9309019208F022
:10CA3000F3FB0646804600B3019AFF2119F004FE7D
:10CA40006B4BF560C6E901B73360002F40F0BC8046
:10CA5000654B1868A9EB0503402B026828BF4023EB
:10CA60005769019308EB8502A900B847019B1D4453
:10CA7000A945EDD8404608F015FCDAF800305D4ACB
:10CA800000208342106001DDFFF7CAFE24685CB11C
:10CA9000594909A80DF0B2FF0222204609A904F065
:10CAA0004BFD09A80DF082FF08A80DF07FFF07A835
:10CAB0000DF07CFF0BB0BDE8F08F019B002208A9B0
:10CAC00009A80EF03BF809A908A80EF025F809A856
:10CAD0000DF06CFF089BB3F90250002D3FF772AFC9
:10CAE000E2E76A1EE0D0454D28681418B4F5C07F0F
:10CAF000DADC434B08991844053119F0E1FD404B4D
:10CB00002C6000221A55CFE73C4B1B68B3F5C07F61
:10CB100013DA3A4A246800231360002CC4D0394940
:10CB2000B7E732483549334A2468002303600B6075
:10CB30001360002CB8D03449ABE72C4B9A461B68E5
:10CB4000272B1E46E5DC31482D4903EB430300EB60
:10CB50008310013801F5C07C10E0A2F16105052DBC
:10CB60002FD9A2F137051D43413A6DB2052A98BF6E
:10CB70002B4602318C4500F8013F2CD00A78A2F1F7
:10CB80003003DDB2092D15D9A2F16103052B14D9AB
:10CB9000A2F14103052B9DBF373A120153B2002386
:10CBA0004A78A2F130055FFA85FEBEF1090FD4D8AC
:10CBB0002B43DEE71B015BB2F2E7573A120153B297
:10CBC000EEE7573A1343D4E710493A4606F110000E
:10CBD00019F076FD3CE7731CCAF8003099E700BFF6
:10CBE000585700206C67030054570020503900202C
:10CBF000524753314C39002074670300C03700207E
:10CC0000C4370020706703006867030054390020B0
:10CC1000DFF804A031E700BF5039002070B5574855
:10CC2000574E584D88B0FFF73BFB102019F0C7FC5A
:10CC300000230446D3F8F82F01320ABF4FF0102327
:10CC4000D3F8F81F59694FF080531A6918691B69A6
:10CC50000244A1EB82012046042202F04BFA4A4B27
:10CC6000346000221A602046042304A92A6002F0DE
:10CC700093F9464B049A9A4209D1059B5A1E272ADA
:10CC800005D80698C02202FB03F3984259D010241D
:10CC90003F4B4048009401224FF47A71FFF708FEA1
:10CCA0003D4B3C48009402224FF47A71FFF700FE9E
:10CCB0003A4B3848009401224FF49661FFF7F8FD93
:10CCC00001221146364B33480094FFF7F1FD354BF6
:10CCD0003048009401220221FFF7EAFD382019F0C4
:10CCE0006EFC264C8022216B4023064604F096FA07
:10CCF0002D4B2E491E6004A80DF080FE002204A9D1
:10CD0000304604F0EDFC04A80DF050FE2B68002B1B
:10CD100015DD0020FFF784FD254904A80DF06EFE07
:10CD20004FF4C87204A904F658000AF0AFFA04A838
:10CD30000DF03CFE07F0A8FF002008B070BD1D49B3
:10CD4000EBE70330830820F00300039308F064FA54
:10CD5000044600289BD03068039B02682146166970
:10CD60001022B047069A1448214619F0A9FC204623
:10CD700008F098FA059B2B6089E700BF002300208C
:10CD800054570020503900204C390020524753316D
:10CD900005C90100D023002065C8010061C9010058
:10CDA00079CE0100E1CD0100585700206C670300E7
:10CDB000786703007C6703005439002008B50548F4
:10CDC00004F0FCFDBDE80840034A0449014819F09D
:10CDD000EFBB00BF00230020442000200DCF010046
:10CDE00030B5224C85B08DE80F0023680BB905B033
:10CDF00030BD09F0B1FE054609E009F0ADFE431B68
:10CE0000B3F5FA7F4FF0140017D207F0C7FF1848A8
:10CE10000AF048FB0028F0D12368002BE7D0154A20
:10CE200010681844013890FBF3F103FB1100106007
:10CE300005B0BDE83040FFF7F3BC0E4D0EE02368AF
:10CE40004BB128681844013890FBF3F203FB120041
:10CE50002860FFF7E5FC642007F0A0FF04480AF013
:10CE600021FB0028EBD105B030BD00BF50390020B8
:10CE7000B02B00204C39002030B5214C85B08DE816
:10CE80000F0023680BB905B030BD09F065FE0546FB
:10CE900009E009F061FE431BB3F5FA7F4FF014007F
:10CEA00016D207F07BFF17480AF0FCFA0028F0D1F1
:10CEB0002368002BE7D0144A1068013090FBF3F18F
:10CEC00003FB1100106005B0BDE83040FFF7A8BCBF
:10CED0000D4D0DE0236843B12868013090FBF3F25B
:10CEE00003FB12002860FFF79BFC642007F056FF4D
:10CEF00004480AF0D7FA0028ECD105B030BD00BFD5
:10CF0000503900208C2B00204C390020684B03F155
:10CF10003C022DE9F0410446C0E9003200F596508C
:10CF2000103000F059FC0025624E634F04F5176085
:10CF300000F006FAA4F8465904F51460C4F84069F4
:10CF400007F0A2F9A4F81E5904F61810C4F81869DD
:10CF500007F09AF904F6E4000BF0A8FC574BC4F86C
:10CF6000D43804F6D40008F0B7FA04F50B600AF0E0
:10CF700005FA04F68C000AF001FA04F61C0000F031
:10CF800017FB04F2BC7002F0BDF804F5F26001F08A
:10CF9000DFF804F5E86000F039FCC4F8287704F500
:10CFA000E5600EF09BFDC4F8107704F5E2600EF02A
:10CFB00095FD04F5D56010F09BFAA4F84A5304F5EA
:10CFC0005170C4F8446307F05FF93D4BC4F8043373
:10CFD00004F541700BF044FE3A4BC4F8F83003F10D
:10CFE0002802C4F8002104F53D7504F53E700DF0EB
:10CFF0002DFC28460DF02AFC04F58A739D4211D0C1
:10D00000DFF8C88004F5357504F1F40745F81C8C89
:10D0100028460BF0FBFEA5F110003C3D0DF016FC80
:10D02000BD42F3D1002504F1F800C4F8F860A4F87B
:10D03000FE5007F029F904F1D0000BF091F804F14B
:10D04000980009F087FD04F17C00E667A4F882509F
:10D0500007F01AF904F164006666A4F86A5007F054
:10D0600013F904F14C00E664A4F8525007F00CF9EF
:10D07000274604F134006663658707F005F9124B13
:10D0800047F80C3F04F120000DF090FC04F11C0067
:10D090000DF08CFC3846E660658207F0F5F8201D3F
:10D0A0006660658107F0F0F82046BDE8F08100BFBA
:10D0B000147503006477030044700300F07A0300E2
:10D0C000788103009C7F03009C7403006C7F030045
:10D0D000A0F104001AE700BF10B50446FFF716FFE1
:10D0E000204619F06AFA204610BD00BF10B5041F93
:10D0F0002046FFF70BFF204619F05FFA204610BDCF
:10D100000048704716FCFFFF704700BF70B504462B
:10D1100082B0382019F053FA132304F108020646AE
:10D1200025490093254BFFF7BBF90021C4F8F068AF
:10D1300030460FF011F8D4F8F0080EF095FF81B2E8
:10D1400004F1080001F002FF4FF4004104F108006F
:10D1500001F006FFD4F8F00888B194F87238D4F8DA
:10D1600078188BB90FF0B0F9D4F8F00894F8733848
:10D1700028B1D4F874185BB100220FF053F9D4F839
:10D18000EC385BB102B070BD01220FF04BF9EBE758
:10D190000FF09AF9D4F8EC38002BF3D1002240F2CA
:10D1A000FF3304F67C0104F1080001F08DFEC4F8A1
:10D1B000EC0802B070BD00BF0010024000442C47D4
:10D1C00010B50446D0F8FC08036801211B68984795
:10D1D0000121D4F8FC080FF055FFD4F84818D4F812
:10D1E000F4080EF093F9D4F8F818D4F8F4080022F3
:10D1F0000EF0B6F901210DF03FFE012384F87038DE
:10D2000010BD00BF10B5044682B0D0F848080DF03C
:10D21000BBFD10B194F87038D3B1D4F848080DF0C4
:10D22000B3FD014610B994F870380BB902B010BDC7
:10D23000D4F8FC0884F87018036801911B689847BB
:10D240000199D4F8FC0802B0BDE810400FF01ABFF5
:10D250002046FFF7B5FFE0E710B5044600293AD0B5
:10D26000D0F8F03823B3C388254A43F001030221E4
:10D27000C380C2F88410BFF34F8FBFF36F8FD0F815
:10D28000F0080FF0C9F8D4F87818D4F8F0080FF0C7
:10D290001BF9D4F87418D4F8F0080FF015F9D4F885
:10D2A000F00810B103689B6998470023C4F8F03870
:10D2B000D4F8FC0894F87038026884F871380021BA
:10D2C000136884F870189847D4F8FC0800210FF010
:10D2D000D9FE002010BDC388DA0705D5D0F8F028A4
:10D2E00023F00103C38042B194F87138002BF0D0D1
:10D2F0002046FFF765FF002010BDFFF707FFF3E7AB
:10D3000000E100E0044B186810B1D0F8F03803B128
:10D310007047FFF7FBBE00BF5C570020D0F8F03825
:10D3200080F873185BB1D0F8740821B1014600226F
:10D3300018460FF077B8014618460FF0C5B8704789
:10D3400070B50446D0F8F0081B4B236048B1D4F800
:10D3500078180FF0B9F8D4F87418D4F8F0080FF072
:10D36000B3F8164BC4F8083903F18402A833C4F8A3
:10D370002029C4F82839124E002504F638100DF083
:10D3800065FA04F51260C4F82069A4F8265906F07D
:10D390007BFF04F6041002F09FFD04F67C0002F00F
:10D3A0003BFA04F1080001F063FB20462660E580AB
:10D3B00006F06AFF204670BD8C700300C87303003E
:10D3C0006477030010B50446FFF7BAFF204619F052
:10D3D000F4F8204610BD00BF2DE9F047044684B0A4
:10D3E00000251F46654B03602646456088469246E9
:10D3F000DDF8309006F0DAFE614B46F8083B6149F3
:10D40000032340F2FF323046FEF7FAFE40F20113EA
:10D410004AF6444284F87058A4F8723840F6C23193
:10D42000C4F87488C4F878A884F8715804F67C00AD
:10D4300002F08EFA0D9BC4F8FC3804F67C01C4F8A7
:10D44000EC58C4F8F058C4F8F478C4F8F89804F626
:10D45000041002F03FFD2B22314604F6081002F0C2
:10D46000F5FF494B1A68002A00F08580E388DFF851
:10D4700030A143F40053E38004F67C00012102F064
:10D480001FFD0022494638460EF06AF803683F49FE
:10D490005B6AC4F84808984700220721D4F8480876
:10D4A000DFF8E8900DF0D0FC2046FFF789FE44201D
:10D4B00019F085F8D4F84818054601F11C0706F064
:10D4C00061FE3946024628460CF09EFD04F50761D0
:10D4D0002846C4F854580CF0A7FB4C2019F06FF8FC
:10D4E0000546D4F8540803685B69984702230A226A
:10D4F0000146CDE900322846254A01230CF0D4FA32
:10D50000C4F84C58602019F05AF80546D4F854086D
:10D5100003685B699847152302931E4B01934FF0F4
:10D52000834301461C4A009328461C4B0CF02CF800
:10D53000C4F85858442019F042F8D4F84C1805465D
:10D540002C3125220CF060FD04F66C08C4F850580C
:10D5500004F65C05542019F032F8534607464A4653
:10D56000314602F021F945F8047F4545F2D12046C5
:10D5700004B0BDE8F0871C6078E700BF6477030063
:10D580008C70030000442C475C57002000E02B46C1
:10D590000AD7A33D00000C420000AA4200008242CC
:10D5A00000007F43704700BF0048704716FCFFFF34
:10D5B00010B5074B036003F14002044640F83C2FCE
:10D5C00009F0EAFB204601F0A7FD204610BD00BF90
:10D5D000B0700300084B10B503F14002044603602D
:10D5E00040F83C2F09F0D8FB204601F095FD20467D
:10D5F00018F0E3FF204610BDB0700300094B10B5D2
:10D6000003F14002A0F13C0440F83C3C026009F008
:10D61000C3FB204601F080FD204618F0CEFF2046D7
:10D6200010BD00BFB070030010B5074B40F83C3C84
:10D6300003F14002A0F13C04026009F0ADFB20467A
:10D6400001F06AFD204610BDB070030030B583B014
:10D650004FF0010C04461D46CDF800C001F0EEFE6F
:10D660002A46214604F13C0009F0DAFB034B236013
:10D6700003F140022046E26303B030BDB070030006
:10D6800010B50446C0E9001283604FF48072042391
:10D6900008310C3004F018FE0022012104F12400AE
:10D6A00007F058FC04F198000DF030FA0023C4E9AB
:10D6B0001433A363236223646363E3636364A36536
:10D6C000E364A4F85C302366C4F89430204610BDAF
:10D6D000F0B5056A15F0010583B047D1064604464A
:10D6E00056F8640B0368DB694FF4006262631F46FF
:10D6F00031460B23B8472946102284F88B5084F812
:10D70000805084F8755084F8905004F1810018F02E
:10D710003FFD29461022606404F1760018F038FDC0
:10D720002368656B1968626CE06405F50065E56364
:10D73000019218460B6B9847019A0544AA4202D2FF
:10D74000002003B0F0BDE56C636CAB42F8D22068FA
:10D750000368DB6A98478542F2D206490E223046BA
:10D7600018F049FFB0FA80F04009EAE7012003B061
:10D77000F0BD00BF8067030030B58DB00446FFF7F1
:10D78000A7FF28B9236A23F0010323620DB030BD3F
:10D790002D220021684618F057FF2068616B02684F
:10D7A000126A0B2315466A46A84720680168096A71
:10D7B00001230D466A46E16CA847E3E738B5054604
:10D7C000243007F0CDFB2846FFF7D6FF05F12400F3
:10D7D000BDE8384007F050BC10B5044698300DF055
:10D7E000E5F8204610BD00BFC1600020704700BFB3
:10D7F0000048704716FCFFFF0048704716FCFFFF0B
:10D80000014B1880704700BF9C62002000B5054A9C
:10D8100083B000230260C380019006F035FD0198BB
:10D8200003B000BD6477030010B5064A0260002310
:10D830000446C38006F028FD204618F0BEFE2046B0
:10D8400010BD00BF6477030082B010B50C4684B0F1
:10D850008646496820680DF1080CACE80300CDE964
:10D860000623039BDA0704460EEB630C03D55A101C
:10D870005EF802301C58DDE90801DDE906238DE879
:10D8800003006046A04704B0BDE8104002B07047F6
:10D8900070B5174D84B00560002504464560CDE99C
:10D8A0000221BDF82060019306F080FC019B0399E2
:10D8B000029AA3620F4B2162626223602A46012111
:10D8C00004F12C0007F046FB00220023C4E91023DA
:10D8D000E388E56343F4804343F004032046A4F85F
:10D8E0004850A68025616561A561E38004B070BDE4
:10D8F0006477030014710300C3885B070DD510B56E
:10D90000006A84B0026800230093126AE021144682
:10D910000DF10F02A04704B010BD704770B5C38869
:10D920005B0784B004460E4609D5006A00230268EE
:10D930000093126AE02115460DF10F02A847206AF4
:10D94000326801685388002400940C6A0432E02194
:10D95000A04704B070BD00BF70B50546486AD0F856
:10D960000C3390F813435B6884B000F543700E46A7
:10D970009847E443B0FA80F004F001044009A04263
:10D9800021D101220C2128460CF032FFF3885B07DD
:10D9900008D5306A002302680093146AE0210DF173
:10D9A0000F02A047306A2A680368002100919C6A30
:10D9B00004320C23E021A04710B9284604B070BD02
:10D9C00028460CF043FF28460CF00CFF284604B014
:10D9D00070BD00BF70B50C4682B0054668460CF0BD
:10D9E00001FFE38801263343E380012007F056FD61
:10D9F000214601A8FFF7B0FF01A968460CF02EFFF1
:10DA000001A80CF023FF009B5A88E2B11A79202A62
:10DA10001DD1E2885B79920601D5392B1FD0312BBD
:10DA200011D0022168460CF0B5FFE38823F0010312
:10DA30006946E38028460CF001FF68460CF006FFBB
:10DA4000284602B070BD142E0BD00136CDE7132A44
:10DA5000E7D059790D4807F0CBFCC11CE2E701265D
:10DA6000C3E70122022101A80CF0C2FE019B43F68C
:10DA700020029A80E38823F00103E38001A928466D
:10DA80000CF0DCFE01A80CF0E1FED6E730710300DB
:10DA900070B584B00C4601921E4605460CF0A2FEFD
:10DAA000019903A80CF0CAFE03A92046FFF736FF30
:10DAB00058B903A80CF0CAFE56B1214603A8FFF7D7
:10DAC00089FF03A928460CF0C9FE03A80CF0BEFE8E
:10DAD000284604B070BD00BFF0B583B00D460446C3
:10DAE00016460F460122022168460CF081FE2046B0
:10DAF0000CF078FE009B10225E711A71694601A835
:10DB00000CF09CFE284601A9FFF708FF054601A876
:10DB10000CF09CFE2DB168460CF098FE204603B038
:10DB2000F0BD394601A8FFF755FF01A920460CF0CA
:10DB300095FE01A80CF08AFE68460CF087FE204690
:10DB400003B0F0BD30B5CB889B0783B00C460546CB
:10DB500006D5A068A38928602846AB8003B030BDF5
:10DB600068460CF03FFE0122214601A8FFF7B4FFF2
:10DB700001A968460CF072FE01A80CF067FE009B3C
:10DB8000B3F80730A3810222214601A8FFF7A4FFC2
:10DB900001A968460CF062FE01A80CF057FE009B3C
:10DBA000B3F807302381022B03D1E38843F020032D
:10DBB000E3800322214601A8FFF78EFF01A96846F2
:10DBC0000CF04CFE01A80CF041FE009BA189B3F8BB
:10DBD0000730638149F60412E388914216BF23F0AF
:10DBE000040343F0060343F00203E38068460CF0AD
:10DBF0002DFEAEE730B50C4685B004210546012266
:10DC00000DEB01000CF0F4FD019A012340F6120126
:10DC1000918084EA03019371D17102A801A90CF0EB
:10DC20000DFE0123294602AA03A8FFF731FF03A82E
:10DC30000CF00CFE02A80CF009FE01A80CF006FE88
:10DC400005B030BD10B5012184B00446FFF7D2FF06
:10DC50000021012006F02CFB04210DEB0100012224
:10DC60000CF0C6FD019B124A5A6001A902A80CF0F3
:10DC7000E5FD02AA0123214603A8FFF709FF03A837
:10DC80000CF0E4FD02A80CF0E1FD0A2007F006FC10
:10DC9000606A032100F543700FF00EFA4FF08043E5
:10DCA0000122C3F8002501A80CF0D0FD04B010BD7E
:10DCB00012070108C388DB0700D5704710B504467A
:10DCC000406A90F81333D0F80C2384B0DB4303F0A0
:10DCD00001035268019300F543709047019BB0FA2D
:10DCE00080F252099A4213D102A80CF07BFD214622
:10DCF00003A8FFF731FE03A902A80CF0AFFD03A8AB
:10DD00000CF0A4FD029B5A8822B902A80CF09EFDDB
:10DD100004B010BD1A79112AF7D15A79092AF4D121
:10DD20009A79012AF1D1DB79032BEED12046FFF756
:10DD300089FFEAE7C38813F0010303D0174B0022E1
:10DD40001A60704710B51C460346406A90F81323CA
:10DD5000D0F80C1382B0D24302F00102496800925D
:10DD6000019300F543708847009AB0FA80F14909A1
:10DD7000914207D109490A681D2A08DC01320A606C
:10DD800002B010BD054B00221A6002B010BD019810
:10DD90000C6002B0BDE81040FFF78CBF6057002058
:10DDA000C38819B143F00103C380704723F0010316
:10DDB000C380704708B507F0B7F8003818BF0120D6
:10DDC00008BD00BF10B5044608F0C6FED4E9103205
:10DDD000C01A61EB0201B0F5FA7F71F1000105D3C1
:10DDE000E06B0028CCBF0020012010BD002010BD3A
:10DDF00010B51A4B1C688EB04CB3019008A80CF0FB
:10DE00001BFA174B0493182018F0D9FB0346069011
:10DE1000144802901846019940F80C1B0022DA6061
:10DE2000039242600792CDE90C2202AA03CA58600D
:10DE3000996022680C4992680C4858618A424FF0F8
:10DE40001203ADF8143004D104A807F081FA0EB023
:10DE500010BD04A920469047F6E700BF785900207E
:10DE6000FF0305008DDE0100F9D7010049D801004C
:10DE700010B504462C3007F035F9002007F05CF8A7
:10DE80002046BDE81040FFF7B3BF00BF82B000B529
:10DE90000C4983B08A42CDE9042304D003B05DF875
:10DEA00004EB02B0704703462C30019307F01AF9D7
:10DEB000002007F041F8019803B05DF804EB02B0D0
:10DEC000FFF796BFFF0305002DE9F04F8BB0054625
:10DED0009DF8504004941E4689460191144608F06E
:10DEE0004DFEAB6A002B00F0F88080460F4608F02C
:10DEF00045FEB9F1000F0DD0844276EB0103C0F06E
:10DF0000EA80774A201A66EB0101002382428B41A6
:10DF100080F0E18001212846FFF76CFE049B581C2D
:10DF20000021C0B206F0C4F908A808F0F5FE824648
:10DF3000A86A0368DA6943698B46C1680791D3F818
:10DF400048150591D3F804130691D3F80413C3F8C8
:10DF50000813644B9A4240F0B680634BC360DFF80D
:10DF600098910023A9F80030049B7BB9159B6BB1F5
:10DF70001B6815985B689847159B1598DB8813F408
:10DF8000807F0CBF032102210FF096F8686A0321FD
:10DF900000F543700FF090F8544BA86A40221A60C5
:10DFA0000368089ADB6B02219847A86A03689B6A9A
:10DFB00098470D3C66F10006B4EB080466EB0706D3
:10DFC000BAEB080A6BEB070B1AEB0A0A4BEB0B0BCD
:10DFD000B4EB0A03029366EB0B030393019B089EC9
:10DFE000DFF818B100242746A24653B3029A0399DA
:10DFF000944277EB010326D2121B61EB0703934592
:10E000007AEB03031DD3A86A03683244DB6B022159
:10E01000984730BFA86A03689B6C9847804608F011
:10E02000ADFDB9F8002092B2A8EB06065AB1019BEB
:10E03000A9F800A03619344647F100074646002BE0
:10E04000D4D15A46DFE7686A002100F543700FF02B
:10E0500033F8049921B9159B13B118460FF02CF829
:10E06000A86A03681B6B9847A86A0368DA69436962
:10E07000D3F80413C3F808131A498A4226D1079A21
:10E08000C260059AC3F848250022002319461046AD
:10E0900008F052FEAB6A04985B69069AC3F8042341
:10E0A00003300021C0B206F003F900212846FFF733
:10E0B000A1FD08F051FD02460B46C5E910230020E2
:10E0C0000BB0BDE8F08F0849904748E707999047A3
:10E0D000AB6A5B69D5E70648F2E70648F0E700BFA0
:10E0E0009F860100E9D7010001D8010000E100E0AE
:10E0F00009FCFFFF16FCFFFF9C620020BFBDF0FF84
:10E1000030B5044685B0002006F016FF2046FFF724
:10E110006FFE0022002302A8CDE9022308F028FEAA
:10E12000012300220146CDE900322046DDE9022329
:10E13000FFF7CAFE054604F12C0006F0D3FF28467F
:10E1400005B030BD6FF47D70704700BF0020704790
:10E15000094B10B503F14002044603608260183099
:10E160000CF024FC054A226000232046E38006F0E0
:10E170008BF8204610BD00BF807103006477030058
:10E18000002070470A4B10B503F1400204460360BB
:10E19000826018300CF00AFC064A22600023E380FB
:10E1A000204606F071F8204618F007FA204610BD08
:10E1B000807103006477030030B5114D85B00560B0
:10E1C000002504464560CDE90221BDF820500193A9
:10E1D00005F0ECFF019B63610A4B029A03992360EF
:10E1E00040332261A360E16004F118000CF08EFC62
:10E1F000402218232046A580A262E38005B030BDEE
:10E2000064770300807103002DE9F04F032B87B082
:10E2100082460D46174619464FF00102B8BF03214A
:10E2200005A803930CF0E4FA4A4E4FF014094FF09E
:10E23000000868690121FFF7B3FDE8683A680168E2
:10E240005388CDF800800C6A0432E421A04783464D
:10E25000002864D13B681B790C2B38D1EB8813F074
:10E26000400F0CBF1420642006F098FD2869D0F8F8
:10E270000C2390F813435268E443B24200F5437014
:10E2800004F0010446D10020844224D1002211462A
:10E290004FF0FF3305A80CF009FBE868059A016808
:10E2A0005388CDF800808C6A0432E421A04783466D
:10E2B000C0B9059A386813790079834236D0EC8862
:10E2C000A1061AD5202B0DD15379392B0AD1012063
:10E2D00006F064FDCAE70120834406F05FFDBBF150
:10E2E000140FC3D1B9F10109A3D168694946FFF7F9
:10E2F00057FD50460CF076FA24E0002BE7D0202B97
:10E30000F0D153799842E2D0002BE0D0B9F1010965
:10E310008FD1EAE79047B0FA80F04009B4E70120D6
:10E3200006F03CFDB9F1010983D1DEE76869594681
:10E33000FFF736FD039905A80CF02CFB05A9504604
:10E340000CF07CFA05A80CF081FA504607B0BDE845
:10E35000F08F00BF45E101002DE9F0410D4684B08A
:10E360000646486998461746FFF7C6FAEB88DB066B
:10E3700011D403AC394620460CF060FA43462246DD
:10E3800029463046FFF740FF20460CF05FFA304642
:10E3900004B0BDE8F0810122114601A80CF028FA72
:10E3A0003B681B79032B019B14BF032206221A71C1
:10E3B00001A902A80CF042FA03210A4807F018F854
:10E3C00003AC034602AA29462046FFF71DFF20465C
:10E3D0000CF03CFA02A80CF039FA01A80CF036FA5D
:10E3E000C8E700BFDC710300F0B585B004461646EF
:10E3F0000F460122082101A89D000CF0F9F92046E2
:10E400000CF0F0F946F02060019E04F035FD7060DC
:10E41000284604F031FD01A9B06002A80CF00EFA04
:10E4200005F1080302AA394603A8FFF795FF03A9DF
:10E4300020460CF013FA03A80CF008FA02A80CF01E
:10E4400005FA23685B88082B12D9002220464FF07A
:10E45000FF3308210CF04CFA23685988204608390C
:10E460000CF098FA01A80CF0F1F9204605B0F0BDC7
:10E4700003A80CF0B7F903A920460CF0EFF903A8A4
:10E480000CF0E4F901A80CF0E1F9204605B0F0BD6C
:10E4900030B583B00D46014601A81C46FFF7A4FF26
:10E4A00001994B885BB1A2000431284618F008F9A5
:10E4B000002401A80CF0CAF9204603B030BD014C7D
:10E4C000F7E700BF0CFCFFFFA0F10800FFF7E0BF7B
:10E4D0002DE9F04F804685B068464FEA83090D4626
:10E4E00093460CF07FF9D8F828304B45A8BF4B462F
:10E4F00003F10801012201A80CF07AF909EB050AE1
:10E500004FF0FF330022FF2101A80CF0CFF9554551
:10E510003DD2002601E0AA4539D9D8F82830019F1C
:10E52000A9EB06049C4245F03060A8BF1C4604F0ED
:10E53000A3FC7860204604F09FFC26F003012246ED
:10E54000B860594407F10C0018F0BAF804F108015A
:10E5500001A80CF01FFA01A902A80CF06FF9092319
:10E5600002AA414603A8FFF7F7FE03A968460CF08C
:10E5700075F903A80CF06AF902A80CF067F9009B82
:10E580005B8825442644002BC5D1064C00E00024BE
:10E5900001A80CF05BF968460CF058F9204605B06C
:10E5A000BDE8F08F0EFCFFFFA0F10800FFF790BF61
:10E5B00070B5154682B0012204460E4668461146E3
:10E5C0000CF016F9009B69461D7101A80CF036F994
:10E5D0002946094806F00CFF01AA034631462046A9
:10E5E000FFF7BAFE01A80CF031F968460CF02EF9DD
:10E5F000204602B070BD00BFDC71030010B5C388B7
:10E600009B0784B0044609D5636A00209AB262F37E
:10E610000F001B0C63F31F4004B010BD01A80CF0E9
:10E62000E1F80722214602A8FFF7C2FF02A901A8CC
:10E630000CF014F902A80CF009F9019B5A88AAB948
:10E640000622214602A8FFF7B3FF02A901A80CF099
:10E6500005F902A80CF0FAF8019B5A8812B15B790F
:10E6600084F8263001A80CF0F1F8CDE7B3F80500E6
:10E6700004F012FC0622A084214602A8FFF798FFAE
:10E6800002A901A80CF0EAF802A80CF0DFF8019B3F
:10E690005A88002AE6D05B79A28C84F8263002FBE7
:10E6A00003F3B3F5F83F05DD4FF4F833B3FBF2F3B2
:10E6B00084F82630616902A8FFF744FABDF8082003
:10E6C000E388012ABDF80C2016BF23F0100343F0A5
:10E6D000180343F0280302F5CD4243F040017B329A
:10E6E00092B289B2012A98BF0B4643F0020340223E
:10E6F000A262E380B6E700BF2DE9F04786B0064688
:10E700000C4615460821012268460CF071F801A854
:10E710000CF068F802A80CF065F803A80CF062F899
:10E720003046FFF76BFFB28C96F8263004EB850974
:10E7300002FB03F3994500F2DF80B9FBF2F8B4FB6A
:10E74000F2F102FB08F8B9EB080302FB01FA08BF7B
:10E75000A8EB0208544500F0C480D31A02FB114410
:10E76000B3FBF2F102FB1137002C6BD1002F78D1F3
:10E77000F3881B072CD5C24598BF544604D949E0FD
:10E78000B38C1C44444545D844F04060009F04F0DD
:10E7900073FB7860204604F06FFB6946B86004A8FC
:10E7A0000CF04CF8012304AA314605A8FFF7D4FD6C
:10E7B00005A901A80CF052F805A80CF047F804A828
:10E7C0000CF044F8019B5B88002BD9D14C4C29E01C
:10E7D0004AF04060009C04F04FFB6060404604F04B
:10E7E0004BFB6946A06004A80CF028F8012304AA9A
:10E7F000314605A8FFF7B0FD05A901A80CF02EF8D9
:10E8000005A80CF023F804A80CF020F8019B5B8805
:10E81000002BDBD0029B5B88002B47D1039B5B88DE
:10E820006BBB002403A80CF011F802A80CF00EF842
:10E8300001A80CF00BF868460CF008F8204606B06A
:10E84000BDE8F087A3085246314605A8FFF7CCFD86
:10E8500005A902A80CF002F805A80BF0F7FF002F9D
:10E8600086D0BB084A46314605A8FFF7BDFD05A97D
:10E8700003A80BF0F3FF05A80BF0E8FF78E703A966
:10E8800005A80BF0DBFF3368059A1E491C6A538804
:10E890008C4202F104024FEA93034946304627D1E5
:10E8A000FFF716FE05A80BF0D1FFBAE702A905A8ED
:10E8B0000BF0C4FF3368059A12491C6A53888C42D6
:10E8C00002F104024FEA93035146304612D1FFF79A
:10E8D000FFFD05A80BF0BAFF039B5B88002BA0D0BF
:10E8E000CDE7101B4044B0EB850F7FF436AF3FE718
:10E8F000A047D7E7A047ECE76FF47A7492E700BF30
:10E900000EFCFFFFD1E4010010B5044682B0019176
:10E91000FFF774FEA28C01999208204602B0BDE870
:10E920001040FFF7E9BE00BF10B50446FFF766FED2
:10E93000A38C94F8260003FB00F010BD10B504462C
:10E94000FFF75CFEA08C10BD10B504460838FFF739
:10E9500055FEA08B10BD00BF02680949D26A8A42E9
:10E960000CD100B583B00190FFF748FE019B988C55
:10E9700093F8263003FB00F003B000BD104700BF42
:10E9800029E9010010B504460838FFF737FEA38BCC
:10E99000A07F03FB00F010BD30B5054683B00838FA
:10E9A0000191FFF72BFEAA8B01999208A5F10800AF
:10E9B00003B0BDE83040FFF79FBE00BF50F8083CF1
:10E9C0000949DB6A8B4201D00838184700B583B08B
:10E9D00001900838FFF712FE019B988B9B7F03FB89
:10E9E00000F003B000BD00BF29E90100024600208D
:10E9F000D3680133D36070470B68C1601B68084659
:10EA0000184700BFC068003818BF0120704700BF1A
:10EA1000D0F81808704700BF4B1E032B02D96FF4C3
:10EA20007A7070474B1C5B10C0F81818C0F81C387F
:10EA30000020704700F614000068704710B5044BC2
:10EA4000044640F8083B0BF001FF204610BD00BF14
:10EA50002C72030010B5054B044640F8083B0BF040
:10EA6000F5FE204617F0A9FD204610BD2C720300CC
:10EA7000F8B58468104B03600546D4B10F4E104FB3
:10EA800008E040F8087B0BF0E1FE204617F095FD0A
:10EA9000AC6874B16068E26B0368AA60DB68984791
:10EAA00023689B68B3422046EBD09847AC68002CA3
:10EAB000F0D12846F8BD00BF4072030055EA0100BE
:10EAC0002C72030010B54B6882B01A6801914FF0A8
:10EAD0007E5C0446C1F830C012691846904701991F
:10EAE0009FED127AD1ED067AD1ED075AC7EE276A6B
:10EAF00004F61402431C03EBD3735B1092ED006A1F
:10EB0000C1ED096A85EE867A20F00202012AC1E988
:10EB10000D0306BFFEEE006A67EEA67ADFED047A0B
:10EB200081ED0A7AC1ED087A02B010BD00C07F44C1
:10EB3000000000002DE9F04F2DED048B89468DB0CB
:10EB4000044608F01BF8D9F80850CDE90401002D5F
:10EB500000F0A881D9F81C384FF4007292FBF3F250
:10EB6000002A05DD9200002109F1100017F06CFD6C
:10EB7000C74E9FEDC88A07944FF0010AA8464F463A
:10EB80004446D8F83C80D4F834B0BBF1000F40F0D4
:10EB9000928021463846FFF795FFD4F834B0BBF198
:10EBA000000F40F08880B8F1000FE9D1079CB9460A
:10EBB000BAF1000F40F0308197F82C3873B1DDE9DD
:10EBC000041207F5046387F82CA808A843E9021289
:10EBD0000123022240F6D6310BF0DAFA01224FF47B
:10EBE000007108A80BF004FED9F81838089ED9F86F
:10EBF0001C18758895FBF1F509F50162D2ED007AD4
:10EC000023F00202B6EE008A012A27EE888A00F07D
:10EC100037819FEDA19AF1EE488AD5B309F50262DA
:10EC2000D2ED006A9FED9D7ADFF8748267EEA67AD6
:10EC3000B8EEC99AC7EE879A0436013D09F110076C
:10EC400006E0D9F81C28D9F8183804371644013DD5
:10EC500097ED007AD9F8242858F82330F0EE497A55
:10EC6000E7EE297A3046F4EEE78AF1EE10FAC8BFF3
:10EC7000F0EE687AF4EEC87AF1EE10FAC8BFF0EE62
:10EC8000487AFDEEE77A17EE901A11439847002D67
:10EC9000D7D1D9F80C0003681B68984708A920460B
:10ECA0000BF0CCFD08A80BF0D1FD20460DB0BDEC5B
:10ECB000048BBDE8F08FD4ED0A7AD7F81C38F5EE56
:10ECC000407A4FF40079F1EE10FA99FBF3F909F16B
:10ECD000040907EB890907F1100509D107F61403A8
:10ECE00093ED007AD4ED076AC6EE877AC4ED0A7A0E
:10ECF0004D45BFF458AF04F10803CDE9023806973B
:10ED0000CDF800902F46A36894ED0B7A5988A36B39
:10ED100091FBF3F207EE902AF8EEE77A94ED0A6A97
:10ED2000009A77EEC77AA2EB070CC7EE866A4FEA25
:10ED3000AC080AF0010AFDEEE68A18EE90EAC64534
:10ED4000A8BFC646BEF1000F18BF4FF0000A3AD068
:10ED50003D46019707EE903A5F46F146F34601E0E3
:10ED6000D4ED0E7A226956F82730F8EEE77A0435AA
:10ED700067EE877AFDEEE77A17EE900A104498471F
:10ED800007EE900A94ED087A94ED096AD4ED0C6AC6
:10ED9000F8EEE77ABBF1010B77EE877A15ED017A91
:10EDA00067EE867AA6EEA77A05ED017A94ED0B7AE6
:10EDB000D4ED0A7A37EE277A84ED0B7AD0D1BB46B0
:10EDC000019F07EB890718EE903A984518DDE36834
:10EDD000D3B16168013BE3600B6808A81B689847E2
:10EDE00008A902980BF03AFD08A80BF02FFDA368C4
:10EDF00084ED0B8A5988043323610B44636119B194
:10EE0000009BBB423FF67FAFDDF80C80069FB8F158
:10EE1000000F7FF4B5AEC9E607F62803D3ED007AFC
:10EE2000F5EE407AF1EE10FA0FD0D7F81C384FF417
:10EE3000007292FBF3F2002A07DD07F1100303EBE7
:10EE40008202E3EC017A9A42FBD199F82C38002B2C
:10EE50007FF4C4AEDDE90401012309F5036209F57D
:10EE600004650026002789F82C38C2E9000145E92D
:10EE700002671A4640F6D63108A80BF089F9ADE6CC
:10EE8000BDEEC89ADFED038AB0EE678AC5E600BF23
:10EE900084200020000000000000000000C07F442B
:10EEA00060200020D9F80C0003681B6898470122F5
:10EEB0004FF4007120460BF09BFC20460DB0BDECDA
:10EEC000048BBDE8F08F00BF70B506462DED028BB8
:10EED000402008EE903A08EE102A0D4617F06FFB1E
:10EEE00040220446002117F0AFFB2046164B40F8A5
:10EEF000083B0BF077FCF8EEE87AB5EE408AF1EECD
:10EF000010FA6560C4ED067A05D12B6828469B6926
:10EF1000984708EE100A00230022C4E9033384ED69
:10EF2000078A6361E26221463046FFF7CBFD2B681A
:10EF3000B2685B68E2632846B46021469847BDEC3E
:10EF4000028B204670BD00BF2C72030007EE901AA2
:10EF5000F8EE677A00F50160C0ED007A0020704796
:10EF6000C0F824180020704729DF704728DF704759
:10EF700012DF7047022802D1014B01221A7070473C
:10EF8000A962002000207047C0687047D0E90230B5
:10EF900003FB00F0704700BF844608B50846DCF864
:10EFA000041011449A0017F08BFB002008BD00BF2D
:10EFB0002DE9F041466882B04FF000080DF10700DE
:10EFC0001D4614460E448DF80780FFF7D1FF9DF8CB
:10EFD0000730ABB11D4F87F8008001E007F096FEC7
:10EFE0002A4621463046FFF7BFFF03460A20002B82
:10EFF000F4D13B78002BFCD0002002B0BDE8F081BA
:10F00000134A0123C2F80435D2F80034002BFBD098
:10F0100085B1201F0E4AC4F1040400EB8505A11937
:10F020000B1850F8044F1C60D2F80034002BFBD0B2
:10F03000A842F5D1064A0023C2F80435D2F80034BC
:10F04000002BFBD0002002B0BDE8F081A9620020B7
:10F0500000E00140F0B5436883B0054600270DF19C
:10F060000700CC188DF80770FFF782FF9DF8073076
:10F070009BB1174E377001E007F048FEE868B4FB1B
:10F08000F0F0FFF773FF03460A20002BF4D133782A
:10F09000002BFCD0002003B0F0BD0E4A0223C2F8C2
:10F0A0000435D2F80034002BFBD00A49C2F80845D9
:10F0B000D1F80034002BFBD00023064AC1F80435F8
:10F0C000D2F80034002BFBD0002003B0F0BD00BF0D
:10F0D000A962002000E001400368054ADB68934212
:10F0E00004D1D0E9023003FB00F07047184700BF9D
:10F0F0008DEF0100C360024B0360C0E9011270474D
:10F100006C720300704700BF6FF47D70704700BFE2
:10F110006FF47D70704700BF10B5C388044A026069
:10F1200023F400530446C38006F0DAFC204610BDE9
:10F130009072030010B5C388064A026023F400539E
:10F140000446C38006F0CCFC204617F036FA204671
:10F1500010BD00BF9072030010B50368DFF838C01F
:10F160005C6C644582B0024607D15B6809498B42FA
:10F170000BD16FF47D7002B010BD0190A047019AD1
:10F18000044913685B688B42F3D0104602B0BDE8B7
:10F190001040184745E1010011F10100C37D002B2B
:10F1A0004CD070B50646006A0368DB6A9847306A3F
:10F1B00003681B6B9847F369D868002820DD06F1C7
:10F1C0002F011F4C0844002511F9012F02F5A272EE
:10F1D000884244F82250F7D11A4D002403E0DA683F
:10F1E000013494420CDA5A6952F8240002685268D9
:10F1F000AA42F4D09047F369DA6801349442F2DB12
:10F200009A68002A13DD0F4D002403E09A68013448
:10F2100094420CDA1A6952F8240002685268AA4231
:10F22000F4D09047F3699A6801349442F2DBF38892
:10F23000002223F00203F380F27570BD704700BF17
:10F240000060004045E101002DE9F04FC27D85B02E
:10F25000D0E9073C0446009112B1C288D20741D5DB
:10F26000DE68002E3ADDDCF81420314F5D6931484C
:10F27000DFF8CC90DFF8CC80DFF8CCA00394CDE9A8
:10F2800001C3174401220136043D04F12F0E03216E
:10F2900093460EF8012F8EF8051055F8043F1C7D9B
:10F2A000CB0002F5A27C03F1804303F5F83349EA71
:10F2B000042448F82C4001323C18C3F81045B242EF
:10F2C000C3F814050BFA01F300F10400CAF8043581
:10F2D00001F10101DDD1DDE901C3039CE28822F0E7
:10F2E0000102E2801B7A009D13485A1CA91ED2B26B
:10F2F000012998BF13466375C3EB0311237B0F4AA3
:10F300008900B2FBF1F202FB03F3A0FB0303DB0B6A
:10F31000C4E90923DCF800306046DB6B0021984724
:10F32000236A5B690122DA60A57505B0BDE8F08F3C
:10F3300010A1FFBF34600040818080800024F40071
:10F34000030001000060004000F001402DE9F84397
:10F350000546817DFFF778FFEB699A68002A20DD7A
:10F36000304FDFF8C490DFF8C48000240AE05A6C04
:10F370004A4549D15B68434543D1EB699A680134FA
:10F3800094420EDA1B6953F8246033689A68BA42D3
:10F39000EDD0002130469047EB699A6801349442E1
:10F3A000F0DBDA68002A20DD1E4FDFF87C90DFF802
:10F3B0007C8000240AE05A6C4A452DD15B684345A5
:10F3C00027D1EB69DA68013494420EDA5B6953F8AD
:10F3D000246033689A68BA42EDD0002130469047E5
:10F3E000EB69DA6801349442F0DB286A03685B6AEF
:10F3F0009847286A03689B6A98470123EB75BDE824
:10F40000F88330469847B8E7002130469047336884
:10F41000B0E730469847D4E700213046904733683C
:10F42000CCE700BF59F1010011F1010045E10100F5
:10F43000C37D03B17047FFF789BF00BFF8B515461C
:10F44000044652689DF818700E46296806F074FB51
:10F45000124AEB682260124AA7750021052BC4E905
:10F46000075614602176E1752175E1620EDC336880
:10F4700030469B6B9847206A03684FF47A51DB6CE7
:10F480009847226AE37D0749D1600BB12046F8BD59
:10F490002046FFF75BFF2046F8BD00BF90720300D7
:10F4A000645700206DF7010008B569B90F4A12785A
:10F4B00042B102680E49D26A8A4213D1C37D0BB9A8
:10F4C000FFF744FF002008BD02680A49126BDFF80D
:10F4D0001CC0C37D8CF800308A4203D1FFF75EFE6A
:10F4E000002008BD9047002008BD00BFAA62002090
:10F4F00031F401009DF101002DE9F04FC769027D53
:10F50000BB6806699A4285B0044680F20281396977
:10F51000944D51F822000168D1F80080A84540F0D0
:10F520001B81206AD0F814E00121CEF80410617D1F
:10F530000132B2FBF1FC01FB1C229A42227571DA06
:10F54000D7F80C90B9F1000F5CDD94F816800395A4
:10F550004FEA430BBB69B4F808A0B01DCDE90172B6
:10F56000267E03EB420304F1300C0021074608F02D
:10F57000FD0518E0002840F0AE8001F5A8724EF8B5
:10F5800022509CF90020920002F1804202F5C04214
:10F590008945D2F8100540F48010C2F810055B448C
:10F5A0000CF1010C2BD0022E1A78587800F0A780AD
:10F5B000032E00F09980012E00F08F8000FB0A706E
:10F5C000805C0131002DD5D0A26A02FB00F001F56C
:10F5D000A8724EF822000028D3D09CF90020920097
:10F5E00002F1804202F5C0428945D2F8100520F4AC
:10F5F0008010C2F810055B440CF1010CD3D1DDE999
:10F600000172039D3B6953F8220003681B68AB42FB
:10F6100040F098800123CEF80C30CEF8003005B0D1
:10F62000BDE8F08F626A03689200DB6B00219847A7
:10F63000E269D368002B25DD00264B4F04F12F082B
:10F64000B14602E0D3689E421CDA18F9013F206AF5
:10F6500003F5A273314647F823900136636A406987
:10F6600006F5A87C9B0040F82C30536953F8210024
:10F6700003681B68AB42E5D001219847E269D36873
:10F680009E42E2DB1369186803681B68AB425FD1D6
:10F69000136994F930201B6833491B7D02F5A27071
:10F6A0001B0243F0011341F8203094F93530216AF0
:10F6B000DB00D1F814E0920003F1804303F5F83346
:10F6C00002F1804202F5C2420EF14401C3F8102556
:10F6D000C3F814159EE7FF2076E702FB0AA2121A70
:10F6E0003A4412F8010C6CE7B4F80A8008F1FF38CC
:10F6F000A8EB02080AFB087818F8000061E7B4F8E4
:10F700000A80BA1AA8EB00080AFB082212F8010CBA
:10F7100057E7D0E908235169124D9A00D1F84435D2
:10F72000817DC3EB0323B3FBF2F3C288C3F1FF0374
:10F7300042F00302C362C280FFF786FDE769227DC3
:10F74000BB68EEE601219847236AD3F814E061E72D
:10F7500000219847E2699BE70021C047E769227DC5
:10F76000BB68DEE609F1010000600040024B18684A
:10F7700008B1FFF7C1BE70476457002010300AF08F
:10F7800087BE00BF10B5044606F08EF940B9237B52
:10F79000616A044A01FB03F3A2FB0323DB0BA362B0
:10F7A00010BD00BF8180808030B52DED028B08EE4A
:10F7B000103A83B004460D4601920AF02FF8BDEED0
:10F7C000C87A019A0A49216017EE103AA2642146CC
:10F7D000656484ED138A2846FFF776FB01462065B1
:10F7E000204609F0BFFF204603B0BDEC028B30BDC0
:10F7F000D0720300016170470069003818BF012012
:10F80000704700BF03207047C06B07EE900AF8EE08
:10F81000E77A17EE900A70470F4B03F1340210B5E8
:10F8200004460360826030300BF010F804F12C00C5
:10F830000BF00CF804F128000BF008F804F1240098
:10F840000BF004F8054AA260002304F10800E381EC
:10F8500004F01AFD204610BDFC720300647703001B
:10F86000114B03F1340210B504460360826030305E
:10F870000AF0ECFF04F12C000AF0E8FF04F1280084
:10F880000AF0E4FF04F124000AF0E0FF074AA26056
:10F890000023E38104F1080004F0F6FC204616F092
:10F8A0008CFE204610BD00BFFC720300647703008D
:10F8B00038B5124B40F8083C03F13402044640F8D6
:10F8C000282B0AF0C3FF04F124000AF0BFFF04F163
:10F8D00020000AF0BBFF04F11C000AF0B7FF084A41
:10F8E00022600023E380204604F0CEFCA4F108004F
:10F8F00016F063FEA4F1080038BD00BFFC720300DF
:10F900006477030038B5104B40F8083C054603F116
:10F910003402044645F8082928300AF097FF04F11C
:10F9200024000AF093FF04F120000AF08FFF04F195
:10F930001C000AF08BFF054A226000232046E3806A
:10F9400004F0A2FC284638BDFC7203006477030073
:10F95000F0B504460025274B274883B02060A360FC
:10F96000A18104F10800E581174604F01FFC234B38
:10F97000236003F13402A26001212A4604F114003D
:10F9800005F0E8FA01224FF4007104F124000AF0B6
:10F990002FFF04F128000AF025FF04F12C000AF0E3
:10F9A00021FF2946012204F130000AF021FF002343
:10F9B0004FF4007123660122C4E91215C4E90D5504
:10F9C000256101A80AF014FF01A904F128000AF03A
:10F9D00045FF01A80AF03AFF094A2264AF424FF0FE
:10F9E00000032046C4E91655C8BFE763A4F84430B5
:10F9F00003B0F0BD64770300907B0300FC7203004A
:10FA000000C07F4410B5C389426B5B0782B00446D7
:10FA100069D41346E06A002B72D0503300F1040C15
:10FA20004188636361448B4211D3D0ED037AC4F8FB
:10FA300034C0F5EEC07AF1EE10FA41DA04F11400A8
:10FA4000019205F08BFB0028019A39DC636BD3ED42
:10FA5000027AF5EEC07AF1EE10FA2ED4DFED2A6AC2
:10FA600019685A68626587EEA67A00202165E0650C
:10FA700004F1640104F1700CD4ED0F7AF8EEE77A2A
:10FA800067EE877AFDEEE77AF8EEE76AC4ED167A5C
:10FA9000DA699861012AB8BF012207EE902AB8EE10
:10FAA000E77ADA61C6EE877A1433E1EC017A8C45A5
:10FAB000EED10022104602B010BDF1EE677ACDE71C
:10FAC0000023D21A18BF0122636304F1300104F14C
:10FAD0002C0001920AF0C2FE019A00231046C4E9EC
:10FAE000163302B010BD0023436300F130012C3007
:10FAF00001920AF0B3FE636B019AE06A002B8CD18D
:10FB000000F1040C63468BE700007A442DE9F04FC6
:10FB10002DED068BD1E916A389B00C4606460025CB
:10FB200001F12408534503D0E28912F004013BD0CF
:10FB30002046FFF767FFD4F858A0E289BAF1000F1A
:10FB400040F0F880002800F04181A563052322F0F1
:10FB50000402E36404AF0123A189E28138461A4616
:10FB60000AF016FB04F1140005F086FAD4E916A396
:10FB70005345C0F22581E289920700F1BF80002D34
:10FB800040F0538101220192A56B002D00F02D81E0
:10FB9000626A0021A16302F104095288534591442D
:10FBA00080F2A88004AF07E0534580F2CE80002D9C
:10FBB00000F0D180019104AF9FEDA38ADFEDA39AFD
:10FBC0009FEDA39ACDF8088004F1700BB046D4EDF8
:10FBD000146A94ED107A94ED156AD4ED0F5A606BA7
:10FBE00004F16401BC46D0E90626013E96428E46E9
:10FBF00001F1040100F0B18007EE902A9EED005A59
:10FC0000F8EEE77A67EE857AFDEEE77A17EE902A4E
:10FC100059454CF8042B00F11400E4D1DDE904212E
:10FC20008A42A8BF0A4606998A421646A8BF0E46CF
:10FC30009E42194643DDF8EEE57A66EE886A27EEC5
:10FC4000067AC6EEA7AA67EE298AB0EE49AAA8EE00
:10FC5000C9AA4D4500F0A980D4ED187A636BFDEE7A
:10FC6000E77ADA68186917EE901A904706EE900A5C
:10FC7000F8EE666AB0EE4A7AA8EEA67AE36DB4F8BA
:10FC80004420D4ED187ABCEEC77A7AEEA77A591CD4
:10FC900017EE103AF4EEC87A1343F1EE10FA25F895
:10FCA000023B0B46E16506DD77EEC87AF4EEC87AD2
:10FCB000F1EE10FAF8DCB142C4ED187AC9DB18464F
:10FCC00000264346A846254657F826208A4206F1D4
:10FCD000010A44D05646032E0146F5D12C4645462E
:10FCE000D4F858A08245984603463FF770AF464681
:10FCF000DDF80880019A002A3FF414AFC346002DB6
:10FD000000F08880A94510D9D4ED107AB4F84420C9
:10FD1000B6EE007A67EE877AFCEEE77A17EE903A55
:10FD2000134325F8023B4D45FBD3594630460AF0B4
:10FD300085FD3FE012F0040103D000283FF406AF38
:10FD400003E7E36D9A453FF732AF91073FF5EAAE1F
:10FD5000002D7FF4E7AE019516E7524658E7696B30
:10FD600006EB8604B20001EB840E0392DEE906C2C4
:10FD70009445AFDADEF814207AB106F1010A0AEBF5
:10FD80008A0001EB8001284603939047696BE86D78
:10FD9000039B01EB8404D4F818C006EB860201EB48
:10FDA00082010CF101028A6194E7029940464646BD
:10FDB0000AF044FD304609B0BDEC068BBDE8F08F7B
:10FDC00001220192002D7FF4F7AEDDE612F004016E
:10FDD0007FF4BCAEE36D8342BFF6CEAE3DB30122ED
:10FDE000019204AFE8E60123019304AF0122A16C64
:10FDF00038460AF0FDFC394640460AF02FFD3846E9
:10FE00000AF024FD626AE36DD4F858A002F10409F7
:10FE10004D46C2E604A80AF0E5FC04A940460AF0F3
:10FE20001DFD04A80AF012FD7FE7C3466AE7A56B33
:10FE3000002DD8D0626AA16301210191518804325A
:10FE400002EB010904AFB7E6000080440000803AED
:10FE500000000044F0B50C4685B0283107460AF092
:10FE6000EDFCA36B6D4633B168462146FFF74EFEAD
:10FE700068460AF0EBFC0023A36304F1240104F1BB
:10FE800028000AF0EBFC21462846FFF73FFE2846F3
:10FE90000AF0DCFC206903681B689847E36C002BC0
:10FEA00002DD013BE36413B1384605B0F0BDA18922
:10FEB0000123022228460AF06BF9384605B0F0BD4E
:10FEC000C38919B143F00203C381704723F00203D1
:10FED000C381704701607047704700BF08B55B4938
:10FEE0005B480AF08BFD5B4A5B49594816F060FBA2
:10FEF0005A495B480AF082FD564A5749584816F05D
:10FF000057FB584958480AF079FD524A5249564819
:10FF100016F04EFB554956480AF070FD4D4A4E49C1
:10FF2000534816F045FB534953480AF067FD494AC8
:10FF30004949514816F03CFB504951480AF05EFDD2
:10FF4000444A45494E4816F033FB4E494E480AF0A4
:10FF500055FD404A40494C4816F02AFB4B494C4855
:10FF60000AF04CFD3B4A3C49494816F021FB4949FF
:10FF700049480AF043FD374A3749474816F018FB0D
:10FF8000464947480AF03AFD324A3349444816F098
:10FF90000FFB444944480AF031FD2E4A2E4942489D
:10FFA00016F006FB414942480AF028FD294A2A4931
:10FFB0003F4816F0FDFA3F493F480AF01FFD254A29
:10FFC00025493D4816F0F4FA3C493D480AF016FD33
:10FFD000204A21493A4816F0EBFA3A493A480AF0E1
:10FFE0000DFD1C4A1C49384816F0E2FA37493848DA
:10FFF0000AF004FD174A1849354816F0D9FA354970
:020000022000DC
:1000000035480AF0FBFC134A1349334816F0D0FA7E
:10001000324933480AF0F2FC0E4A0F49304816F0D4
:10002000C7FA304930480AF0E9FC0A4A0A492E4822
:1000300016F0BEFA2D492E480AF0E0FCBDE8084053
:10004000044A05492A4816F0B3BA00BF9467030072
:10005000B457002044200020ADA902009C67030093
:10006000B05700200C690300AC570020146903004E
:10007000A8570020F0690300A4570020F869030086
:10008000A0570020D46A03009C570020E06A0300B8
:1000900098570020746B030094570020786B03007E
:1000A000905700200C6C03008C570020146C030048
:1000B00088570020A86C030084570020B06C030010
:1000C00080570020446D03007C5700204C6D0300D6
:1000D00078570020E06D030074570020E86D03009E
:1000E00070570020346E03006C5700203C6E0300F4
:1000F000685700206FF47D70704700BF6FF47D700B
:10010000704700BF6FF47D70704700BFC08800F07B
:100110000500003818BF0120704700BFC08800F0FC
:100120000A00003818BF0120704700BFC08810F0D7
:10013000030018BF01207047C08800F00C00003891
:1001400018BF0120704700BFC079C0F3800070471E
:100150006FF47D70704700BF6FF47D70704700BF13
:1001600003684FF47A729B6B02FB01F1184700BFE2
:100170006FF47D70704700BF6FF47D70704700BFF3
:1001800008B50368DB6B9847024BA3FB003080097E
:1001900008BD00BFD34D62106FF47D70704700BF83
:1001A00001610020704700BF6FF47D70704700BF91
:1001B0006FF47D70704700BF0A717047704700BFD1
:1001C000704700BF806B7047406B704701207047DD
:1001D000C06A003818BF0120704700BF00B583B067
:1001E000019016F0EAF9019803B000BDC28B0346F6
:1001F000900706D4596D002905DD42F00202DA832A
:1002000070475A6D02B1704710B582B0019306F085
:10021000A3FC019B5C6CDA8B001B61F1000165287B
:1002200071F1000103D2910704D502B010BD22F094
:100230000202DA83596D0029C4BF42F00202DA8358
:1002400002B010BD0B4B10B503F1840103F1A802FD
:10025000044681610360026230300AF0F7FA064A10
:10026000A261002304F11800E38304F00DF8204696
:1002700010BD00BFC87303006477030038B50B4B93
:1002800040F8183C03F1840103F1A8020446016020
:10029000826018300AF0DAFA054A2260002320460C
:1002A000E38003F0F1FFA4F1180038BDC873030028
:1002B0006477030000B5D0F800C0DFF87CE0DCF81C
:1002C0001820724583B003460BD1C28802F00502A4
:1002D00022B1DCF804201548824210D1144803B042
:1002E00000BDCDE9000190470028F7D0009B0F48E2
:1002F000D3F800C00199DCF804208242EED00191CD
:100300001846009390470199B1FA81F2520982424E
:10031000E4D1009B07481A681268824202D100208B
:1003200003B000BD18469047F9E700BF45E1010062
:1003300012FCFFFF09F101000D01020008B503687E
:10034000074ADB6B934205D1406B064BA3FB0030A1
:10035000800908BD9847034BA3FB0030800908BD06
:10036000C9010200D34D621001207047C0680038F7
:1003700018BF0120704700BF0C4B10B503F184017A
:1003800003F1A802044681610360026230300AF082
:100390005DFA074AA2610023E38304F1180003F029
:1003A00073FF204616F009F9204610BDC8730300FC
:1003B0006477030038B50D4B40F8183C03F1840115
:1003C00003F1A80204460160826018300AF03EFA88
:1003D000074A22600023E380204603F055FFA4F182
:1003E000180016F0EAF8A4F1180038BDC87303002D
:1003F00064770300C2880346900706D4D96B0029AE
:1004000005DD42F00202DA807047DA6B02B1704714
:1004100010B582B0019306F09FFB019BDC6ADA887D
:10042000001B61F10001652871F1000103D2910701
:1004300004D502B010BD22F00202DA80D96B002987
:10044000C4BF42F00202DA8002B010BD30B51C4BCE
:1004500083B003604FF480730446C380194B22813C
:1004600000250220C4E906352071C4E9035504F1D2
:1004700018002575019103F099FE134B0199236033
:1004800003F18402A833A2612362A16201224FF426
:10049000007104F130000AF0ABF9E38B226BE562E6
:1004A000002080212065043243F480432046C4E9C3
:1004B0000D51E26465646565E38303B030BD00BF40
:1004C0005473030064770300C873030010B5044637
:1004D00082B0212001910DF059FE236B01995888BB
:1004E000043300293DD01918E36C99422FD92748CD
:1004F000E26BD4ED147ADFED265AA0FB020210095C
:10050000520906EE900A07EE102AF8EEE66AB8EEF7
:10051000C77AB7EE006A13E0626D1A70D4ED147AF0
:1005200077EE867AF4EEE76AF1EE10FA01D5F0EE96
:10053000657AE36CC4ED147A01339942E36406D919
:10054000B4EEE77AF1EE10FAE6DC0022E5E7D4E952
:100550000D232120C4E90F2302B0BDE810400DF0A7
:10056000E1BDD4E91121521A07EE902A9FED097AD4
:10057000F8EE677A67EE877AFDEEE77A17EE902A53
:100580008242D4BF99181918AEE700BFA38B2EBAC8
:100590000000000078C2B93C10B5044606F0DCFA51
:1005A000636B606403B1A36B636500212046FFF7B2
:1005B0008DFFE38BDB0700D510BDFCF7A3FE084AD7
:1005C000A06A802304F12001FEF77EFCE38B026821
:1005D00043F001031268E062E383BDE81040104776
:1005E00000442C47B1F5806F0DD8B1F5007F08B5F8
:1005F000C8BFC1F580618029A8BF80218163FFF752
:10060000CBFF002008BD6FF47A70704708B5134B1C
:10061000A3FB01231B09162202FB03F39A1807EE22
:10062000102A07EE901A06EE903AF8EE677AF8EE86
:10063000666AB8EE477A37EEC77A77EEE67AB0EEBA
:10064000C77AF0EEE77AB4EEE77AF1EE10FAC8BFB7
:100650001A464263FFF7A0FF002008BDA38B2EBA05
:1006600002684FF47A7C926B0CFB01F1DFF860C0FA
:10067000624529D1154B10B5A3FB01E34FF0160CD1
:100680001B090CFB03F39C4407EE10CA07EE901AFB
:1006900006EE903AF8EE677AF8EE666AB8EE477AB8
:1006A00037EEC77A77EEE67AB0EEC77AF0EEE77A01
:1006B000B4EEE77AF1EE10FAC8BF9C46C0F834C039
:1006C000FFF76AFF002010BD104700BFA38B2EBAB2
:1006D0000D06020030B50C4685B005460AF082F8DA
:1006E000E38B9B070DD4236B0433E36406F034FAE9
:1006F000E36AA0641A68184613689847284605B04C
:1007000030BD04F130031946284601930AF0A6F8DB
:1007100020460121FFF7DAFE01224FF4007103A801
:100720000AF066F8019803A90AF098F803A80AF0FD
:100730008DF8D8E7A1F12001FFF7CCBF72DF704739
:1007400073DF704774DF704776DF704777DF70477D
:1007500078DF70477ADF70478FDF704769DF704757
:100760001321FFF7F1BF00BF0B68034A0146D256C1
:100770000320FFF7EBBF00BFB874030010B5094BAF
:10078000044640F8143B0AF011F904F110000AF095
:100790000DF9054A226000232046E38003F074FD32
:1007A000204610BD9C74030064770300C38859077A
:1007B00005D41B0700D4704704200EF0A9BD00B576
:1007C00083B0019006F0C8F9019A9369C01A61F1EB
:1007D0000001B0F5FA6F71F1000104D2D3881A0755
:1007E0000DD403B000BD0948019200210FF0A2FB17
:1007F000019AD38823F00403D3801A07F1D504208B
:1008000003B05DF804EB0EF083BD00BF610702008A
:1008100010B59AB004463C2200210BA815F014FF35
:1008200020B2C0EB401100EB81001749C000A1FBD2
:100830000010002301224FF0020C400A05930A9396
:10084000CDE9083311498DF82CC007904FF01F0CEB
:100850008DF814208DF82920CDF80A3002AACDF8A1
:100860000E30ADF8123006930BA80623ADF808C081
:1008700001918DF82F300EF04DFE05AA01A9044814
:10088000FFF75CFF1AB010BD5917B7D1D057002041
:100890002021002010B5002940D1644C237898060F
:1008A00035D4D9062DD41A0724D458071CD4990757
:1008B00013D4DA070BD45B0603D40EF0B7FA00208A
:1008C00010BD5B4B01211878FFF73AFFF5E711F0F7
:1008D000EDFF23785B06F0D5F3E7564A4FF400317D
:1008E0001160DA07E7D5F2E7524A01215160990712
:1008F000DFD5F2E74F4A4FF0007158071160D6D5A7
:10090000F2E74C4A012111601A07CED5F2E7494AB5
:100910004FF400611160D906C5D5F2E7434C0EF0E3
:100920007FFA0023237011F0DBFF18B9237843F01E
:10093000010323703F4B1B68980303D5237843F0D2
:10094000020323703B4B5B68D90703D5237843F040
:1009500004032370374B1B689A0103D5237843F0B7
:1009600008032370334B1B68DB0703D5237843F060
:10097000100323702F4B1B68180503D5237843F011
:10098000200323702A4B1878FFF7DCFE2378B0B1E0
:10099000D90719D49A071CD4580726D419072FD47D
:1009A000DA0639D49C068AD5224B4FF40062C3F88C
:1009B0008020BFF34F8FBFF36F8F002010BD43F037
:1009C0004003D9072370E5D511F04EFF23789A072D
:1009D000E2D5184B4FF40032C3F88020BFF34F8F9D
:1009E000BFF36F8F23785807D8D5124B0122C3F875
:1009F0008420BFF34F8FBFF36F8F23781907CFD5B4
:100A00000C4B4FF00072C3F88020BFF34F8FBFF341
:100A10006F8F2378DA06C5D5064B0122C3F88020F4
:100A2000BFF34F8FBFF36F8F2378BBE7AB6200201C
:100A30002021002000E100E00B4B10B5044640F8F7
:100A4000143B09F0B3FF04F1100009F0AFFF074AAF
:100A500022600023E380204603F016FC204615F0B8
:100A6000ACFD204610BD00BF9C74030064770300FA
:100A700010B5044682B010F01FFD204610F02AFD8C
:100A80002378023B062B0CD8DFE803F01022040B7E
:100A90000B0B0D00012360888DF8043001A910F0C4
:100AA00015FC02B010BD237A012B1FD0124B1C681D
:100AB000002CF6D094F82030002BF2D1E3689B078D
:100AC000EFD4A369002BECD006F046F8A061E8E76C
:100AD000094B1B68002BE4D093F82020002AE0D1BA
:100AE000DA689207DDD40222DA60DAE7034A136893
:100AF000013B1360DAE700BFF0570020CC5700201D
:100B000003883B2B00F29B800F2B40F29F8010B597
:100B1000103B88B02B2B3BD8DFE803F043583A3A20
:100B20003A163A3A3A743A3A3A3A3A3A3A883A3AC1
:100B30003A3A3A3A3A3A3A3A3A3A3A3A3A3A3A3A15
:100B40003A3A3A3A3A3A3A3C00F10801062202A807
:100B500009F0A8FF02A903A809F0D0FF3C4B1B68CD
:100B600083B103A904A8019309F0C8FF019B04A95C
:100B700003F1100009F0D0FF019B0122DA6004A804
:100B800009F014FF03A809F011FF02A809F00EFFF5
:100B900008B010BD8088132108B0BDE81040FFF7F1
:100BA000D3BD81884FF6FF73994206D0294B2A4A5C
:100BB0001B680320D256FFF7C9FD01231A464FF4E4
:100BC0007A7104A809F0E4FA08B010BD204B1B6844
:100BD0001C46002BDCD0012302224FF47A7104A8BA
:100BE00009F0D6FA94F82130002BD1D00FF01AF981
:100BF0000028CDD1194B1878012108B0BDE810406C
:100C0000FFF79EBD037A002BC2D1114B1B68002B4E
:100C1000BED093F82020002ABAD1DA689207B7D460
:100C2000019305F099FF019B9861B1E7002304A9A6
:100C30008088ADF81030FFF78FFD08B010BD562B3F
:100C400003D180881321FFF77FBD7047704700BF35
:100C5000F057002048200020B87403002021002015
:100C600038B50E4B00250446C0E9003503F09EFA66
:100C70000B4B2360A56004F1100009F047FF04F15D
:100C8000140009F043FF074BE56040F20112228493
:100C90001C6012F055F8204638BD00BF6477030091
:100CA0009C740300F057002008B50FF0BBF8003823
:100CB00018BF012008BD00BF38B5124B05460024FF
:100CC0001878FFF73FFD85F821400FF097F898B9A5
:100CD000EB696BB105F040FFEB69C01A61F10001EF
:100CE000B0F5FA7F71F100012CBF0120002038BD62
:100CF00005F032FFE861EDE7214603480FF01AF9ED
:100D0000204638BD202100206107020020B9034B96
:100D1000186808B1FFF7D0BF704700BFF057002038
:100D20000238012801D90120704708B5084B18681E
:100D300058B1C28842F00802C28002F097F8044B12
:100D40001868BDE80840FFF7B7BF012008BD00BF25
:100D5000F0570020012801D0012070470C4B196882
:100D600011B10846FFF7A8BF00B50A4B83B0187849
:100D70000191FFF7E7FC0FF041F8019910B901204C
:100D800003B000BD04480FF0D5F80198F8E700BFA4
:100D9000F0570020202100206107020070B584B0C8
:100DA00010F0AAFA1A4E30603368002B2EDD0DF1D8
:100DB00007034FF6FF7003930FF026FD4FF6FF7504
:100DC000A842044609D121E0039B1B7820465BB171
:100DD0000FF01AFDA842044618D002AA01212046AD
:100DE0000FF0A0FE0028EFD005F0B6FE04460D4639
:100DF00010F070FA33684BB105F0AEFE001B61EBEA
:100E00000501B0F57A7F71F10001F3D304B070BD34
:100E1000CC5700202DE9F043C488A5B014F48054C9
:100E20009DF8B43002D025B0BDE8F0830546C0E996
:100E300006442C98A8609146884601930DF044FF23
:100E400011F020FE04940EF04DFA11F0EDFC04A90F
:100E5000012011F09BFD914B05F11407196814A8AE
:100E600009F0CCFD14A9384609F056FE14A809F083
:100E70009DFD08AE8A4906A809F0C0FD89493046A3
:100E800009F0BCFD06AA39460AA809F097FE4246B9
:100E90000AA90DA809F092FE32460DA914A809F07E
:100EA0008DFE14A9384609F037FE14A809F07EFD1E
:100EB0000DA809F07BFD0AA809F078FD304609F07D
:100EC00075FD06A809F072FD4FF0020C6A690A94DC
:100ED000C4F307206CF301008DF82900101D0C9459
:100EE0000B905088224660F30F0260F31F420AA95C
:100EF0000C924120049AFFF731FC04A811F08EFDFA
:100F00002046FFF725FC03214FF0000261F3061293
:100F100006948DF8182041F20702ADF819208DF8DB
:100F20001C4010F075F906A810F0B8F95E4810F0F2
:100F30009BF95E4A089230464FF4C872ADF82620FD
:100F4000ADF82440FFF706FC594821460FF092F90E
:100F5000019B002B40F08F800DF11408554B14932A
:100F600014A811F06DFE4D4B14A8196809F046FD48
:100F700051490DA809F042FD0DAA14A9404609F0F7
:100F80001DFE0DA809F012FD14A809F00FFD402266
:100F9000002114A815F058FB484B18681590012340
:100FA0008DF88C3008B115F099FBADF8500005981C
:100FB0000430179015F092FBADF85800D9F80000F6
:100FC0000430199015F08AFB3D4BADF860001868AD
:100FD0001B9008B115F082FB3A4BADF86800186819
:100FE0001D9008B115F07AFB374BADF8700018680A
:100FF0001F9010B115F072FB044614A8334FADF8E2
:10100000784011F06FFF2846FFF7C8FE304C3220C1
:10101000FFF7FEFB062339462E483B600EF08AFFA1
:101020002178FF2905D03B682B4A0120D256FFF7D3
:101030008DFB4FF4A0330E934FF4F02303220F9354
:101040000DA80023CDE91033CDE912338DF84020EF
:101050000D960EF06BFD012185F821102078FFF729
:101060006FFBEB8843F480534046EB8009F09EFC15
:1010700025B0BDE8F08310F03FF903287FF76CAF8F
:1010800005AA14AB0DA90DF10E00904610F046F91B
:10109000BDF8140010F038F960E700BF50200020C0
:1010A000AC6F0300B06F0300710A0200080010006B
:1010B000B85700200D0D0200B46F0300FC5700204C
:1010C000F85700204C200020F45700204820002032
:1010D0002021002069070200B874030044F20103D4
:1010E000984212D009D8012812D041F20103984247
:1010F00014BF4A20472002F0B1B844F202039842DC
:1011000014BF4A20482002F0A9B8492002F0A6B82E
:10111000462002F0A3B800BF0220704701EB810116
:1011200000EB41002430704790F823200023038413
:1011300080F8223002B9704700B585B00123032240
:1011400040F2FF31684609F023F805B000BD00BF4A
:101150002DE9F04F0368304A1B690C88934285B033
:1011600005468A4655D12E300388A34202D005B0E9
:10117000BDE8F08FBAF80A30002BF8D00AF10C0A5B
:1011800003EB0A0B2B7CAA7C697C5E1CB6FBF2F09D
:1011900002FB10668E4229D0AA699AF80070B2F953
:1011A0000280B8F1000F16DD002402E00134A045F2
:1011B00010D021B205F1180009F020FD8742F5D1C9
:1011C00001231A464FF496616846013408F0E0FFA7
:1011D000A045EED12B7CAA68D754EB692E749E42B1
:1011E0000CD00AF1010AD345CCD1C0E70123032278
:1011F0004FF49661684608F0CBFFF2E74FF0FF33FB
:10120000EB61022201234FF49661684608F0C0FFAB
:10121000E7E701219847A7E71D110200F0B5044652
:1012200085B015461E4602F0CFFB2046214B40F804
:10123000183B09F06BFC04F1240002F01DFB04F1E3
:101240002E0002F019FB01210E44F6B20D44EDB25E
:1012500006F12800284404F04BF805F11403002798
:101260000344C4E90203A574204613492782E674A7
:10127000276202F0B9FB2046012102F0C7FBA368F8
:1012800000972B4406211425CDE901512046032265
:10129000012102F0C9FB0195E36800971022029238
:1012A000204633440222394602F0BEFB204605B0F8
:1012B000F0BD00BFC8740300FC74030070B590F863
:1012C000221082B000294ED190F8214090F82020C1
:1012D000944248D0CDE9000102F034FC04460028D5
:1012E00041D0009B29491A6812698A4201993ED16E
:1012F00003F124000289920735D5DA7CD9688E186B
:1013000093F82220132A19D893F821100EE0DD68F3
:1013100083F822E0695CB15493F8222093F813C05B
:1013200090FBFCF1132A0CFB110107D893F820C0A5
:101330008C4502F1010E01F10100E8D11968134852
:10134000096981420D4617D103F124051846009220
:1013500002F0E8FB009B01463246284602F092FA72
:10136000204602B070BD0024204602B070BD184671
:1013700000939047009BBDE701921846009300211F
:10138000A847DDE900320546E0E700BF1D11020075
:1013900030B50368DFF864C01B690A88634587B00D
:1013A000044625D124300388934201D007B030BDD4
:1013B00094F8221094F82130E27C94F823500B44E6
:1013C0000021B3FBF2F002FB103384F8213084F8E3
:1013D00022100123032240F2FF3102A808F0D8FEB8
:1013E000002DE3D1204607B0BDE83040FFF766BFCF
:1013F000019200219847019AD5E700BF1D11020014
:101400002DE9F04FB2F1000B83B040F38D80012B3A
:1014100000F08A8004461D460E4602F093FB002829
:101420007FD02368424F1B69BB4276D104F1240070
:1014300003899A0775D54FF0000A04F12403D146B9
:1014400001934FF00108204602F07CFB00283CD0BD
:1014500023681B69BB4253D1019803899B0734D58C
:10146000DA451BDA701E94F8201050440BE0E26855
:1014700010F801CF02F801C00AF1010AD9B2D34530
:1014800084F8201025D094F813C094F821204B1C28
:10149000B3FBFCFE0CFB1E339A42E8D1022D33D184
:1014A000032184F8238040F2FF3003F0D9F920466D
:1014B000FFF704FF03F03AFBDA4584F8239018D0D5
:1014C000204602F03FFB0028C2D1504603B0BDE8E1
:1014D000F08F022D19D1032184F8238040F2FF30D0
:1014E00003F0BEF92046FFF7E9FE03F01FFB84F886
:1014F000239094F8212094F820309A42A3D1E4E775
:10150000002120469847A8E7D3462046FFF7D6FE9D
:10151000DA46504603B0BDE8F08F002120469847D8
:1015200086E7DFF810A0D0E76FF47A7ACDE700BF46
:101530001D11020016FCFFFF09681346043131F942
:10154000022CFFF75DBF00BF2DE9F04F85B0012BE6
:1015500000AFC7E9003000F0B98091F81180087C35
:1015600080458946144679D011684546B1F9023064
:10157000002B6ADDD9F808305E5D4FF0000B4FF0AC
:10158000FF3A0FFA8BF1204609F038FB2168B1F9D8
:1015900002C00BF1010BB04208BFAA46DC45F0DCEB
:1015A00099F8122099F81000013595FBF2F602FB2C
:1015B0001655A8425DD0BAF1FF3FD7D0BAF1000F5F
:1015C0004FDBC245BDBF99F81260A6EB0806564432
:1015D000AAEB080606F1080222F007026C46ADEB02
:1015E000020D0021721C684615F02EF81FFA8AF3CE
:1015F000984599F812006D4612D0D9F808C00DF13F
:10160000FF3108F1010292B2B2FBF0FE00FB1E2294
:101610001CF808E001F801EF1FFA82F84345F0D109
:1016200099F8113001333344294693FBF0F500FB60
:10163000153332B2786889F8113009F033FA7868D6
:10164000A5461437BD46BDE8F08F99F81230013534
:1016500095FBF3F203FB1255854287D13B68022BC1
:101660000DD0786809F052FA78681437BD46BDE8A5
:10167000F08F3B68022BA1D1BAF1FF3F9ED12146EA
:1016800007F10C0009F03AFA07F10C0109F1180012
:1016900009F042FA01214FF4966003F0C9FB07F10B
:1016A0000C0009F083F999F8103007F10C0003F1F0
:1016B000FF3A09F02BFA07F10C0109F1180009F0C3
:1016C0002BFA07F10C0009F071F977E76FF47A71E2
:1016D00009F074F978681437BD46BDE8F08F00BF93
:1016E000012A13D000B583B01830019209F014FA22
:1016F000019A022A02D0002003B000BD01214FF45C
:10170000966003F095FB002003B000BD6FF47A7083
:10171000704700BF00487047B86F030042DF704752
:10172000704700BF084603F0B9BE00BF084603F08B
:1017300035BB00BF82B010B50C4684B08646496800
:1017400020680DF1080CACE80300CDE90623039BEB
:10175000DA0704460EEB630C03D55A105EF802302C
:101760001C58DDE90801DDE906238DE80300604629
:10177000A04704B0BDE8104002B070470CF02EBD89
:1017800082B08DE80C00002100F5176002B0FBF775
:10179000C5BD00BF82B000B583B0CDE90423BDF85C
:1017A0001230152B10D8022B1ED9033B122B1BD83D
:1017B000DFE803F0281A1F3F1A1A1A1A1A1A1F1AFA
:1017C0001A1A1A1A1A1A480040F6B93293420BD163
:1017D00000F580504FF0FF31D0F8C80103B05DF83C
:1017E00004EB02B007F01ABF03B05DF804EB02B0DF
:1017F0007047D0F8540903681B6B03B05DF804EB25
:1018000002B018470346002100F68C00019305F052
:1018100075FF019B002103F50B6005F06FFF019B35
:10182000012103F6D40003B05DF804EB02B007F029
:101830001DB8D0F8580903689B6A03B05DF804EB43
:1018400002B0184700F58050D0F8C80103B05DF829
:1018500004EB02B007F076BF38B5054600F5E86046
:10186000FCF7A8FA48B105F10C00FFF71DFA40B9E2
:1018700005F5E860FCF7A6FA58B9BDE838400CF069
:10188000ABBC05F5E860FCF7F3FABDE838400CF0B6
:10189000A3BC05F5E860FCF733FC0028EDD138BDAA
:1018A000084601F0DBBC00BF0CF09EBC064A136882
:1018B000591E11603BB9054A116821B14189136075
:1018C00021F4005343817047542000203020002031
:1018D00082B08DE80C00BDF80230152B01D002B0AB
:1018E000704700F5805002B0D0F8C80107F034BF4F
:1018F0002DE9F04186B0BDF83860002B39D0DDE924
:101900000C74A046002F37D00F2901D1C02E30D142
:1019100005462820CDE90212019314F050FE04463A
:10192000103008F089FC0299039A21806280182007
:1019300014F045FE0146019B41F80C3BCDE90478CB
:101940000023C360E3604B6004AB0246A06003CB9E
:101950000F4B50609160536100230022C4E90823BB
:101960002B6846F002065B68A68021462846984709
:1019700028B906B0BDE8F081E407FAD5C4E72046EF
:1019800003F0E6FC204606B0BDE8F04114F015BEB9
:1019900035170200704700BF064A1368591E1160D0
:1019A0003BB9054A116821B1C188136021F4005385
:1019B000C380704754200020302000202DE9F04FD4
:1019C00089B0044601F086FABB4B0025C4E9013515
:1019D000201D02F0EBFBB94B04F10C0603F13C02B5
:1019E000C4E900323046FFF73BF9B54926630922C6
:1019F00004F134000CF00CFB04F16407B1490A2235
:101A000004F14C000CF004FBAF491A2238460CF0EC
:101A1000FFFAAE491B2204F17C000CF0F9FA2A46C9
:101A2000012304F1340104F1980005F0F9F804F100
:101A3000D00006F0EFFB222304F14C015B2204F1FD
:101A4000F80009F089FA3946122204F5517704F5B5
:101A500041700CF013F804F5417204F1F8013846B6
:101A600000F08CF99A4B04F5D56004F5C76204F5D3
:101A7000C46105900BF028FE04F5B26204F5AF6175
:101A800004F5E26002F024FA04F59D6204F5A06119
:101A900004F5E56002F01CFA282204F5E86004F180
:101AA0003403009204F5E2613A4681460690FBF762
:101AB000EFFE3A462A2304F5F26704F5E26100934B
:101AC00038464B460797FCF777FBD5F8F83F0133CC
:101AD0000ABF4FF01023D5F8F81F59694FF0805313
:101AE00004F2BC7718691B6900EB4000091A012257
:101AF0003846FDF7FFFA04F2CC7339460022184647
:101B0000039305F03DFE0523C4F80038C4F80438FB
:101B1000C4F80838C4F80C38D4F86C36C4F8F03778
:101B2000D4F87036C4F8F437D4F87436C4F8F837FB
:101B3000D4F87836C4F8FC37D4F86836C4F8EC37F3
:101B4000644BC4F8183804F5B563C4F8D83704F505
:101B5000B863C4F8DC3704F5BB63C4F8E03704F5B8
:101B6000BE63C4F8E43704F2EC7704F5C16304F50E
:101B7000FB6504F5006604F17C01C4F8E83704F65F
:101B80001C0007233246C4F81478C4F810584FF0EC
:101B900000090490FBF75AFD01231A4604F57271FF
:101BA000CDE9009904F68C0005F082FD01230222A4
:101BB00004F58B61CDE9009904F50B6005F078FD23
:101BC00003230222012104F6D40006F015FE04F5D9
:101BD000417240F6AC5304F5A36104F6E40006F04C
:101BE0008FFE092104F6181001F0A6FB082104F568
:101BF000146001F0E7FD04F5E26000F0BFFBC4F8FB
:101C0000540904F5E26000F08FFC039A009201464B
:101C1000049BD4F85429C4F8580904F65C1000F069
:101C200007FD04F5A962019204F5AC6204F1F80322
:101C3000009204F5547104F5A66204F51760FBF7F1
:101C4000CBFB04F59650DDE9053207991030FBF720
:101C500017FD0121A4F80A9004F5A3600AF09EFF85
:101C600004F5CA600AF004FF022104F5CA600AF014
:101C7000D7FCB4F85636184923F4807304F5E260B3
:101C8000A4F8563609F0F0FE55F8040B01210BF0CC
:101C9000F9F9BD42F8D155F8040B01210BF0F2F926
:101CA000AE42F8D1012104F5A6600BF0EBF9204615
:101CB00009B0BDE8F08F00BF64770300147503001E
:101CC0000090004000A0004000A0014000B0014092
:101CD0000020004070750300801A060030B587B000
:101CE00000224FF48053009205460C4602A811468C
:101CF0008022FDF7FFF901230E4A01A902A8FDF792
:101D00004BF9019B7BB10B4901236A4602A8FDF701
:101D10004FF905F596501030FBF750FD02A8FDF77E
:101D2000F1F907B030BD002CF3D102A8FDF7EAF9B4
:101D300007B030BD6C750300A0F10400FAF7B0BA2B
:101D400000B5054A83B000230260C380019002F011
:101D50009BFA019803B000BD6477030010B5064AF2
:101D6000026000230446C38002F08EFA204614F07D
:101D700024FC204610BD00BF647703002DE9F04F1E
:101D8000914B85B00360002304464360CDE9021205
:101D900002F00CFA8D4B23602123A360022203235F
:101DA000642104F10C000AF0C9FE03231A466521E0
:101DB00004F124000AF0C2FE04F1540903230422B2
:101DC000662104F13C000AF0B9FE04F16C0B032318
:101DD0001F22672148460AF0B1FE04F1840603235E
:101DE0001C22682158460AF0A9FE03230E2269210D
:101DF00030460AF0A3FE04F1B40A0323252204F1BD
:101E00009C006A2101900AF099FE03230B226B21AA
:101E100050460AF093FE03230A226C2104F1CC0001
:101E20000AF08CFE04F1FC07032309226D2104F162
:101E3000E4000AF083FE04F58A7503231E226E2156
:101E400038460AF07BFE032317226F2128460AF04A
:101E500075FE03230C22702104F596700AF06EFEC5
:101E600003231122712104F5A2700AF067FE0323F7
:101E70000122722104F5AE700AF060FE03230D22E8
:101E8000732104F5BA700AF059FE0323222274214B
:101E900004F5C6700AF052FE03231A22772104F5D6
:101EA000D2700AF04BFE03232022782104F5DE7065
:101EB0000AF044FE03232422792104F5EA700AF093
:101EC0003DFE002203237A2104F5F6700AF036FE67
:101ED000032314227B2104F501700AF02FFE032353
:101EE0000522862104F507700AF028FE032310223C
:101EF0007C2104F50D700AF021FE032308227D21C8
:101F000004F513700AF01AFE032315227E2104F54E
:101F100019700AF013FE032316227F2104F51F70A7
:101F20000AF00CFE03230F22802104F525700AF02D
:101F300005FE03231822812104F52B700AF0FEFD13
:101F400003231322822104F531700AF0F7FD0123E7
:101F50000622832104F537700AF0F0FD01232822C0
:101F6000842104F53D700AF0E9FD0323192285213F
:101F700004F543700AF0E2FD154B02991960A3685D
:101F80000198144A0399C4F82C93132BC4E9C9BAD5
:101F9000C4E9CC07C4E9CE6511600DDD04F5EA752E
:101FA00013262B6828465B6C00219847A3680136EE
:101FB000B34205F11805F4DC23440022204683F8DF
:101FC000402305B0BDE8F08F64770300AC750300D3
:101FD000985900209459002082688118002A91F8AD
:101FE000403343F0010381F8403341DD2DE9F047F0
:101FF000DFF88090824600F10C0500F23F364FF08A
:10200000000814E0D3F8003703F44033B3F5003F81
:1020100003D1337843F008033370DAF80830A4F2C0
:102020003E34A4EB0A04A34205F118051EDD2F7D02
:10203000344606F8018F2B682846DB69984700284C
:10204000EBD11F2F8CBF4B464FF0A04307F01F076B
:1020500003EB8703D3F8002702F44032B2F5403F88
:10206000D0D1337843F004033370D6E7BDE8F0876E
:10207000704700BF000300502DE9F04181681E4BFE
:102080004418002994F8402322F0010284F84023E8
:10209000D3F804239046D3F80423C3F8082326DD9D
:1020A000164F064600F10C0400F550753F1A10E07B
:1020B00011F0080320464FF0020104BF20461946E4
:1020C0000AF0FAFFB26801357B199A4204F118044C
:1020D0000DDD23682046DB6998470028F2D1297876
:1020E0004B07E5D5032120460AF0E6FFEAE7024B5D
:1020F000C3F80483BDE8F08100600040C0FCFFFF2E
:102100002DE9F04F374C8568D4F80463002DB146B3
:10211000D4F8046383B0C4F8086342DD9B460092A0
:102120008A46064680460024D8F80C3098F820707D
:10213000DB6908F10C052846984760BBD8F80C30DD
:1021400028461B6A984730B3B8F8122012F4007181
:1021500030D0BAF1000F1ED0009B002B37D01F2FBC
:1021600007F01F078CBF204B4FF0A04307F5E0712D
:1021700053F8211011F4403F0DD112F4807F28460E
:102180000CBF0321022101930AF096FF019B01225B
:10219000BA40C3F82025B3680134A34208F11808F7
:1021A000C2DC104B0022C3F87C21C3F8049303B0B7
:1021B000BDE8F08FBBF1000FEDD028460AF07CFFA0
:1021C000B3680134A34208F11808ADDCE9E70099CF
:1021D00028460AF071FFB3680134A34208F11808D9
:1021E000A2DCDEE7006000400003005010B582B0C2
:1021F000062910D8DFE801F044044E121215310010
:102200008368034493F84033DA074FD50123002253
:102210001946FFF775FF002002B010BDFFF72CFF35
:10222000F9E7002A4CD0D0F808E0BEF1000FF2DD4B
:1022300001460023B1F812C01CF4007F03F1010332
:1022400001F1180106D0146804F1010CC2F800C0B5
:10225000D0F808E09E45EDDCDDE781680029C8BFC5
:102260000022D8DD438A9C0548BF23F4007302F1A5
:10227000010248BF43828A4200F11800F2D1CAE746
:102280000190FFF7A9FE0122019800231146FFF7F4
:1022900037FFC0E78368034493F84033DB070AD570
:1022A00001231A461946FFF72BFFB4E70190FFF709
:1022B00093FE0198AAE70190FFF78EFE0198EFE7E1
:1022C0006FF47A70A8E700BF10B5044603EB430033
:1022D000C4E9022321608000012103F009F80023F2
:1022E00060602382204610BD704700BF10B5034BCD
:1022F0000360044603F004FB204610BDD0750300C4
:1023000010B5054B0360044603F0FAFA204614F0BA
:1023100054F9204610BD00BFD0750300074B1B6861
:10232000984204D01A680649126B8A4203D110B54C
:10233000322000F063FE1846104700BF28580020E6
:102340001D230200074B1B68984204D01A680649F7
:10235000D26A8A4203D110B5322000F04FFE1846EF
:10236000104700BF285800204523020000B583B065
:10237000019014F022F9019803B000BDF0B53D4C76
:10238000236813F0010385B006460AD03A4C23684F
:10239000DF0711D5394D2B78D3B1394C206805B002
:1023A000F0BD01223748114607F082FE0123236069
:1023B000314C2368DF07EDD4032333482F4D192216
:1023C00085210AF0BBFB012323602B78002BE4D18D
:1023D000072003F063F82C480AF04AFB02212A4840
:1023E0000AF01EF9284AD388322123F4807330463C
:1023F000D38005F061FCF8B9442014F0E0F82149DD
:102400000390052203F0B2F8039B204A1C4C1A608B
:102410004C20236014F0D3F81A490622074600F036
:1024200079F81B4B21681F60384603F011FB2068C8
:1024300001232B7005B0F0BD502014F0C0F83223FA
:102440000522CDE9003231460E4B0F4A0C4C0746AF
:1024500005F018FC5420276014F0B1F831463C23F5
:102460000626CDE90036084A064B074605F014FD5E
:10247000D7E700BF1C58002000580020AC620020A5
:10248000285800202058002004580020D075030050
:102490002C58002010B5034B0360044603F0F2FAF9
:1024A000204610BD1076030010B5054B03600446AE
:1024B00003F0E8FA204614F080F8204610BD00BF73
:1024C00010760300074B1B68984204D01A6806492F
:1024D000926A8A4203D110B5332000F08FFD18466E
:1024E000104700BF2C580020C5240200074B1B6872
:1024F000984204D01A680649D2698A4203D110B5BD
:10250000332000F07BFD1846104700BF2C580020F8
:10251000ED24020010B5044603F050FA014B23608D
:10252000204610BD1076030008B5FFF727FF014BCA
:10253000186808BD2C58002082B010B50C4684B035
:102540008646496820680DF1080CACE80300CDE927
:102550000623039BDA0704460EEB630C03D55A10DF
:102560005EF802301C58DDE90801DDE906238DE83C
:1025700003006046A04704B0BDE8104002B07047B9
:102580002DE9F04186B0BDF83850002B46D0DDE98A
:102590000C74A046002F44D00F2901D1C02D3DD18D
:1025A00006462820CDE90212019314F008F80446EB
:1025B000103007F041FE0299039A218062801820B2
:1025C00013F0FDFF0146019B41F80C3BCDE9047877
:1025D0000023C360E3604B6004AB0246A06003CB02
:1025E000114B50609160536100220023C4E908231D
:1025F00033680E4A5B6845F002059342A58008D116
:10260000204602F0A5FE204606B0BDE8F04113F0DA
:10261000D4BF2146304698470028F1D106B0BDE826
:10262000F081E407FAD5B7E739250200F1D70100B8
:1026300030B58DB0044610982160C4E901231B49D0
:10264000E06005F0C7F8D0B105460DF1140E006941
:102650006969AA69EB69F446ACE80F00286A696AFF
:10266000AA6AACE807001CE90F008DE80F0020689B
:102670009EE80E0003F0D2F9284613F09EFF0C4BA3
:102680001D687DB10B4A0023CDE90523DDE9050175
:10269000C0238DE803000293032223460621284627
:1026A000FFF76EFF20460DB030BD00BFD06F0300B6
:1026B000785900202D2B0200D0F800C00B6810B50F
:1026C000ACEB0303D0E901E407EE903A4B68AEEBC4
:1026D000030306EE903AF8EEE66A8B68F8EEE77AC6
:1026E00066EEA66AE31AE7EEA76A012A07EE903AB9
:1026F000F8EEE77AE7EEA76A36DD02EB420201EB7D
:102700008200B0EE666A0C38D1E90323AEEB030316
:1027100007EE903AACEB0202F8EEE77A07EE102AE9
:102720004B69B8EEC77A67EEA77AE31AE7EE077A45
:102730000C3107EE103AB8EEC77AE7EE077AF4EEFE
:10274000E76AF1EE10FAF4EEC67AC8BFF0EE676AF7
:10275000F1EE10FAC8BFB0EE676A8842D4D176EEC7
:10276000667A17EE900A10BDB0EE666A76EE667A6B
:1027700017EE900A10BD00BFF0B585B004AC04E9B7
:102780000E000B9C002C0546964608469C4640F3DE
:10279000BA800A999FED625A04EB440401EB840469
:1027A0000E46D6E90023AEEB030307EE903A821AF9
:1027B000F8EEE77A07EE102AB368B8EEC77A67EE4C
:1027C000A77AACEB0303E7EE077A0C3607EE103A74
:1027D000B8EEC77AE7EE077AB1EEE77AFDEEC77A90
:1027E000F8EEE77AF4EEC57AF1EE10FAC8BFB0EE73
:1027F000675AB442D5D1DFED4A3AB7EE002AB0EEBF
:10280000633AF0EE632AB0EE634AD1E90062AEEBC0
:10281000020307EE903A831B07EE103AF8EEE77AD0
:102820008B68B8EEC77A67EEA77AACEB0307E7EEE2
:10283000077AA2EB0E02A3EB0C0307EE107AB8EEB8
:10284000C77A361AE7EE077A0C3107EE102AF1EE56
:10285000E75A07EE903AF8EEC76AB8EEE77A07EE65
:10286000906AB8EEE76AC5EE257AC6EE254A86EE8E
:10287000A56AC7EE256A77EEC27AF0EEE45AF4EE66
:10288000C47AF1EE10FAB0EEC66AB0EEE67AC8BFCE
:10289000B0EE674AA142E5EEA72AA6EE273AE7EE98
:1028A000273AB2D163EE037ABDEEC57AE2EEA27AA0
:1028B00017EE103AE3EEA37AB1EEE77A28602846E5
:1028C000C5E901ECAB6182EE875AC3EE075A83EE8D
:1028D000876AF7EE007AF0EE676AB0EE677AE5EEA7
:1028E000046AA5EE847AE6EE047AFEEECB6ABEEECA
:1028F000CB7AFEEECB7AC5ED036A85ED047AC5EDA1
:10290000057A05B0F0BD9FED067A0023F0EE473A58
:10291000B0EE473AF0EE472AB0EE474ACEE700BFA6
:10292000000000002DE9F04F93B0151E119089466C
:1029300040F3F680002205EB45040B466E0001EBE8
:10294000840496469446D3E900010C338E4453F830
:10295000041C9C4202448C44F5D19EFBF5F392FB8F
:10296000F5F407939CFBF5F30293119B079A5A60C9
:10297000029A9A6049462A4618461C60FFF79CFE58
:10298000D9F80030D9F80880D9F80410099307EE77
:10299000100A6FF0C700C01A0E906FF0C700A0EBCE
:1029A0000800C3F5C87305906FF0C7004FF0000E24
:1029B0002E44A9F10C02401A0F93C8F5C87302EB1C
:1029C000860204910A90F3467746F2461093C1F5C9
:1029D000C8760E9B0299CDF804A018190F9B0D968E
:1029E00023440893079BF3180393CDE90B74109BC2
:1029F00003EB010C07EE900A099B07990690F8EE8D
:102A0000E76A1E180A9B66EEA66AF2465C1807EE95
:102A1000904AF8EEE77A049B0299F0EE665AE7EEE8
:102A2000A75A1F19059B03EB010E07EE90EAF8EE7B
:102A3000E77AB0EE656AA7EEA76A012D08EB0E00F3
:102A4000F0EE464A29DD4B461969791A07EE901ACD
:102A5000D968711A05EE101AF8EEE77A5969B8EEDE
:102A6000C55A67EEA77A411AE5EE057A0C3305EEF2
:102A7000101AB8EEC55AE5EE057AB4EEE76AF1EE43
:102A800010FAF4EEE47AC8BFB0EE676AF1EE10FA1D
:102A9000C8BFF0EE674A9A42D6D174EEC67AF4EE19
:102AA000C77AF1EE10FA04D5B0EE677A8346BA46DB
:102AB00001960EF1C80EF445B7D1039BC834A3426A
:102AC000A5D10698089BC8308342D64692D1DDE94D
:102AD0000B74DDF804A00D9EA24506D0CDF808B019
:102AE000CDF81CE05446012773E7079B9E4505D0AF
:102AF000CDF808B0CDF81CE001276AE7029B9B45A2
:102B000003D0CDF808B0012763E73B4623B1119B02
:102B1000C3E900AEC3F808B0119813B0BDE8F08F58
:102B20000024029407946E001FE700BF82B02DE9D5
:102B3000F04FEFB0CDE978230590642002F0AEFCB1
:102B4000052211460FA807F0F7FBB44910A807F0BB
:102B500027FC28AB70AA0020002143E9060143E9C5
:102B6000040143E9020118339342F6D1059EDFF8D0
:102B7000C492CDE96A01B068036800249B6A6C9432
:102B8000CDE91444CDE91644CDE918448DF86840E8
:102B900098470546B0680368FF215B6A9847B068AC
:102BA0003C3004F0F7FA43F68C430893A3460794AD
:102BB0000DF1680A06940D95089A43F68C439A42E3
:102BC00000F00181964B9A42C0F2FD80089BA3F170
:102BD0006404002B00F03481069B0F2B00F0308141
:102BE000089B0C9323B20893079A8E4B059D2832BD
:102BF000D2B2A3FB02139B09C82101FB1323DBB252
:102C00006868079302F06CFE0446686802F070FE84
:102C100014F52A7FC0F2F28014F1C80FC0F2F980D7
:102C2000B4F52A7F00F31681C82C40F31B810323DF
:102C30000B93984610F52A7FC0F2E78010F1C80F79
:102C4000C0F2FA80B0F52A7F00F30081C82840F373
:102C500005810323CDE90933734C0FA807F018FC55
:102C600014AF0DF14F05264603E0AA4506F1020612
:102C70000DD015F8013F012BF7D172783178FF2381
:102C80000FA807F00FFCAA4506F10206F1D1079B39
:102C9000DDE90A210FA807F005FC0C9B002BC0F210
:102CA0008580069B0F2B00F28180099E069D04E023
:102CB00002344C4507F1010721D023784345F7D171
:102CC0006378B342F4D13B780BEB4B0022A9012B84
:102CD0004FF0000201EB8000EAD0059B0234196836
:102CE00002F0B8FE0BF1010B01354FF001034C452A
:102CF0003B705FFA8BFBEDB207F10107DDD1642079
:102D0000069502F0CBFBBBF1180F7FF655AF11AC67
:102D10005A4622A920460D9DFFF704FE22ABCDF8AE
:102D200004B0009394E80E001BA8FFF725FD1EAB2E
:102D30000FCB8DE80F00059E1BAB30680ECB02F069
:102D40006DFEF06820B139491BAA1C2304F07AFDFE
:102D5000059FB868FCF712FDBE6810A9204607F071
:102D600017FB002340F2DC52CDE9003221461A461F
:102D700006F13C0004F062FA204607F09BFA4FF49B
:102D80007A7002F08BFBB868FCF7F8FCB86803684F
:102D900029465B6A984710A807F08CFA0FA807F03D
:102DA00089FA6FB0BDE8F04F02B07047002300937E
:102DB000059B9868002310301A460FA907F08CFB7A
:102DC000099E069D79E7059CA068FCF7D7FCA468DE
:102DD00017491BA807F012FE78221BA904F13C003A
:102DE00004F0AEFA1BA807F0E1FD43F62843089370
:102DF00043F68C430C9300230693F5E6002310F56D
:102E00002A7F0B939846BFF619AF0023CDE909330B
:102E100022E701230B9398460CE700BFDC6F030009
:102E2000D18AFFFF1F85EB5140760300D06F03006E
:102E300024700300727603000123CDE909330BE708
:102E4000059B98683C3004F0A5F9C9E60423CDE958
:102E5000093301E704230B939846EBE60223CDE9FF
:102E60000933F9E602230B939846E3E6C38843F45B
:102E70008043C380704700BF84B003AA01900DF166
:102E800007030DF1030013F8011902F8011B834237
:102E9000F9D1039804B0704740BA80B2704700BFC0
:102EA000BFF34F8F0549064BCA6802F4E062134333
:102EB000CB60BFF34F8F00BFFDE700BF00ED00E028
:102EC0000400FA0512DF7047704700BF084602F0A1
:102ED000E9BA00BF024B034A02601860704700BFA6
:102EE000345800207C76030030B583B005460024BA
:102EF0000DF107008DF80740FFF7E4FF9DF807305C
:102F0000012B1ED0154A1648012313604FF0040C04
:102F1000C2F80041D2F80031002BFBD0D2F80835BE
:102F2000BCF1010C43EA0020F2D1012353602B686D
:102F30000C4A9B6993420AD103B0BDE8304002F0CD
:102F4000B1BA2B68074A9B6905489342F4D0014601
:102F5000284603B0BDE83040184700BF00D000400D
:102F6000ED5EBC0BCD2E020010B5194C0FCC88B015
:102F70000DF1040CACE80F0094E80700154CACE828
:102F80000300002304F8053F19464FF080538CF8E6
:102F90000020D3F864E005204FF0010C01EB810222
:102FA0006A44BEFBF0F300FB13E3B3FBFCF31A44EB
:102FB0000131127904F8012D0529AEEB030E00EB67
:102FC00080000CEB8C0CE9D1024808B010BD00BFAA
:102FD000B47603003858002000B583B000230DF10B
:102FE00007008DF80730FFF76DFF9DF80700A0F18F
:102FF0000100B0FA80F0400903B000BD2DE980481F
:103000008BB004460BF0BAF8002389491A4603F541
:10301000A2700133082B41F82020F8D1854D864E4F
:10302000864A032012F8013B1F2B86BF03F01F03C3
:1030300029464FF0A04103F5E073B24241F8230066
:10304000F0D17F497F4A7B48032612F8013B1F2BB2
:1030500086BF03F01F0305464FF0A04503F5E0735C
:10306000914245F82360F0D1764A7248012612F861
:10307000013B1F2B86BF03F01F0305464FF0A04501
:1030800006FA03F39142C5F80C35F0D16E4BDFF828
:10309000C8B11F686D4B6E4A83FB0413E117C1EB87
:1030A00063168BFB0403C1EBA30312680493BC46B5
:1030B0004FF00009254612B14A4540F3AD806548FE
:1030C0005C4F0592E646002301244FF0A041CDF865
:1030D0000C908446CDE906E3CDE9086500200CF1AB
:1030E0000509272800F39380039B042B00F38A80B3
:1030F00049F63F4349F64048524DCDF808C0E646F0
:1031000049F64042DFF834C1CDF8048004269EF829
:1031100000A01CF8018B4AFA06FA1AF0010F5FD0E2
:10312000B8F11F0F66D84FF0A04A04FA08F8CAF8A1
:103130000C85013EEBD2DDF80480B8F1000F0BD016
:103140002E781F2E86BF06F01F06BC464FF0A04CFF
:1031500004FA06F6CCF808650026019002E0013674
:10316000964214D09E42D1F80405F8D195F800C0DB
:10317000BCF11F0F86BF0CF01F0CBA464FF0A04ADF
:10318000013604FA0CF09642CAF80C05EAD10EF1A9
:10319000010ECE45019805F10105B3D1013030286B
:1031A000DDF808C09DD1DDE906E30133042BDDE93C
:1031B000086535D0012B31D0049A022B18BF2A465E
:1031C0008BFB020CD017C0EBAC0000EB8000A2EB35
:1031D0004002103252B202EB82020EEB020C79E78F
:1031E000B8F11F0F0AD84FF0A04A04FA08F8CAF83D
:1031F00008859EE708F01F08BA4696E708F01F0802
:10320000BA46F2E740F69F734FF47A6874E74FF0DE
:10321000FF334FF000086FE7FFF742FE3246CFE77B
:10322000DDF80C90059AF44609F1010943E700BF67
:103230000060004000030050A9760300A47603005C
:10324000B1760300AC760300A82000201F85EB5167
:10325000305800209C7603006766666608B5FFF765
:10326000CDFE00BF4FF0FF30704700BF054B186820
:1032700028B10368044ADB69934202D170470AF01F
:10328000ABBF184734580020C92E020000B5054ACC
:1032900083B000230260C380019000F0F5FF019825
:1032A00003B000BD6477030010B5064A0260002336
:1032B0000446C38000F0E8FF204613F07EF9204664
:1032C00010BD00BF6477030070B5054684B02C695B
:1032D0008CB1E278012A10D0022A05F1200026D014
:1032E00001230A21684606F053FF2B69A3420BD045
:1032F0001C46002CEDD104B070BD05F1180000F0A3
:10330000C1F92B69A342F3D10A4A0221C2F8801005
:10331000BFF34F8FBFF36F8F2B695B6A2B61EB7A23
:10332000013BEB722046116013F047F9CFE700F044
:10333000D1F9DAE700E100E0104B70B50025044652
:10334000C0E900350E4600F031FF20460C4B40F836
:10335000183B214600F092F9214604F1200000F0CC
:10336000B5F940F20762C4E90225064BA680C4E91C
:103370000455E5801C60204670BD00BF64770300E3
:10338000D87603004058002070B545693DB3C37A34
:10339000032B21D8C388DB074CBFC368114BAB623A
:1033A00004462C2013F00BF92C220021064613F0C2
:1033B0004BF900236B6223695BB11A465B6A002BF1
:1033C000FBD163695362E37A66610133E3720020E3
:1033D00070BD63692361F6E76FF47B7070BD6FF4B5
:1033E0007A7070BD16FCFFFF1A4BD3F8002122B192
:1033F00000210122C3F800119A60164BD3F80C216A
:1034000092B1154A00201168C3F80C01D3F800C42A
:10341000CA88BCF1010F02F0010206D002B1C860F7
:103420000C4B01229A607047704700B5D3F84835BD
:1034300083B00AB15B42CB6008460191FFF7A4FF5D
:103440000199044B4A69C3F80425024B01229A6092
:1034500003B000BD0010004040580020C388DB07C7
:1034600001D50020704770B582B00446FFF7B4FD67
:10347000002870D16169002963D04FF0804200219B
:103480000123C2F800111360D2F80031002BFBD0E9
:10349000627A3249324B8A5CC3F80C25207A314A71
:1034A000C3F808050021C3F81015C3F81C25A27A3B
:1034B0000192FFF791FD20B9294B019AA272C3F83E
:1034C0002425274BDFF8ACE06569274E0020012159
:1034D0004FF0080CC3F82C050222C3F83015C3F8CE
:1034E00014C5C3F818E54FF6FF7EC3F83425C3F8BA
:1034F0003CE54FF0180EC3F83865C3F854E5C3F83F
:1035000004551A4DC3F804C3C5F880212A60D3F8C6
:10351000002242F01002C3F80022C3F800015960F3
:10352000D3F80021002AFBD0E288012142F4804236
:1035300000200A43C3F80C0199600020E28002B029
:1035400070BD2C20019113F03AF801992C2213F050
:103550007BF8606191E70648F1E700BFF47603006D
:1035600000100040746962752110010000E100E064
:1035700016FCFFFF2000040210B50446FFF72CFDE7
:10358000E0B9E388DB0701D4002010BD0C4B022218
:10359000C3F88020BFF34F8FBFF36F8F094A012319
:1035A000C2F810011361D2F81031002BFBD0E38870
:1035B00023F4804323F00103E380E5E7024810BDD4
:1035C00000E100E00010004016FCFFFF10B582B0E3
:1035D00004460191FFF700FD002830D10199E388EE
:1035E00031B959071DD49A0722D4002002B010BD6A
:1035F000DA070ED4134A11688807F6D543F00203A0
:103600000221E380C2F88010BFF34F8FBFF36F8FAA
:10361000EBE72046FFF7B0FFE38843F00403E380C5
:10362000E3E723F00403E3802046FFF717FFDCE71E
:10363000044A23F002030221E3801160D5E7024827
:10364000D4E700BF00E100E016FCFFFF034600697D
:1036500080B109494FF0020CC1F880C0BFF34F8F11
:10366000BFF36F8F1A69526A1A61DA7A013ADA7215
:10367000C1F800C0704700BF00E100E00023C0E9CE
:103680000013704710B5044684B00068FFF7DEFFF2
:1036900000224262616889B14B6A33B119465B6AA4
:1036A0000132002BFAD1032A0ADC486201231A46B0
:1036B0000921684606F06CFD04B010BD6060F5E7B6
:1036C00004B0BDE8104012F078BF00BF0023416095
:1036D0000370704738B504464068FFF7B7FF012311
:1036E00023700546043006F0B1FD0023237025B198
:1036F0002846BDE8384012F060BF38BD4CDF704747
:1037000000B5054A83B000230260C380019000F039
:10371000BBFD019803B000BD6477030010B5064AF5
:10372000026000230446C38000F0AEFD204612F084
:1037300044FF204610BD00BF6477030010B586B07B
:10374000002304460193FFF747FC00BB124A012304
:103750001360D2F80031002BFBD00023C2F80031F7
:10376000D2F80835019301215160002BB8BF033313
:103770009B10238203F0F0F9E268A1880123024440
:10378000A26002A81A4606F003FD06B010BD01A80B
:10379000FFF7B4FF019BE8E700C00040C38843F493
:1037A000804310B50446C38003F0D6F9A36898425D
:1037B00071F1000100D210BD2046BDE81040FFF7B6
:1037C000BDBF00BF10B50A4B002482B0C0E9003471
:1037D000CDE9001000F0EAFC0198064A0099026069
:1037E0004FF47A73C0E902438180046102B010BDD6
:1037F000647703000477030010B50446006807F0FF
:103800003FFA204610BD00BF10B522EAE27284B034
:10381000044602F10C00CDE90212019301F0FCFC18
:10382000206007F059FA2068039A02722068029912
:10383000019B436029B1093004B0BDE8104012F08B
:103840003FBF04B010BD00BF08B5002319460548AE
:103850000122FFF7D9FFBDE80840034A03490148A8
:1038600012F0A6BE4458002044200020F937020080
:10387000ACDF7047AEDF7047002303810360436015
:10388000704700BF30B54FF6FF7C89B06145ADF899
:103890000E3013D00B46018989071446024610D416
:1038A000BDF80EC004AD1188ADF810C018462A4608
:1038B0000023ADF812300594FFF7DAFF002009B0BD
:1038C00030BD0188ADF8101002218DF812100021D2
:1038D000ADF814100DF10E0102900691184604A9DE
:1038E00001930794FFF7C6FF04ADDDE9013230B163
:1038F0000699BDF80EC009886145DFD1D3E70120E4
:1039000009B030BDA8DF7047B0DF704762DF704795
:10391000704700BF0368034A9B68934200D1704719
:10392000063118471139020038B50B88502B044670
:1039300039D00FD9512B31D0532B09D10368204DE9
:103940001C6BAC4236D19B680A461E498B422ED175
:10395000012038BD102B19D0112BF9D10368194D56
:10396000DA69AA4228D1002507E023681B69984735
:103970004FF00002236802810135DB68204698473A
:10398000A84229462046F0DC012038BD03680D4AD4
:103990009B699342DCD09847012038BD03685B6A7D
:1039A0009847012038BD03681B6A9847F4E7911DCA
:1039B0009847CDE7A047CBE790472368D3E700BF00
:1039C000153902001139020010B50023054A0260C2
:1039D00004460371C38000F0D9F9214600F0E6F9EE
:1039E000204610BD2877030000B585B001F1100214
:1039F0006B4612F801CD03F801CB04A98B42F8D134
:103A0000011D6846FFF782FF05B000BD00B583B019
:103A10000379ADF80410821D01A901208DF806304C
:103A2000FFF770FF03B000BD2DE9F0438BB00546F2
:103A3000BDF84870BDF84C60BDF850400193904609
:103A400089461D2200210DF10B0012F0FDFD019BA6
:103A5000ADF80C60F61B18BF01260493E1072B7923
:103A6000ADF80880ADF80E708DF814608DF80A304E
:103A700005D59DF8153043F002038DF81530A207E7
:103A800005D59DF8153043F004038DF81530630714
:103A900005D59DF8153043F008038DF8153027073C
:103AA00005D59DF8153043F010038DF81530E60666
:103AB00005D59DF8153043F020038DF81530A0068C
:103AC00005D59DF8153043F040038DF8153061069B
:103AD00005D59DF8153043F001038DF81530E2054A
:103AE00044BF01238DF81730A30548BF01232A687E
:103AF00048BF8DF8183040F2011101231269ADF86A
:103B000019108DF81B308DF81C3049462846EC887A
:103B1000904702A9024620460CF064FA0BB0BDE8BB
:103B2000F08300BF00B58DB001A80CF0A3F9019B94
:103B30001BB1BDF808000DB000BD4FF6FF700DB011
:103B400000BD00BF08B50CF06DF9003818BF0120AA
:103B500008BD00BF03682DE9F041DB6806460D464D
:103B600090469847071E1BDD00240BE04388AB42BC
:103B70001ED08388AB4221D0C388AB4224D001340D
:103B8000A7420DD0336821461B6930469847038809
:103B9000AB42EBD1012388F800302046BDE8F0812C
:103BA00000234FF0FF3488F800302046BDE8F08154
:103BB000022388F800302046BDE8F081032388F80E
:103BC00000302046BDE8F081042388F8003020460C
:103BD000BDE8F08130B583B00C460DF10702C9880D
:103BE0000546FFF7B7FF431C08D09DF80730032BAD
:103BF00006D02B680B4A1B6893420CD103B030BD32
:103C0000238A022BF5D12B6801461B692846984769
:103C1000638A0381EDE7A11D284603B0BDE830406B
:103C2000184700BF1139020070B58AB00C460DF17B
:103C3000070209890546FFF78DFF01302FD09DF857
:103C40000720B4F80EC001239A428DF808303BD10A
:103C5000296823894968ADF8183008462449ADF829
:103C60001AC040F20113ADF81C3088424FF0000337
:103C70000893ADF8243014D11D46194605939DF8DC
:103C80000E30ADF80C1062F30003A088ADF810C040
:103C900002A9ADF812508DF80E30FFF735FE0AB0CC
:103CA00070BD034606A9284698479DF81C109DF84C
:103CB0001D20BDF81AC0BDF82450089B00290CBF78
:103CC0004FF481710021D9E79DF80E20A088ADF84E
:103CD00010C0002363F3000202A9ADF80C308DF888
:103CE0000E20ADF812300593FFF70EFE0AB070BD3E
:103CF0001139020000B583B009890DF10702FFF701
:103D000029FF03B000BD00BF8A79012A11D0022A21
:103D10000ED10268DFF830C0D26A624510D100B51A
:103D200083B009890DF10702FFF714FF03B000BD4E
:103D300070470368034A9B6A934202D1FFF774BF3E
:103D400010471847293C0200F53C0200F8B50E4C1C
:103D500027689FB13B68002B0FDD06463D460024D7
:103D600003E03B6801349C4207DA55F8040F03680E
:103D700031465B6998470028F3D1F8BD542012F012
:103D80001EFC20600760F8BD4858002008B5064BAF
:103D9000186800B108BD542012F011FC024B00223B
:103DA0000260186008BD00BF4858002008B50368CD
:103DB000132B05DC00EB830201335160036008BD67
:103DC0001420FFF71BF900BF10B5ADF5627D01A807
:103DD00000F096F84FF46072002102A812F034FC53
:103DE000022101230022039103A858210A930BF01A
:103DF0005FF900220290C3219AA80BF059F9002321
:103E00009990D3F8FC2F013219D04FF08052D3F89B
:103E1000FC4F13691C444FF4607202A9204612F053
:103E2000EAFBD0B900234FF46072D3F8FC4F02A92B
:103E3000204612F0E0FB50BB0DF5627D10BD4FF047
:103E400010224FF0805394691B691C444FF4607238
:103E500002A9204612F0CFFB70B1214601A800F064
:103E600051F8E02302AA214601A800F081F80023BE
:103E7000D3F8FC3F0133D5D14FF010234FF46072DB
:103E80009C6902A9204612F0B6FB0028D4D0214636
:103E900001A800F037F8E02302AA214601A800F0AB
:103EA00067F80DF5627D10BD0023D3F8FC2F0132B9
:103EB0000ABF4FF01023D3F8FC2F9A694FF08053BC
:103EC0001B69134493F8A13203B97047FFF77CBF15
:103ED00010B50023044607F0C7FE024B23602046BE
:103EE00010BD00BF4470030029DF704728DF704712
:103EF000022802D1014B01221A707047AD620020E6
:103F0000704700BF70B50C46FFF766F8A0B1164DBC
:103F100000232B704FF0805601E002F0F7FE30696D
:103F2000B4FBF0F0FFF7E2FF03460A20002BF4D1C8
:103F30002B78002BFCD070BD0C4A0223C2F804354C
:103F4000D2F80034002BFBD00849C2F80845D1F85C
:103F50000034002BFBD00023044AC1F80435D2F80A
:103F60000034002BFBD070BDAD62002000E00140AA
:103F7000F8B50D4614461E46FFF72EF890B11A4FBD
:103F800000233B7001E002F0C1FE32462146284684
:103F9000FFF7AAFF03460A20002BF4D13B78002B41
:103FA000FCD0F8BD114A0123C2F80435D2F8003420
:103FB000002BFBD0002E0EDD211F0C4A281F01EB29
:103FC000860651F8043F40F8043FD2F80034002B35
:103FD000FBD0B142F5D1054A0023C2F80435D2F82E
:103FE0000034002BFBD0F8BDAD62002000E00140A2
:103FF00070B5B9B380EAE074DFF870E00D4601F106
:10400000FF3C0646C4EBE07400218EFB0423E2175C
:10401000C2EBA30202EB8203A4EB4303002BB8BF65
:104020005B42303308460CF8013F01311446002A48
:10403000EBD1964203DA6B182D22811C1A700023F3
:104040006B54284612F04AFB01382844854207D2B7
:104050002B78027805F8012B00F801398542F7D357
:10406000204670BD6FF47A74FAE700BF6766666633
:10407000014B1860002070474C580020022908B5F9
:1040800009D90339012904D80368094ADB68934236
:104090000BD1002008BD0029FBD00368044ADB686F
:1040A0009342F6D001219847F3E700219847F0E7C3
:1040B000A9D5010070B584B08DE80F00BDF80230BD
:1040C000012B15D0022B01D004B070BD134C144E3F
:1040D00004F1F00554F8040F30B1C3885B0403D534
:1040E00003689B68B34217D1AC42F3D104B070BDF2
:1040F0000A4C0C4E04F1F00501E0AC42E4D054F857
:10410000040F0028F9D0C3889A04F6D503685B68C9
:10411000B342F2D09847F0E79847E5E74C580020C3
:1041200009D10100A5D5010010B4084C0022234696
:1041300002E001323C2A07D01968884203F10403E7
:10414000F7D1002344F8223010BC704750580020AB
:1041500010B50B4C82B02346002202E001323C2A0B
:1041600007D01968884203F10403F7D1002344F80B
:104170002230019012F021FA019802B010BD00BF68
:104180005058002008B5084B18884FF6E852904266
:1041900002D8421C1A8008BD1520FFF75FF8024BB9
:1041A0001888421C1A8008BD1C21002070B5314CB3
:1041B00082B02346002202E001323C2A05D0196871
:1041C00004330029F8D144F822002B4C237813F053
:1041D00001030BD1294A126842B100931022012336
:1041E0004FF47A60002102F0DBFC08B102B070BD30
:1041F000224B28201D6812F0E2F9C023009301220F
:104200001F4B1021064601F087F82B681D4A5B689A
:10421000934222D1304601F09BF8304612F0CDF99E
:10422000164B28201D6812F0CAF9C0230093022201
:10423000134B0F21064601F06FF82B68114A5B689B
:10424000934210D1304601F083F8304612F0B5F9B0
:10425000237843F001032370C8E728463146984786
:104260000028DDD0D6E73146284698470028EFD011
:10427000E8E700BF50580020AE62002078590020C7
:10428000B5400200F1D7010010B4084C00222346CB
:1042900002E001323C2A07D01968814203F104038D
:1042A000F7D1002344F8223010BC7047505800204A
:1042B0002DE9F04706460F46062805D8DFE800F04E
:1042C0000606061D1D061D00BDE8F0871C4CDFF824
:1042D000789004F1F00803E0FFF7D0FEA045F3D09A
:1042E00054F8043F3A4631461846002BF6D01D6874
:1042F0002D694D45F0D0A847F0E7DFF85080DFF892
:104300004890A0F1030A08F1F0045FFA8AFA08E085
:10431000BAF1010F03D8DB680A4A93420DD1444534
:10432000D2D054F8040D0028F9D003681D694D451A
:10433000EED03A463146A847F1E700219847EEE72C
:104340004C580020A9D501007D40020050580020A3
:10435000084600F023BD00BF2DE9F043244C25683A
:1043600085B08DE80F00002D37D0DDE902014FF454
:104370007A72002311F068FFDFF8788007460E4656
:104380004FF000092C46AD69E3689F4276F10003C7
:1043900021D363697BB109F0F1FED4E9062323B38D
:1043A0009A61A3690BB1E269DA61C4E90599C4F8BD
:1043B0001C9009F0A9FE09F0E1FED8F80030C4F81D
:1043C00014806BB11A469B69002BFBD19461C4E940
:1043D000063209F099FE002DD4D105B0BDE8F08376
:1043E000C4E90633C8F80040F3E763691A60D8E708
:1043F00050590020545900202DE9F04FDFF8AC91BE
:1044000093B004AC84E80F00D9F8003033B3634BA9
:10441000BDF81040D3F800A0BDF812300293BAF1F5
:10442000000F17D000235E4D039340F2FE3640F29A
:10443000FF38DAF80C30DAF818B0180CB44299B238
:10444000034647D05746DA4659B18C4209D0BBF1F2
:10445000000FEED1A4F2FE33012B54D813B0BDE807
:10446000F08F10B1029A9A42F1D17B6983B109F0C1
:1044700085FED7E90613002B42D09961B96909B1CD
:10448000FB69CB610023C7E90533FB6109F03CFE02
:1044900009F074FE2B687D6173B319469B69002B8C
:1044A000FBD18F61C7E9063109F02EFEBBF1000F89
:1044B000BFD1CFE788B1029A9A420ED0BBF1000F6C
:1044C000C8D0DBF80C30DBF81820180C99B2034682
:1044D000DA4693464145B5D1ECE7039B43B3BBF1C4
:1044E000000FB7D0DBF80C30DBF81820180C0127D0
:1044F00099B203970346EBE7C7E906332F60D3E78A
:104500007B691960BAE7102300932146D9F800406F
:10451000244B029A08A800F0FFFE2368224A9B68F9
:10452000934232D108A800F013FF13B0BDE8F08F1A
:10453000DAF8143093B109F021FEDAE9062343B327
:104540009A61DAF8183013B1DAF81C20DA61002326
:10455000CAE90533CAF81C3009F0D6FD09F00EFE91
:104560000F4ACAF81420136853B11A469B69002BEE
:10457000FBD1C2F818A0CAE9063209F0C5FDAEE7C2
:10458000CAE90633C2F800A0F7E708A92046984711
:10459000C8E7DAF814301A60D3E700BF4C5900209E
:1045A00054590020F9430200F9D701004059002076
:1045B00038B509F0E3FD1F4B1C685CB363697BB140
:1045C00009F0DCFDD4E906230BB39A61A3690BB1B2
:1045D000E269DA610023C4E90533E36109F094FD7F
:1045E00009F092FD00232361636223681D4609F0F0
:1045F00029FE0146284609F031FE09F0BFFD0E4BA9
:104600001A6822621C6009F07FFD204638BD63698C
:104610001A60DBE7282011F0D2FF21462822044649
:1046200012F012F809F012FE0023C4E90003A3609F
:10463000D6E700BF48590020445900200C4B1B68A6
:104640001A69D2070AD500B50A4A106883B038B192
:10465000596A416200225A6203B000BD1846704791
:104660000193FFF7A5FF034A019B1060F0E700BF2D
:10467000605900205C59002070B582B0CDE900215E
:1046800005461E46FFF794FF0446DDE90032294641
:10469000006809F0EDFD2268154609F0D3FD011F01
:1046A000284609F0D9FD2068A6B10F4909F0D2FDCE
:1046B00009F064FD0D4A626113686BB11A469B698B
:1046C000002BFBD19461C4E9063209F01DFD2046A0
:1046D00002B070BD0649E9E7C4E90633146009F089
:1046E00013FD204602B070BDD94C02005459002081
:1046F0009D4C0200F0B54D4C2378DB0783B07CD491
:104700004B4D2860FFF754FF4A4B0646186009F0EE
:1047100035FD494A72611368002B70D01A469B69B7
:10472000002BFBD19661C6E9063209F0EDFCFFF7DC
:104730003FFF424E0768306009F084FD011F384694
:1047400009F08AFD33683E49186809F083FD2E6838
:10475000002E4ED0282011F032FFC02300930022FB
:10476000384B40F2FF31074600F0D6FD3368364A39
:104770005B68934253D1384600F0EAFD384611F0A9
:104780001CFF28202E6811F01AFFC023009300227E
:104790002C4B40F2FE31074600F0BEFD33682A4A3A
:1047A0005B68934235D1384600F0D2FD384611F0AF
:1047B00004FF00230F22002100934FF47A600123AD
:1047C00002F0EEF928202E6811F0F9FEC0230093C4
:1047D00001221E4B0F21054600F09EFD33681A4A48
:1047E0005B6893420FD1284600F0B2FD284611F0D5
:1047F000E4FE237843F00103237003B0F0BDC6E963
:104800000633166091E72946304698470028F0D0D5
:10481000E9E73046394698470028CAD0C3E7304612
:10482000394698470028ACD0A5E700BFAF6200200A
:104830004059002060590020545900205859002048
:10484000414B0200F9430200F1D701005943020035
:10485000024B187800F00100704700BFAF620020E3
:10486000F0B5334C236885B01BB1324B1B78DB07A6
:1048700002D4314805B0F0BD0E460546FFF7DEFE16
:1048800045EA0643C3604369A3B1039009F076FC8F
:104890000398D0E90623002B3DD09A6183690BB1C0
:1048A000C269DA610023C0E90533C361039009F0EE
:1048B0002BFC0398039009F061FC204A03981368CD
:1048C00042615BB31A469B69002BFBD19061C0E942
:1048D000063209F019FCA5F2FE33012B02D80020A4
:1048E00005B0F0BD2820246811F069FEC0233246CF
:1048F00000932946124B074600F00EFD2368114A2B
:104900005B6893420ED1384600F022FD384611F024
:1049100054FE0020E4E743691A60BFE7C0E90633AC
:104920001060D6E73946204698470028D7D0EAE7F6
:1049300040590020AF62002016FCFFFF4C590020B8
:10494000F9430200F1D70100024B1868B0FA80F079
:10495000400970475459002010B5104C23789A072D
:1049600084B004D50E4B1B6873B104B010BD43F086
:1049700002002070012302220F21684605F008FC86
:10498000074B1B68002BF0D1237823F00203237020
:1049900004B0BDE81040FEF769BC00BFAF62002064
:1049A000545900202DE9F0415A4D2C682269D10755
:1049B00027D4594E594F33683968002B55D0606958
:1049C000B04262D08B422B6050D09C4242D08C428D
:1049D00042D0534B62699A423ED0206809F040FCB5
:1049E000064609F03FFCA16863682F68361ACB1AA7
:1049F0009E4260D8BB683A682068BDE8F04109F083
:104A0000B5BD484E2068336842F0020222611A693F
:104A10001C6842F004021A6109F028FC0146204695
:104A200009F01CFC3768386809F01AFC044609F0E4
:104A300019FCD7E90123241A9B1A9C4250D83368E9
:104A40009968186809F0D3FD2B68002232601A6952
:104A5000920740D4BDE8F0812A680021936812686B
:104A6000BDE8F041084609F081BD2960130711D562
:104A70002C60FFF771FF3368002BFAD09C422B604B
:104A8000E8D039688B42A2D107E0A069002818BF9E
:104A9000034697E72B689C42DCD00E6809F0D2FBF6
:104AA000011F304609F0D8FB3B681F49186809F020
:104AB000D1FB39688BE72C6009F0D4FB60682036A5
:104AC00026F01F0610BB304600F0A6FB8119C4E992
:104AD00001012F608EE7BDE8F041186809F0C1BD03
:104AE000D5F800802F6009F0BDFB7868203424F0F1
:104AF0001F0440B9204600F08FFB0444C7E90104BD
:104B0000C5F800809BE700F0CDFBF3E700F0CAFB9F
:104B1000D9E700BF6059002054590020585900209F
:104B2000485900205C590020414B0200034B1B7880
:104B3000DB0700D47047FFF735BF00BFAF6200202E
:104B400000B5134C134D85B001E0FFF72BFF237820
:104B5000990710D52A683AB1DA07F6D403F00202B1
:104B60004AB129680029FBD123F002032370FEF724
:104B70007DFB2378F0E743F0020C022201230F2192
:104B8000684684F800C005F003FB2378E2E700BF25
:104B9000AF6200205459002070B5374D2C6863690E
:104BA0008BB109F0EBFAD4E90623002B55D09A61BA
:104BB000A3690BB1E269DA610023C4E90533E3615B
:104BC00009F0A2FA2C682D4E09F0D8FA3368666114
:104BD000002B4CD01A469B69002BFBD19461C4E991
:104BE000063209F091FA33684BB19B693BB1002260
:104BF0001C469B690132002BFAD1032A1EDC2B686C
:104C000000221A611C6809F01DFB0146204609F0CC
:104C100025FB09F0B3FA1A4A296813688B4219D0A8
:104C20002BB11A6A91421FD01346002BF9D109F01B
:104C30006BFA144B1B78DB0712D470BDE269206855
:104C4000936100F02FFB606800F02CFB204600F021
:104C500029FBD4E71B6A1360E9E763691A60A7E7D9
:104C6000BDE87040FFF79EBE0A6A1A62DFE7C4E93A
:104C700006333460B5E700BF605900204859002072
:104C800044590020AF620020034B1B78DB0700D49F
:104C90007047FFF781BF00BFAF62002000B583B04F
:104CA0000191804701998847054B1B78DB0701D4A8
:104CB00003B000BD03B05DF804EBFFF76DBF00BFAC
:104CC000AF620020034B1B78DB0700D47047FFF76F
:104CD00063BF00BFAF62002000B5034683B010463B
:104CE000CDE900129847DDE900108847054B1B7895
:104CF000DB0701D403B000BD03B05DF804EBFFF7A0
:104D00004BBF00BFAF62002000283CD01F4B93F880
:104D100000C01CF0010F01D11D4870471D4A70B53D
:104D20000D46116804460869400701D1486A38B148
:104D3000194901232A462046FFF79EFC002070BD3A
:104D4000086809F076FC134A1068016911F0020343
:104D50001E4614D141F0010101612846A0470D4AC9
:104D600012681169566221F0010010614A07E5D509
:104D7000064B1B78DB07E1D5FFF70EFFDEE721F0DE
:104D800003010161DAE76FF47A707047AF620020C7
:104D900016FCFFFF60590020C54C020030B5224DC3
:104DA0002B78DA0783B004D403B0BDE8304000F0BC
:104DB00075BB0190FFF742FC044601F0CDFE019B5C
:104DC00018446369E0607BB109F0D8F9D4E906239F
:104DD000F3B19A61A3690BB1E269DA610023C4E916
:104DE0000533E36109F090F909F0C8F90F4A6261EF
:104DF0001368ABB11A469B69002BFBD19461C4E9DF
:104E0000063209F081F92B78DB0704D403B030BDFA
:104E100063691A60DEE703B0BDE83040FFF7C2BD4A
:104E2000C4E906331460ECE7AF620020505900205B
:104E30002DE9F041364D2B6884B01BB1354C2378F9
:104E4000DA0703D4344804B0BDE8F0810F460646C3
:104E5000FFF7F4FB436946EA0742C260A3B103903F
:104E600009F08CF90398D0E90623002B43D09A610E
:104E700083690BB1C269DA610023C0E90533C361FC
:104E8000039009F041F90398039009F077F9234A58
:104E9000039813684261002B30D01A469B69002B9F
:104EA000FBD19061C0E9063209F02EF9A6F2FE337B
:104EB000012B08D82378DB0701D5FFF773FD00200D
:104EC00004B0BDE8F08128202D6811F078FBC023E4
:104ED0003A4600933146124B804600F01DFA2B688B
:104EE000104A5B6893420DD1404600F031FA4046CB
:104EF00011F063FBDEE743691A60B9E7C0E90633E6
:104F00001060D1E74146284698470028D2D0EBE709
:104F100040590020AF62002016FCFFFF4C590020D2
:104F2000F9430200F1D70100024B1878C0F380006A
:104F3000704700BFAF620020054A137818B143F0F4
:104F400004031370704703F0FB031370704700BF36
:104F5000AF6200200023C0E90011C36002727047F5
:104F6000434A1378DA0700D4704730B5044683B05B
:104F7000054609F003F92368013B1C462B6009F044
:104F8000C3F8002C01DB03B030BDFFF757FB4369CA
:104F9000A3B1019009F0F2F80198D0E90613002BB3
:104FA00058D0996183690BB1C169D9610023C0E907
:104FB0000533C361019009F0A7F80198019009F049
:104FC000DDF8019805F10C034361EB68002B44D038
:104FD00019469B69002BFBD18861C0E9063101901D
:104FE00009F092F809F0CAF82B689C4227DD019875
:104FF00043699BB109F0C2F80198D0E90613002B70
:1050000033D0996183690BB1C169D9610023C0E9CB
:105010000533C361019009F077F80198019009F018
:10502000ADF8144901980B684161D3B119469B69E9
:10503000002BFBD18861C0E9063109F065F809F061
:1050400063F80B4A1378DB079DD503B0BDE8304009
:10505000FFF7A8BC43691960A4E7C0E90633E8601C
:10506000BDE7C0E906330860E7E743691960C9E7AF
:10507000AF62002054590020036810B5C4680133A2
:1050800003604CB363697BB109F078F8D4E9062377
:105090001BB39A61A3690BB1E269DA610023C4E929
:1050A0000533E36109F030F809F068F80C4A6261F1
:1050B000136853B11A469B69002BFBD19461C4E974
:1050C0000632BDE8104009F01FB8C4E90633146089
:1050D000BDE8104009F018B810BD63691A60D9E73F
:1050E00054590020F8B5C468054644B303681A4E05
:1050F0000133002762692B6072B109F03FF8D4E9EF
:1051000006232BB39A61A3690BB1E269DA61C4E9A2
:105110000577E76108F0F8FF09F030F83368666159
:1051200093B11A469B69002BFBD19461C4E9063206
:1051300008F0EAFFEC6814B12B680133DAE72B7A48
:105140000BB96B682B60F8BDC4E906333460EFE738
:1051500063691A60D7E700BF54590020006800282F
:10516000B4BF40420020704738B583074FEA90052E
:1051700003D118B90025284638BD01350C4608F082
:10518000FDFFD4E9000C604538BF6C1C04D326E059
:1051900000EB8100604522D201680029F8DA21F095
:1051A00000434FEA810E50F82320002A00EB8101D2
:1051B0000CDB0FE0134443F00042026050F8232060
:1051C000002A4FEA830E00EB830103DA8C4522F0BC
:1051D0000042EFD89C4205D970446045DCD308F00A
:1051E00093FFC7E78445FAD902359D4203D200EB0D
:1051F0008505AC4509D8046824F00044054645F807
:10520000044B08F081FF284638BD1B1B43F00043C8
:1052100045F8043CF2E700BF002837D010B51C4A1F
:10522000137882B03BB11B49FFF79EFF034628B3BA
:10523000184602B010BD1849DFF864C00190DCF8D0
:1052400000400B7008F09AFFDFF848C0134B12497A
:10525000CCE900431B1B9B0843F0004323600B7801
:1052600001330B7008F050FF094A019809490123E6
:105270001370FFF779FF03460028D9D1019014205D
:10528000FDF7ECFF019B184602B010BD704700BF50
:10529000B062002070360020B162002000F80120CA
:1052A000AC20002088B1114B1A68824202D25B68A0
:1052B000834202D81E20FDF7D1BF50F8042C002AEB
:1052C00004DD42F0004240F8042C704700B583B082
:1052D00001901E20FDF7C2FF019B53F8042C42F001
:1052E000004243F8042C03B000BD00BF703600201C
:1052F00010B501FB00F282B010460192FFF78CFF5F
:10530000044628B10123019A0360002111F09CF9A1
:10531000204602B010BD00BF30B585B00446103045
:10532000CDE90221BDF82050019304F085FF0399D7
:10533000029A019B218062800021A3600022002349
:105340002046C4E90823E160A58005B030BD00BF58
:105350008288920703460AD5806840B100B583B0C1
:10536000019311F02AF9019B184603B000BD1846BD
:10537000704700BF82B030B5046A83B0CDE9062320
:105380000CB3236901225BB11C461B690132002B5F
:10539000FAD1092A04DD03B0BDE8304002B07047FD
:1053A000182011F00CF90546DDE90801DDE90623B6
:1053B0008DE80300284604F069FF256103B0BDE8CD
:1053C000304002B070470546182011F0F8F8044646
:1053D000DDE90801DDE906238DE80300204604F03D
:1053E00055FF2C6203B0BDE8304002B0704700BFEB
:1053F000D0E900C303F1005001380CEBC000844534
:105400000ED810B4034603E09445184605D8134659
:105410001C68A142A3F10802F6D9406810BC70478D
:105420004068704700B5D0E900E303F10053013B49
:105430000EEBC30CE6450DD8634603E096459C464B
:1054400007D8134618688142A3F10802F6D9DCF8A0
:10545000000000BD5EF8330000BD00BF00B5D0E91C
:1054600000E303F10053013B0EEBC30CE64511D8FA
:10547000634603E096459C4607D813461868814268
:10548000A3F10802F6D9DCF80000081AB0FA80F09F
:10549000400900BD5EF83300F7E700BF01F036BCFD
:1054A00001F008BCFEF7E4BD10B5094B82B0002442
:1054B000C0E900340190FEF779FE0198054AC388DF
:1054C000026043F480530481C38002B010BD00BF6A
:1054D000647703008877030000B5054A83B0002392
:1054E0000260C3800190FEF7CFFE019803B000BDBB
:1054F0006477030000897047807A704710B50368AD
:1055000082B004468172DB6A9847236808499B6A27
:105510008B42024604D1A07AA072104602B010BDA0
:10552000019020469847019AA072104602B010BD23
:10553000F954020010B503680446DB6A82B00181A9
:105540009847236808491B6A8B42024604D1208988
:105550002081104602B010BD019020469847019A64
:105560002081104602B010BDF554020010B5184B52
:1055700084B0002403604460CDE902100192FEF77C
:1055800015FE0398134B036090F83630019A029988
:10559000828023F00E034FF0140C80F83630022284
:1055A0004FF00113C0E90344C0E90544C0E90744D2
:1055B000C0E90E33A0F808C04162C480827204635F
:1055C000848680F84040A0F8424004B010BD00BF7F
:1055D00064770300B0770300C36813F5C87F30B564
:1055E00080F2948090F8362012F0020E0BD0022246
:1055F00090F83610B2FA82F2520962F3410180F853
:1056000036104FF0010E016911F5C87F44DA90F8A9
:105610003620550748D5042290F836E0D0F814C05B
:10562000B2FA82F2520962F3820E1CF5C87F80F84A
:1056300036E07CDA5FFA8EF2140709D5082290F87A
:1056400036E0B2FA82F2520962F3C30E80F836E015
:1056500090F84020032A09D80132D2B2012A80F8FA
:10566000402000F08480042A00F08880B0F842E0F6
:1056700090F836400EF1010E1FFA8EFE14F001056F
:10568000A0F842E061D1BEF1090F21D9013AA0F89A
:10569000425080F840201BE0B1F5C87F04DD90F84F
:1056A000362012F00402B7D0D0F814C01CF5C87F21
:1056B00038DBBCF5C87F04DD90F8362012F0080214
:1056C000BDD0BEF1000FC3D190F84020002ACDD14B
:1056D00001FB01F22F4803FB03220CFB0C22824248
:1056E0002FD913F5487F3EDBB3F5487F3DDC11F53C
:1056F000487F41DBB1F5487F3CDC1CF5487F22DB6D
:10570000BCF5487FCCBF0620002030BDB3F5C87F74
:1057100005DD90F8362012F002023FF469AF4FF039
:10572000000E70E790F83620120787D4C9E7BCF561
:10573000C87F8DDD90F8362012F008023FF47FAF6D
:1057400086E7072030BD052030BDBEF11D0FBFD953
:10575000224622F0010280F836200022A0F84220E2
:1057600080F84020B4E7032030BD042030BDA0F80D
:105770004220ADE7012030BD022030BD90F8363028
:10578000002243F0010380F83630A0F842200B20BD
:1057900030BD00BFFF700200D0E9031230B501FB3D
:1057A00001F1456902FB021205FB0525B5F5800FE5
:1057B00085B0044616D9038F002B4CD0B5F5100FD9
:1057C00025D8012384F831302046FFF705FF0B2848
:1057D00014D0A38E834230D00023A08684F83030CA
:1057E00005B030BD90F83130042B55D90023C0E905
:1057F0000E332046FFF7F0FE0B28EAD16086024602
:1058000001230D21684604F0C3FC05B030BD638F51
:1058100083B3B5F1107FD4D9A38FA3B3B5F1806F53
:10582000CFD9E38F002BCCD101230A220D2168466A
:1058300004F0AEFC0123E387C3E794F83030628EB6
:10584000042B14D80133DBB2824284F83030C7D045
:10585000052BD3D0C4E701230C220D21684604F0A8
:1058600097FC0123B5F5100F2387AAD9CFE7824211
:10587000C4D1B5E7012308220D21684604F088FC55
:1058800001236387C5E7012309220D21684604F03F
:105890007FFC0123A387C1E7013393E710B50446DA
:1058A0008AB0216AD4E906230091616A02A804F053
:1058B00059FC02A807C8E38804F10C0C23F002038A
:1058C0008CE80700E3802046FFF766FF0123A188EC
:1058D0001A4606A804F05CFC00200AB010BD00BF08
:1058E00010B5036804461B6B9847E06810BD00BF05
:1058F00010B5036804461B6B9847206910BD00BFB4
:1059000000B5054A83B000230260C3800190FEF712
:10591000BBFC019803B000BD6477030000897047A9
:1059200030B50446D4E90D12E568E36B491B2569DF
:10593000521B65695B1BA56905FB01F189128BB0E0
:105940006163E16901FB02F2216A01FB03F39B122F
:105950009212A263E3630093D4E90D23216C02A8A1
:1059600004F000FC02A807C804F1280383E807003C
:105970000123A1881A4606A804F00AFC00200BB0F7
:1059800030BD00BF10B503680446DB6982B00181F9
:105990009847236808495B6A8B42024604D12089F4
:1059A0002081104602B010BD019020469847019A10
:1059B0002081104602B010BD1D59020010B5154BD4
:1059C00084B0002403604460CDE902100192FEF728
:1059D000EDFB0398104B0299019A03604FF480632A
:1059E000C0E90543C0E907334FF0140C4FF480536E
:1059F000C0E90344C0E90944C0E90B44C0E90D44CF
:105A0000C0E91014C4638280A0F808C0C38004B049
:105A100010BD00BF64770300F077030084B030B599
:105A20000DF1100C8CE80E00C588044600F10C0E38
:105A3000BCE80F00AEE80F009CE8070045F0020547
:105A40008EE80700E580BDE8304004B0704700BF35
:105A50004164704710B50B6884B00446039102920C
:105A60009B6A084698470399029AC86B01F1340370
:105A7000096CCDE9000220460CCB04F01DFB20464A
:105A800004B010BD00B5054A83B000230260C38096
:105A90000190FEF7F9FB019803B000BD64770300A5
:105AA0000089704740897047FF299ABF0173002021
:105AB0006FF47A70704700BF007B7047704700BF7B
:105AC00000B50A89B1F80AC085B00023CDE9002CE1
:105AD00010311A46039004F01FFE039805B000BD74
:105AE00010B5074B044640F8103B04F0E3FB054AB1
:105AF000226000232046E380FEF7C6FB204610BD4F
:105B0000287803006477030010B5094B044640F879
:105B1000103B04F0CFFB074A22600023E3802046BD
:105B2000FEF7B2FB204610F048FD204610BD00BF36
:105B3000287803006477030070B515460D4A82B0DB
:105B400002600022044642600E460193FEF72EFBDF
:105B50002046094A40F8102B31B22AB204F0ECFB7F
:105B6000019B2681FF22204665812273A38002B01B
:105B700070BD00BF64770300287803006FF47D7068
:105B8000704700BF6FF47D70704700BF6FF47D7089
:105B9000704700BF6FF47D70704700BF2DE9F0477C
:105BA0009DF820A0002A3BD0002B39DD0D4601686E
:105BB0001D4F99468B68BB420646144623D10B699C
:105BC000DFF86880434525D109F1FF352544013CC4
:105BD00003E0AC420AD032681369434504F1010482
:105BE000F7D0217830469847AC42F4D1BAF1000F93
:105BF00002D00020BDE8F0873368DB68BB42F8D0F4
:105C000030469847F5E798473168DFF820800B6900
:105C10004345D9D0E9B23046984733681B69D3E78A
:105C20006FF47A70E6E700BF8D5B0200955B0200BF
:105C300010B5046884B0246A8DF80C20084A8DF8E9
:105C40000D3094424FF00003009303AA4FF002037B
:105C500003D1FFF7A3FF04B010BDA04704B010BDEF
:105C60009D5B020010B504680A4B246A84B09C4214
:105C70004FF000038DF80F2000930DF10F024FF04D
:105C8000010303D1FFF78AFF04B010BDA04704B0A1
:105C900010BD00BF9D5B02002DE9F84F9DF828A0C4
:105CA000002A4FD0002B4DDD91460268274F1D463C
:105CB0009368BB4206460C4632D11369DFF89080E8
:105CC000434534D16B1E9B4617D0023D4D4409F12C
:105CD000FF3404E004F8010FA54232680CD0536988
:105CE00043454FF00B00F5D000213046984704F8AB
:105CF000010FA5423268F2D1D944536943451DD101
:105D00000B2089F80000BAF1000F02D00020BDE896
:105D1000F88F3368DB68BB42F8D030469847F5E728
:105D200098473268DFF8288013694345CAD044F0A9
:105D30000101C9B2304698473268C3E701213046B5
:105D40009847DEE76FF47A70E1E700BF8D5B0200F1
:105D5000955B0200F0B587B01F469DF834308DF892
:105D60000F20044602680E46EBB1136A1A461D4620
:105D70001A4B9A424FF0010300930DF10F0225D107
:105D8000FFF70CFF68B923689B6A00901A461D460E
:105D9000134B9A4231460C9B3A4620461BD1FFF7E3
:105DA0007BFF07B0F0BDD569DFF838E09DF80FC084
:105DB00075450DD1126A8DF817C01546074A009334
:105DC00095424FF001030DF11702D9D0A847D9E74A
:105DD0006246A847D6E7A84707B0F0BD9D5B020022
:105DE000995C0200655C020070B50368DFF86CC066
:105DF000DD6A654584B022D11D6A164B8DF80F20EF
:105E00009D424FF0010304460E4600930DF10F0230
:105E10001ED1FFF7C3FE80B922680F4B956A009030
:105E20009D420DF10E024FF00103314620460DD187
:105E3000FFF732FF08B99DF80E0004B070BD0123D2
:105E4000CDE900330DF10E03A847F3E7A847F1E7CA
:105E5000A847E0E79D5B0200995C0200555D0200E7
:105E6000024B036000228280704700BF6878030005
:105E70006FF47D70704700BF407970474171704783
:105E800019B30B68934215D070B5144606460D46FB
:105E900023B11A680E49126E8A420DD13CB12168B5
:105EA0000C4ACB6D93424FF000020AD132712C6044
:105EB000002070BD0020704718469047002CEED19E
:105EC000F5E7314620469847F1E76FF47A7070475E
:105ED000BD010200B90102000EB42DE9F04388B003
:105EE0000FAB53F8045B0293297861B3044606E0D4
:105EF000236820469B6901359847297819B32529DD
:105F0000F6D1029A6B78101D252B029005F102053F
:105F10005AD0583BD9B220291AD81668202B17D846
:105F2000DFE803F081161616161616161616164C0E
:105F300033161616161616161616161616161626D4
:105F400016161616570008B0BDE8F04303B07047A8
:105F500023683F219B692046984723683F219B691E
:105F60002046984723683F219B6920469847C4E70D
:105F7000317801360029C0D0236820469B699847B4
:105F8000317801360029F7D1B7E7002303A930465D
:105F9000CDE90333CDE905330793FEF729F89DF8E2
:105FA0000C100029A9D00DF10D06236820469B692D
:105FB000984716F8011B0029F7D19EE72368F1B234
:105FC0009B692046984798E7236820469B69984735
:105FD00093E701274FF01C0826FA08F101F00F01A2
:105FE00001F13002392A4FF008094FF0000316DDA5
:105FF000DFB15731236820469B699847012309F197
:10600000FF3919F0FF09A8F104083FF476AF26FA2A
:1060100008F101F00F0101F13002392AE8DC302AE1
:1060200005D0D1B2E6E70027D4E73731E2E73BB14C
:10603000226801939269302120469047019BDEE758
:10604000B9F1010F09F1FF30F2D0A8F1040826FAE6
:1060500008F101F00F0101F13002392A5FFA80F9ED
:10606000C6DC302AECD0DCE7C389DB0600D47047FD
:1060700010B5044684B0818901230422684604F0E7
:1060800087F8E38923F01003E38104B010BD00BF5B
:10609000C388DB0600D4704710B5044684B08188FD
:1060A00001230422684604F073F8E38823F0100308
:1060B000E38004B010BD00BFC3895B073ED52DE966
:1060C000F0418369B3F90270002F84B005460E4693
:1060D00014DD002402E00134A7420FD021B205F103
:1060E000180004F08BFDB042F5D10123A9891A46AE
:1060F0006846013404F04CF8A742EFD1EB8C95F8D8
:1061000024209BB20133B3FBF2F102FB11332A8D41
:106110009BB29A421DD0EA8C296A92B28E54EB84CB
:10612000EB69002B03DBEA8C92B2934207D0EB8938
:1061300043F01003EB8104B0BDE8F08170474FF0ED
:10614000FF33EB61A98901230222684604F020F89D
:10615000EDE7A98901230322684604F019F804B089
:10616000BDE8F081C3891B0719D530B5838EC16A9C
:1061700002689BB20446C95C926985B09047A58EBF
:1061800094F83030628EADB20135B5FBF3F103FB0C
:106190001155ADB2AA4203D0A58605B030BD7047F7
:1061A0000222012340F2FF31684603F0F1FF236829
:1061B00001219B6820469847A58605B030BD00BFE9
:1061C00038B5C5896B07044607D5036800219B686D
:1061D0009847206AFFF766F8E58994F8240025F0CF
:1061E0000403E381FFF718F8206258B12368002107
:1061F00045F004055B68E1842185E58120469847E8
:10620000002038BD6FF47B7038BD00BF2DE9F04F22
:1062100085B08846C98900AFCC0778603B6000F143
:10622000D7804B07154640F1C480B8F82640B8F82F
:106230002890A4B241F00101A145A8F80E1000F089
:1062400017812A684C46B2F90230002B74DDD8F869
:106250002020165D4FF0000A4FF0FF3B0FFA8AF145
:10626000284604F0CBFC2A68B2F902100AF1010AB0
:10627000B04208BFA3465145F0DC98F82410B8F8A6
:10628000263001349BB294FBF1F001FB1044A34291
:1062900000F0A580BBF1FF3FD5D0BBF1000FC0F2ED
:1062A0009080D945C3BF98F82460A6EB09065E44E8
:1062B000ABEB090606F1080323F007036C46ADEBD0
:1062C000030D721C002168461FFA8BFB10F0BCF90D
:1062D000D94598F824006D4613D0D8F820C00DF1A8
:1062E000FF3209F10103B3FBF0F100FB11331CF89D
:1062F000091002F8011F1FFA83F9CB45F1D198F874
:106300002400B8F828302946B8F80E500133334439
:1063100025F00105A8F80E5093FBF0F500FB1533AE
:1063200032B27868A8F8283004F0BCFBA54678683B
:106330001437BD46BDE8F08F98F82410B8F8263021
:1063400001349BB294FBF1F001FB10449C427FF4BA
:106350007AAF3B68012B52D03B68022B31D12946E2
:1063600007F10C0004F0CAFB07F10C0108F118005A
:1063700004F0D2FB0121B8F80C00FEF759FD07F13B
:106380000C0004F013FBB8F826309BB203F1FF3B7E
:10639000002B74D007F10C0004F0B8FB07F10C01DE
:1063A00008F1180004F0B8FB07F10C0004F0FEFA45
:1063B00077E74046FFF704FF00284BD1B8F80E10EE
:1063C00033E7B8F80E10786821F00101A8F80E1034
:1063D00004F09CFB78681437BD46BDE8F08F3B683D
:1063E000012B08D03B68022B7FF457AFBBF1FF3F76
:1063F0007FF453AFB3E7BBF1FF3F7FF44EAFB8F884
:1064000026309BB2A342FAD0B2F90230002B27DD2E
:10641000D8F82020165D4FF0000A4FF0FF3B0FFA2E
:106420008AF1284604F0EAFB2A68B2F902100AF160
:10643000010AB04208BFA3465145F0DCBBF1FF3F63
:106440007FF42BAF98F82430013494FBF3F103FB75
:106450001144D4E778686FF47B7104F0AFFA66E713
:1064600098F82430013494FBF3F103FB1144C6E7A0
:106470003B68012B16D03B68022BA4D16FE707F1D4
:106480000C0098F824B004F041FB07F10C0108F16E
:10649000180004F041FB07F10C000BF1FF3B04F086
:1064A00085FAFAE62A68AAE72DE9F0431746234A57
:1064B00083B000250260224A826004468580C56060
:1064C0000830884601939DF82860BDF82C90FDF7B0
:1064D0006DFE1C4A22603832A260C4E9048704F1D0
:1064E000180004F013FB019BE584013384F8243089
:1064F00001364FF0FF33E361424604F11001A4F886
:106500000C9084F830602562E56225856586A58655
:106510002046FFF7B5FC3A4604F114012046FFF788
:10652000AFFC094B1A683AB1E389204643F4804333
:10653000E38103B0BDE8F0831C60F5E7A4780300B5
:1065400064770300B07803006459002010B5044656
:10655000002936D001291BD0022917D1E3895B0716
:1065600039D5E28C238D92B2934219D10221A089B0
:10657000FEF776F9E38C94F824209BB20133B3FB49
:10658000F2F102FB1133E361FEF7D0FA238D07E04D
:10659000E3895A070FD5E28C238D92B29342F7D04C
:1065A000216A94F82420C85C0133B3FBF2F102FBAA
:1065B0001133238510BD2046FFF702FE0028EAD0E4
:1065C000E4E7C38959070BD5E28C238D92B293423D
:1065D000E6D1064810BDFFF7F3FD0028C1D0D5E78E
:1065E000FFF7EEFD0028EFD0D0E700BF0CFCFFFF67
:1065F00038B50D1E06DB0368DB680446984700B912
:10660000A56338BD6FF47A7038BD00BF828E438EAB
:1066100092B29A4288BF90F83010828E86BF5B1883
:1066200092B292B2981A7047094B10B503F1380232
:10663000044603608260183004F0B8F9054AA2608D
:10664000002304F10800E381FDF71EFE204610BD83
:10665000B07803006477030008B5C06803681B6B5B
:106660009847002008BD00BF08B5C06803689B6A52
:106670009847002008BD00BF70B5054684B0CDE93D
:10668000023207F07BFDEC68697C25680191AE6CF5
:10669000ED6B2046B047039A029B01990A2A73F1D9
:1066A000000338BF0A2202442046A84704B0BDE8D0
:1066B000704007F029BD00BF10B5044607F05EFD2D
:1066C000E06803689B6C9847D4E9083162686060B1
:1066D000821A9B182362A3681A4441F10001B2F5A3
:1066E0007A7F6162A26012D3D4E90631013341F1AD
:1066F0000001581CA2F57A728C4641F10001B2F5F6
:106700007A7F9E460346F4D2C4E906ECA260BDE857
:10671000104007F0F9BC00BF00B583B00190FFF74F
:10672000CBFF0198D0E9060103B000BD2DE9F04789
:10673000466BBDF82080BDF824909DF828A0002E5F
:106740003ADDC46A0546002103E0B14204F11804B1
:1067500032D0208A01310028F7D128461F4616463C
:10676000FFF7AAFF2B6A6A6AF11842EB0702BAF137
:10677000000F25D153465046C4E900300B9B63619E
:10678000C4E90212A4F81080A4F8129007F0F6FCF5
:106790002B6B33B1D3E90202A168E36881429341D4
:1067A00005D22C6332463B462846FFF765FF07F0CB
:1067B000ABFC0020BDE8F0876FF47B70BDE8F0878C
:1067C00033463846D8E700BFD0F834C0002294459D
:1067D000026325DD30B5C36A86461046198A013248
:1067E00059B138B19C688568C168AC42DC6874EB0B
:1067F000010102D2CEF830301846624503F1180389
:10680000ECD160B1DEF820308268D21A0A2AB8BF13
:106810000A227046D317BDE83040FFF72DBF30BDC8
:10682000704700BF2DE9F04F064689B061B1C468DA
:10683000077C23682046DD6B9B6C9847384A0346EB
:10684000394620469A18A8473046FFF735FFD6F854
:1068500034C06246002A47DD0025F46AA8460127B5
:1068600019E0D4E9009A59EA0A0B628A42D1336BE3
:106870004FF00000A342208243D0CDE900EC029704
:1068800004A803F0AFFC726B08F101080135AA42BD
:1068900004F1180425DD218A0029F7D0D6F820E07C
:1068A000A368D6F824C0E0689E457CEB0009D8D2E6
:1068B0006369DB07EAD5FEF737FB60B1D6E908323A
:1068C000184913EB010EA16842F100007145E1681F
:1068D00071EB000018D3726B0135AA4204F1180461
:1068E000D9DCB8F1000FB5D1304609B0BDE8F04FA2
:1068F000FFF76ABF13EB090340EB0A00C4E902305B
:10690000BBE700233363B8E7CDE9003201230293EC
:10691000052240F2FF3104A803F064FCDBE700BF6E
:1069200080969800A0860100084B1B6863B11A7C12
:1069300040FA02F111F0010103D001211846FFF7DE
:1069400071BF1846FFF76EBF704700BF6C5900203B
:10695000416BC36A01EB410103EBC1018B424FF074
:10696000000023D21A8AEAB15A69D2071AD5C0B1F7
:1069700030B4D3E902428568AC42C468A2410AD36C
:10698000183399420BD91A8A002AF9D05A69D407C8
:10699000F6D50028EDD1184618339942F3D830BC0B
:1069A0007047184618339942DCD87047704700BFCB
:1069B00070B505460C4607F0E1FBE86803689B6C80
:1069C00098476A682B6A6860821A9B182B62AB68CA
:1069D0001A446B6AAA6043F10003B2F57A7F064657
:1069E0006B6212D3AB69E969013341F10001581CB4
:1069F000A2F57A728C4641F10001B2F57A7F9E468B
:106A00000346F4D2C5E906ECAA60E86803681B6B8C
:106A1000984707F079FB0023C4E90063D5E9080132
:106A200070BD00BF2DE9F843DDE90867044615464F
:106A300007F0A4FB56EA07032CD0236A9B192362B4
:106A4000636A47EB03036362304639464FF47A7258
:106A500000230FF0F9FBA369C318E069A36140EBC1
:106A60000101A068E1610244B2F57A7FA26010D30F
:106A7000013341F10001581CA2F57A720E4641F132
:106A80000001B2F57A7F1F460346F4D2C4E90676C8
:106A9000A26065602046FFF70FFE676BE36A07EBB5
:106AA000470703EBC7070022BB422263D4E908264D
:106AB00035D212F10A0C46F1000612E06245B141EE
:106AC00001D2C3E902C6226B3AB195689968D268CF
:106AD000D868A94270EB020200D2236318339F42A8
:106AE0001DD91A8A002AF9D0D3E9000E50EA0E0502
:106AF000D3E90221E2D082184EEB0101624571EB2D
:106B00000605E0D2851890462A460D464EEB010157
:106B1000624571EB0609F5D3C3E90285D3E7E06866
:106B200003689B6C98470546E068094A0368217C26
:106B3000DB6BAA189847236B33B1E068617C03686C
:106B400005F10A02DB6B9847BDE8F84307F0DCBAB1
:106B500080969800704700BF074B186848B100B591
:106B600083B00190FFF7A8FD0198D0E9060103B0BA
:106B700000BD0020002170476C590020074B1868A9
:106B800048B100B583B00190FFF796FD0198D0E9B8
:106B9000080103B000BD0020002170476C5900209F
:106BA00010B50A4C246884B074B101930B46069961
:106BB0000391944601210246CDF800C0204602917F
:106BC000FFF7B4FD04B010BD0148FBE76C5900208D
:106BD00016FCFFFF70B50E4D2C68B4B12046FFF7D0
:106BE0006BFD0C4B266A42F2107098472C682046C9
:106BF000FFF762FD236A0849053B9B1B42F21072B6
:106C00000020B2FBF3F20A6070BD044870BD00BF03
:106C10006C590020592000206859002016FCFFFF05
:106C200070B5044616461E481E4A63740A230D4674
:106C30002060E160636301212674F0201460FEF798
:106C400057FB00230022C4E90B030023C4E90623F9
:106C5000C4E908232B681449DA698A421AD1134A15
:106C6000EA603146124ADB6B28469847E0680368C1
:106C70005B6A9847E0680023A36003689B6C9847B1
:106C8000E36860601A681846936A9847FFF7A2FFA6
:106C9000204670BD284605499047E5682B68E0E727
:106CA0000C7903006C590020E9D701002969020022
:106CB00080969800F8B5114E3468E4B1104B054643
:106CC000186890B92046FFF7F7FCD4E90837ED18AB
:106CD00047F1000734682046FFF7EEFCD4E90823AB
:106CE000AA42BB41F6D30020F8BD05FB00F0054BDE
:106CF00098470020F8E70448F8BD00BF6C59002011
:106D0000685900205920002016FCFFFF4FF47A73C9
:106D100003FB00F0FFF7CEBF064B1B681BB101461B
:106D20001846FFF745BE00220023C0E9002319469C
:106D3000104670476C590020DFF830C0DCF800C006
:106D4000BCF1000F0DD000B543EC172B83B0024609
:106D50008DED007B60460B46FFF764FE002003B01C
:106D600000BD0148704700BF16FCFFFF6C590020B2
:106D7000084B1B685BB110B504461846FFF7E8FDE9
:106D800020B1D0E90223C4E90023012010BD184638
:106D9000704700BF6C590020C3880D4A23F400538C
:106DA00010B504460260C3802C3003F083FA04F16E
:106DB000240003F0FBFD04F11C0003F0F7FD054A7D
:106DC000226000232046E380FDF75EFA204610BDD6
:106DD0001C79030064770300C3880F4A23F400532F
:106DE00010B504460260C3802C3003F063FA04F14E
:106DF000240003F0DBFD04F11C0003F0D7FD074A7B
:106E000022600023E3802046FDF73EFA20460FF083
:106E1000D4FB204610BD00BF1C790300647703003B
:106E200030B5174B83B00025044603604560CDE9BB
:106E30000021FDF7BBF9134B01992360A16004F118
:106E40000C0003F00DF904F11C0003F05FFE04F1E7
:106E5000240003F05BFE04F12C0003F067FA009AB3
:106E6000A2804FF440532046E3802575C4F81650A5
:106E7000258484F822502585256303B030BD00BFEA
:106E8000647703001C7903002DE9F0410446806813
:106E900084B00121103003F011FC94F92230042B4E
:106EA00006DCE269B4F92010B2F902208A421CDC47
:106EB00001335DB2A06884F822500368DB6998470B
:106EC0000130854202D004B0BDE8F081E169B4F937
:106ED0002030002284F82220B1F90210994233DDDB
:106EE0000133238404B0BDE8F08104F11C0003F0F9
:106EF00085FE014604F10C0003F0C4F8054690B38A
:106F000094F92230A0680122C3F1040302FA03F7C6
:106F10000368DB69984701386E1E5FFA80F8002528
:106F2000324612F8013F1F42164605D10135052DA4
:106F3000F6D194F92230BBE7A068FF232AB241467C
:106F4000103003F0AFFAF1E70123A18822756846FB
:106F50001A4603F01DF901231A4640F2FE31684635
:106F600003F016F9AFE7202104F10C0003F08AF8D2
:106F70000546C5E730B5426AB0F92810B2F90220DB
:106F800083688A4285B0044603F1100510DC202195
:106F900000231A46284603F047FB626AB4F92830FA
:106FA000B2F902209A4208DB0133238505B030BDD7
:106FB000243003F023FE0146EAE701230022A188E2
:106FC000227568461A4603F0E3F801231A4640F298
:106FD000FE31684603F0DCF805B030BD10B504465C
:106FE000806886B0103003F053FAA068B4F93020FE
:106FF00000230093103004F12C0103F06DFA10B956
:1070000094F8333053B994F932303BB1218E0122D8
:107010000B44238684F8332006B010BD01230022E0
:10702000A188227502A81A4603F0B2F801231A4675
:1070300040F2FE3102A803F0ABF806B010BD00BF6D
:1070400030B504468068B4F93050036887B0DB6916
:107050009847E36A94F932105B88CB1A03449D4247
:1070600002DC94F833307BBBB4F93020002A12DC08
:10707000A06800230093103004F12C0103F02CFAD7
:1070800094F932207AB1218E01230A4484F83330F6
:10709000228607B030BDA0684942103003F00EFBD5
:1070A000B4F93020E4E70123A188227502A81A462A
:1070B00003F06EF801231A4640F2FE3102A803F0F5
:1070C00067F894F93220DEE7237D062B10D00123E8
:1070D0000022A188227502A81A4603F059F801235C
:1070E0001A4640F2FE3102A803F052F807B030BD54
:1070F000A068103003F0CCF9E9E700BF037DFBB1D5
:10710000038BC18A04339BB299420246038317D88A
:1071100000B5037D0021022B87B0018323D0137DAE
:10712000032B1AD0137D042B11D0137D052B08D00F
:10713000137D062B05D0137D072B19D007B000BD9A
:10714000704710460192FFF77BFF019AF3E7104664
:107150000192FFF743FF019AE7E710460192FFF71C
:1071600009FF019ADEE70190FFF78EFE019AD6E74C
:1071700001230021117502A891881A4603F008F82E
:1071800001231A4640F2FE3102A803F001F8D5E7C8
:10719000FFF7B4BF10B5037D84B0044633B9A068CF
:1071A000103004B0BDE8104003F072B90123002292
:1071B000818802751A46684602F0EAFF01231A46E2
:1071C00040F2FF31684602F0E3FFE8E730B50B46D6
:1071D00009684988012983B0044616D0002A27DDB2
:1071E000017D11B1017D012920D100251946258598
:1071F00004F12400019203F08FFC019AE282032340
:1072000025832375002003B030BD0021184603F00C
:10721000F5FC237D014613B1237D012B06D1A06827
:1072200000231A46103003F0FFF9EBE70248EAE7C3
:107230006FF47A70E7E700BF12FCFFFF30B583B050
:107240000446079800281CDB207D10B1207D012812
:1072500015D1A0689DF818C0CDF800C01BB212B2BD
:10726000103003F039F9079B13B9002003B030BD8B
:107270000799E1820022072322832375F5E702485C
:10728000F4E76FF47A70F1E712FCFFFF131E49DD9B
:1072900070B51E46037D82B004460D4623B909E051
:1072A000FDF7C6FD237D2BB1237D01218B4240F2EA
:1072B000FF30F5D1237D03F0FF01002B35D12B6882
:1072C0005B88012B1ED0294601A803F017FC32462B
:1072D00001A92046FFF77AFF01A803F067FB01210F
:1072E0000720FDF7A5FD134B984207D0002002B000
:1072F00070BD237D012BF9D006F06EFF237D002B9E
:10730000F7D1F3E7284603F079FC237D014613B15A
:10731000237D012B0BD1A06800231A46103003F007
:1073200083F9E3E76FF47A7070470348DFE70348B7
:10733000DDE700BF16FCFFFF11FCFFFF12FCFFFFA3
:1073400070B5161E15DD037D044613B1037D012BB8
:107350000DD1002584F82250258404F11C0003F08F
:10736000DBFB0223E68225832375284670BD024895
:1073700070BD6FF47A7070BD12FCFFFF10B5054B45
:10738000036003F130020446C260FEF7A5F8204610
:1073900010BD00BF4079030010B5064B036003F138
:1073A00030020446C260FEF797F820460FF005F958
:1073B000204610BD40790300C388DB0430D510B5EA
:1073C00003688AB05B6A04469847237EC8B10B2BDA
:1073D0001DD80133DBB2082B237618D8012BE288A5
:1073E00018D8D3071AD522F00302E2800123A1881E
:1073F000022202A802F0CCFE637E012B3CD0E28880
:1074000008E073B1013BDBB2082B2376E6D9E288B2
:10741000D10720D502F00303012B04D00AB010BD20
:107420007047E288DDE70193FFF796FB6269019BF5
:10743000801A40F2DC5261F10001904271F10001CA
:10744000ECD3E288A18842F00202E28006A805227D
:1074500002F09EFEE2E7012342F00102A188E280F1
:1074600006A81A4602F094FE238901332381FFF710
:1074700073FB237E6061B1E70193FFF76DFB6369E6
:107480000A46C01A62F10002B0F57A7F72F100027A
:10749000A188019B2CBF0422032206A802F078FEDB
:1074A000ADE700BF10B5C369D3F80CC000F10C0400
:1074B000A44582B023D00246BCF1000F08D0019051
:1074C000DCF800001946036860469847019AD369C2
:1074D000907EDC601C68D988646C01280E480CBF63
:1074E00041F4807121F480718442D9800CD1D0881C
:1074F00040F40050D08000F0010002B010BDC08800
:1075000000F0010002B010BD92F820100192184660
:10751000A047019AEBE700BF11F1010038B504461E
:1075200000F10C0528460121FEF7A8FCE0690A4A93
:1075300003685B6893420CD16FF47D72A37E9C1A42
:10754000B4FA84F4284600216409FEF797FC20462B
:1075500038BD98470246F1E745E1010000B5C28811
:1075600090F810C022F400524FF0000E83B0C28099
:10757000C1F80CE0BCF1000F0ED002680A49926914
:107580008A420CD1094A02603032C2600190FDF794
:10759000A3FF01980FF011F8002003B000BD904741
:1075A000002003B000BD00BF9973020040790300C2
:1075B00030F8063C027923F400534FF0000C20F819
:1075C000063CC1F80CC072B100B550F80C3C0E4935
:1075D0009B698B4283B0A0F10C0206D010469847FD
:1075E000002003B000BD00207047084B40F80C3C61
:1075F0003033036010460192FDF76EFF01980EF0E4
:10760000DCFF002003B000BD997302004079030045
:1076100041B1C288002122F00302C28001810176BB
:1076200000207047C269D2889205F9D570B5036809
:107630001D4A5B6A934286B006460D4613D100F19F
:107640000C03012118460193FEF718FCF069174955
:10765000026852688A421BD101982946FEF70EFC47
:10766000002006B070BD98470028F9D0F2880123A9
:10767000032142F001023176F280B1881A4602A855
:1076800002F086FD01233381FFF766FA7061E7E7B8
:107690009047B37E0446294601980193FEF7EEFB1E
:1076A000019BA342E2D0DBE71D75020045E101002A
:1076B00070B584B00446CDE902219DF820509DF8B4
:1076C00024600193FDF7F0FE019B63760A4B236073
:1076D00030330399029AE3600023E16184F820606B
:1076E000A280A5762046238263612376FFF7DAFE27
:1076F000204604B070BD00BF40790300417670475A
:1077000030B50446406885B000220023CDE900234F
:1077100002680223156922686946A847174B009A38
:107720009A4202D1019805B030BD144AA0680023E6
:10773000CDE90023E0B14FF4807200210EF084FF08
:107740009DE8030002ABC3E9000103CBA26810600F
:107750005160D4E9001003689B699847D4E901029D
:10776000056821686C694023A047019805B030BDC9
:107770004FF48070FDF750FDA060DCE7A10D0C0018
:1077800070B50023141E82B00546C0E901130B68D2
:1077900012DB1B6801910846984701990B68064661
:1077A0009B680846984704FB006028602846FFF75E
:1077B000A7FF284602B070BD5B6801910846984754
:1077C00001990B6806469B680846984704FB1060C1
:1077D000EBE700BF2DE9F04780468946FFF790FFB1
:1077E00058B307463020D8F800400EF0E8FE3022AB
:1077F000002106460EF028FF002F18DD0834002572
:1078000004E00135AF4204F1300413D0D8F804008D
:1078100001680C23D1F810A022463146D0473146EA
:1078200048460EF043FF0028EBD1AF4202D030466D
:10783000BDE8F08730460EF0C0FE00263046BDE8B9
:10784000F08700BF2DE9F04F0546A7B008460E4669
:10785000914698460EF042FF441C102C00F2F68030
:10786000B8F1200F00F2F28031462846FFF7B2FF50
:10787000074648B14246494610300EF0BCFE00288B
:1078800074D038460EF099FE2246314602A80EF01A
:1078900017FF4246494606A80EF012FF2846D5F8C3
:1078A0000090FFF72DFF3022804600210EA80EF039
:1078B000CBFEA868002800F0C0804FF48072002141
:1078C0000EF0C2FEB8F1000F40F3BD80002708247F
:1078D0001AAE0197686802680C23D2F810A00EA9AE
:1078E00004EB0902D04702A90EA80EF0DFFEAB6838
:1078F00000283FD00DF1380E03EB040ABEE80F005C
:10790000B446ACE80F00BEE80F00ACE80F009EE8FC
:107910000F008CE80F00B346DC46BCE80F00CAF845
:107920000C3026AB9C450AF1100A0BF1100B4AF8FB
:10793000100C4AF80C1C4AF8082CEDD10137B84558
:1079400004F13004C6D1019A002A48D0D5E90010CC
:1079500003689B699847D5E901020468296864694E
:107960004023A047002027B0BDE8F08F38460EF036
:1079700024FEF7E7384ACDE91A28324603CA1860D0
:107980005960AB680DF1080E03EB040ABEE80F0066
:10799000B446ACE80F00BEE80F00ACE80F009EE86C
:1079A0000F008CE80F00B346DC46BCE80F00CAF8B5
:1079B0000C3026AB9C450AF1100A0BF1100B4AF86B
:1079C000100C4AF80C1C4AF8082CEDD101370123A1
:1079D000B845019304F130047FF47CAFB3E7B8F10C
:1079E000050F36D008EB48021201083208F10103F6
:1079F0001B93194B1A93334603CBAF6838607960F9
:107A0000AF6802AC17440FCCB4460FC60FCC0FC6FC
:107A100094E80F0086E80F0064460FCCFB6026ABAD
:107A20009C4207F110070CF1100C47F8100C47F8B6
:107A30000C1C47F8082CEFD188E74FF48070FDF755
:107A4000EBFBA86039E708221AAECFE76FF47A7033
:107A500089E76FF47B7086E7A10D0C0003681B6B50
:107A6000184700BFF0B501894FF47A76044683B019
:107A700006FB01F12248FDF7D5FC224BA17AA3FBBE
:107A80000030800920812048FDF7CCFC626CA07298
:107A90001368B4F84C105D6AE38813F480730F46E2
:107AA00020D1104639462022A84738BB606C0168B7
:107AB00010234D6AB4F84C102222A847F0B9656C27
:107AC000A17A2B6810485E6AB4F84C40FDF790FC30
:107AD00060F07F03DBB2232221462846B04768B915
:107AE00003B0F0BD21890648019206FB01F1FDF7C4
:107AF0007FFC40F00703019ADBB2D2E70348EFE7CF
:107B0000B4790300D34D6210047A03000EFCFFFF2A
:107B100010B5034B03600446FDF7F2FE204610BD8E
:107B20007C79030010B5054B03600446FDF7E8FEC1
:107B300020460EF042FD204610BD00BF7C790300B8
:107B400008B50246C38841B9980504D523F40073EB
:107B500043F48043D380002008BDD905FBD50168DC
:107B6000DFF81CC0C96A23F4824343F40073614503
:107B7000C38003D1FFF776FF002008BD8847EAE7FE
:107B8000657A020070B5C388DA0586B004460BD466
:107B900002683949D26A43F482438A42C38068D179
:107BA000FFF760FF012600E00026344DA06C02685C
:107BB000C3795268DB43AA424FF0000103F001038E
:107BC00023D18B424FF027020BD1606C94F84C10FC
:107BD00003681B6B984710F0080006D11EB906B069
:107BE00070BD002E42D00126E0E7606C0121062224
:107BF0000368CDE90021A822DD6AB4F84C1004AB7B
:107C0000A84748B11E4806B070BD03939047B0FA2C
:107C100080F1039B4909D4E7BDF91030BDF912206A
:107C2000BDF914108342B8BF1F33002AA07AB8BF31
:107C30001F3252110029ADF8122010FB02F24FEA58
:107C40006313C2F10002B8BF1F314911ADF8103003
:107C5000A26110FB03F32268ADF814105B4210FB25
:107C600001F0E361536B206220469847002006B084
:107C700070BD904796E700BF657A020045E10100BC
:107C80000EFCFFFFF8B504460F4616461946BDF830
:107C90001C20BDF81850FDF769FC064B236000233B
:107CA000C4E91176E380A4F84C502046FFF7DAFED1
:107CB0002046F8BD7C79030008B503680F221B6BD2
:107CC000C9B29847A0F13300B0FA80F0400908BD6E
:107CD00003689B6A184700BF018938B54FF47A756D
:107CE000044605FB01F11648FDF79CFB154AA2FB73
:107CF00000239B0999B205FB01F123811048FDF790
:107D000077FBE288C3B2A06C12F4807F026843F074
:107D1000030108BF0B46556AB4F850106022A8470B
:107D200058B9A06CE3880268B4F85010546AC3F3E1
:107D300000236222A04700B938BD034838BD00BF08
:107D4000647A0300D34D62100EFCFFFF10B5034BA5
:107D500003600446FDF796FE204610BD347A03000A
:107D600010B5054B03600446FDF78CFE20460EF06F
:107D700024FC204610BD00BF347A030008B502463B
:107D8000C38841B9980504D523F4007343F48043B4
:107D9000D380002008BDD905FBD50168DFF81CC0E1
:107DA000C96923F4824343F400736145C38003D15E
:107DB000FFF792FF002008BD8847EAE7D97C020060
:107DC00070B5C388DA0586B004460BD402682F4923
:107DD000D26943F482438A42C38055D1FFF77CFFC6
:107DE000012600E000262A4DE06C0268C379526843
:107DF000DB43AA424FF0000103F0010322D18B4282
:107E00004FF067020BD1A06C94F8501003681B6B05
:107E1000984710F0080005D116B906B070BD86B3BA
:107E20000126E1E7A06C012106220368CDE90021CB
:107E3000E822DD6AB4F8501004ABA84748B11548F1
:107E400006B070BD03939047B0FA80F1039B4909D7
:107E5000D5E7BDF91430BDF81210BDF810204FF66B
:107E60006A7003EB830311FB00F112FB00F2C3EB1A
:107E7000031320685B00C56AE363C4E90D12204662
:107E8000A847002006B070BD9047A9E7D97C020042
:107E900045E101000EFCFFFFF8B504460F4616460B
:107EA0001946BDF81C20BDF81850FDF787FD054B9D
:107EB0002360C4E91276A4F850502046FFF70CFF67
:107EC0002046F8BD347A030082B08DE80C000148EA
:107ED00002B0704716FCFFFF002070470029806940
:107EE00003DD10B10139406AFBD1704782B010B593
:107EF0000C4684B08646496820680DF1080CACE851
:107F00000300CDE90623039BDA0704460EEB630C5E
:107F100003D55A105EF802301C58DDE90801DDE98E
:107F200006238DE803006046A04704B0BDE810407A
:107F300002B07047002979D030B58269B1F800C02D
:107F400087B005460C4612B948E0526ADAB1A388F8
:107F5000118813F002031CBF1379C3F3400361457A
:107F6000F3D1518860888142EFD19068A1684BBB02
:107F70008142EAD1E168D36899424DD0526AB4F89F
:107F800000C0002AE3D1D5F818E0BEF1000F25D0DB
:107F90007046734600E013461A88624520D25A6A3A
:107FA0001846002AF7D19E4513D05A6A62625C6275
:107FB0000123624640F2FD3102A802F0E9F80020F8
:107FC00007B030BD019202F0A5FE019A0028D5D07D
:107FD000D0E7BEF8002094451AD26362AC61E7E7AF
:107FE0001946034607E04A8860888242DBD24A6A23
:107FF0000B4632B111460A886245F4D09E45D4D171
:10800000E7E78E45D1D14B8883420B46CDD9E4E7D3
:10801000CBD160887146F6E7B2F904109388002945
:1080200002DAC3F30E0393800248C9E76FF47A7053
:10803000704700BF16FCFFFF002940D070B584696F
:1080400084B0002C38D00D46002605E0A268AB684D
:108050009A420DD0646A34B3AA88A3885340990722
:10806000F8D49207F2D5A968A06802F053FEF8B1DF
:108070002B8813B122889A42ECD16B8813B16288A5
:108080009A42E7D1A38822886FEA43436FEA5343B9
:10809000A3804FF47F71012368461E4402F078F8F4
:1080A000646A002CD8D1A64206DD204604B070BD1B
:1080B000AB889B07CED4C9E76FF47A70F6E76FF40C
:1080C0007A7070472DE9F04183885D0782B00646DB
:1080D00003D59C062CD4D80637D443F00403B380D0
:1080E00006F1100515E0F7680097A047B388DA0697
:1080F0001BD5346ACCB194E80F00D4F810C085E8E1
:108100000F00C6F820C020460EF057FAFCF70EFD0F
:10811000B388B46899070ED413F0010F95E80F00E7
:10812000E1D1A047B388DA06E3D423F00403B38097
:1081300002B0BDE8F081D6E9060195E80C008DE8B3
:108140000300204602F0CCFDD0E7D6E90601D6E9CF
:1081500004238DE803003046FDF70CF9E8E700BF83
:1081600030B51B4B8DB003F120020446C2600360A2
:1081700006A802F061F80F23182002930EF01FFAF0
:10818000144A0025CDE900250246034642F80C4B6F
:10819000C56055606A46CDE9040503CA0E4A5A61B6
:1081A000586099602046122302A9ADF80C30CDE941
:1081B0000A55FFF741FF02A8FDF7CAF8074BE36035
:1081C00004F10C006582FCF75FF820460DB030BD6D
:1081D000AC7A030049840200ED7E0200647703005C
:1081E000A0F10C00FFF7BCBF10B50446FFF7B8FFC5
:1081F00020460EF0E2F9204610BD00BF10B5A0F1F8
:108200000C042046FFF7ACFF20460EF0D6F92046BE
:1082100010BD00BF70B5264B264A002582B004462B
:108220000260C0E9025305610C30FBF7BFFF224B2F
:10823000236003F12002E260C4E90655282025628C
:10824000E5840EF0BCF90646103001F0F5FF1B4B3B
:10825000336018200EF0B3F9194A009202460195D6
:1082600042F80C4BC56055606A460346C6E90205F4
:1082700003CA144A586099605A61C223C6E9085576
:10828000B38031462046FFF755FE48B90E4B1A68B9
:1082900012B1204602B070BD20461C6002B070BD15
:1082A0003046FDF755F830460EF087F9EEE700BF8F
:1082B00064770300947A0300AC7A03000F00020095
:1082C00049840200ED7E0200785900202DE9F84330
:1082D000846934B34FF00009144F80464E46A3889A
:1082E0003B40B3F5004F2546646A05D02E46002C6E
:1082F000F5D14846BDE8F88386B17462D8F80830F5
:10830000284603B198472846FDF722F828460EF084
:1083100054F909F10109002CE1D1EAE7C8F8184045
:10832000ECE7A1464846BDE8F88300BF0480FFFFA4
:10833000F8B58469002C43D016460D4601270CE0A1
:10834000A38803F0C003A3F1C003B3FA83F35B096E
:10835000B34215D00027646A3CB323882988994228
:1083600001D0002BF7D163886A889A4201D0002B94
:10837000F1D1FCF76DFA0028E2D10123B342E9D133
:10838000B4F90430B4F804E0002BE3DB95E80F0007
:1083900004F1100C1EF0400F8CE80F0007D02046AF
:1083A000FFF790FE646A002CD7D13846F8BDFCF781
:1083B0004FFA0028F3D021460348FCF7A5FCCAE792
:1083C00001273846F8BD00BFC5800200F0B5012284
:1083D00083B0056A04460E46FFF7AAFF10B9E38C86
:1083E000092B01D903B0F0BD18200EF0E8F884463F
:1083F0000746D6E902018DE803006046D6E900236E
:1084000001F044FF05F0BAFE65B12B693B612F61B5
:108410003B695BB1E38C0133E38403B0BDE8F0401A
:1084200005F072BEE3693B61E761F2E72762F1E7BD
:1084300082B008B502A9C1E90023FFF7C7FFBDE874
:108440000840002002B0704782B038B50446CDE93C
:108450000423FFF73BFF05F091FEE56915B32A6998
:10846000E38CE261013B12B3E38405F04DFE04E0CE
:10847000E38C013BE38405F047FE002229462046B9
:10848000FFF756FF28460EF098F8FCF75DFA80B12A
:1084900005F074FEE5692DB12B69E361002BE7D18E
:1084A0002362E5E7BDE8384002B005F02DBE226248
:1084B000DAE7BDE8384002B0704700BF024B1888C9
:1084C000421C1A80704700BF1E210020C08800F0A7
:1084D0000300A0F10300B0FA80F04009704700BF2C
:1084E00082B010B50C4684B08646496820680DF10C
:1084F000080CACE80300CDE90623039BDA07044629
:108500000EEB630C03D55A105EF802301C58DDE9FF
:108510000801DDE906238DE803006046A04704B0AA
:10852000BDE8104002B0704710B5034B036004462D
:10853000FCF7D2FF204610BDF07A030010B5054BC2
:1085400003600446FCF7C8FF20460EF036F82046CC
:1085500010BD00BFF07A03002DE9F04186B0BDF8F0
:108560003850002B46D0DDE90C74A046002F44D0D3
:108570000F2901D1C02D3DD106462820CDE9021298
:1085800001930EF01CF80446103001F055FE0299DC
:10859000039A2180628018200EF011F80146019B99
:1085A00041F80C3BCDE904780023C360E3604B60E5
:1085B00004AB0246A06003CB114B50609160536145
:1085C00000220023C4E9082333680E4A5B6845F0A3
:1085D00002059342A58008D12046FCF7B9FE20464B
:1085E00006B0BDE8F0410DF0E8BF2146304698479F
:1085F0000028F1D106B0BDE8F081E407FAD5B7E76D
:10860000E1840200F1D7010082B070B588B0CDE9F5
:108610000C234689BDF83050BDF83230B5420446CF
:1086200016D0022B27D0052B53D0012B0BD1A389B9
:10863000AB4203D1E38843F00203E380E38803F015
:108640000103002B6ED108B0BDE8704002B0704746
:10865000022B86894AD0052B29D0012BF3D1C28861
:10866000B54242F00103C38000F0BA8003F0020378
:10867000002BE8D056E0C388DB075DD4A389AB426A
:108680007BD0A37B012BDED101230322294604A842
:1086900001F07EFD6389A2899D423AD19542E3882B
:1086A00032D023F0010323F01403E380CBE7C28828
:1086B000B54242F00403C38000F0968003F0080343
:1086C000002BC0D0A1880123052204A801F060FD81
:1086D000B9E78389AB4203D1E38843F00803E38021
:1086E000E38803F00403002BADD0EBE7AE427FD06C
:1086F000E38803F00203FBB9E388D80602D4A27B27
:10870000012A46D0AE42CCD123F0030323F01E034E
:1087100004E0954297D1E38823F00A0323F0200375
:10872000E38090E701231A46A18804A801F030FDF8
:1087300023890133238186E70123A1880222684629
:1087400001F026FD63899D422ED0A289AA4240D025
:10875000A1880123032204A801F01AFD6389B34212
:1087600003D1E28842F01002E280A289B24293D1A2
:10877000E18841F02001E1808EE7E288910602D491
:10878000A37B012B0DD0B5421346C5D122F00203C5
:10879000BCE703F00402002A3FF476AF0123042271
:1087A00074E702F00802F6E7E28802F0040100290B
:1087B000CED0B34211D0A389B342C9D102F008028E
:1087C000002AC5D0A1880123042204A801F0E0FCFE
:1087D000C4E7E28802F00801E9E702F00402EFE7EB
:1087E00042F00302C28029E742F00C02C28077E720
:1087F000E38803F001037EE7F0B5194E89B0044623
:1088000015460F460593FCF74FFE164AD6F800C0F2
:10881000059B22600022A3806781A581A273BCF121
:10882000000F19D0104B07920693DDE90601C02313
:108830008DE803000293394623466046FFF78CFE1D
:10884000DDE906018DE80300C023029330680022B1
:1088500023462946FFF780FE204609B0F0BD00BF41
:1088600078590020F07A030009860200817370476E
:1088700000B5C3889A0683B0014609D4406A0191C5
:108880000368DB6998470199CB8843F02003CB80CC
:10889000DB0607D4D1E90A309842B4BF002001209A
:1088A00003B000BD002003B000BD00BF10B50446FA
:1088B000406A074B0168236003F130020B6AE260F3
:1088C000214698472046FEF759FD204610BD00BFBF
:1088D000187B030010B50446406A084B016823600A
:1088E00003F130020B6AE260214698472046FEF70A
:1088F00045FD20460DF061FE204610BD187B0300AB
:10890000F0B5002583B01E46174601230A89CDE93C
:1089100000550446FEF7CCFE0B4B23603033C4E910
:108920000A656762E3602046FFF7A2FFAE4207DAFE
:10893000E3884FF4FA72C4E90A5243F01003E3806B
:10894000204603B0F0BD00BF187B030038B50546D4
:1089500000F10C0420460121FDF790FAE8690A4A6B
:1089600003685B68934207D120466FF47D75002150
:10897000FDF784FA284638BD984700210546204671
:10898000FDF77CFA284638BD45E1010070B5054683
:108990000E460C300121FDF771FAE8690A4A0368B6
:1089A0001B68934206D105F10C000021BDE8704020
:1089B000FDF764BA3146984705F10C000021BDE887
:1089C0007040FDF75BBA00BF09F101001F4AB0F823
:1089D00006C04B0030B51CF0100F82FB034E4FEA6F
:1089E000E373C3EB6E130BD14FF0620C0CFB01F180
:1089F00082FB01C2C917C1EB62111944C16230BDCB
:108A0000826AFAB96222DFF844E002FB01F18EFBD0
:108A10000154C26AC917C1EB6411013A1944C26218
:108A20008162002AEBD101EB81038EFB032EDB1761
:108A3000C3EB6E1302310B442CF0100C8362A0F8D0
:108A400006C030BD9142B8BF1146DBE71F85EB5130
:108A500010B50446FEF782FD606A036821461B6A72
:108A60009847E38823F020030020E38010BD00BF77
:108A700038B504460C38FEF771FDA0690368A4F10F
:108A80000C011B6A984734F8063C23F020030020B1
:108A900024F8063C38BD00BFD0F834C0BCF1000F4C
:108AA0001CDD00B5021D8E46002302E00133634544
:108AB00010D052F8041F7145F8D10CF101020233B5
:108AC00050F822100CF1FF324263002240F82310CC
:108AD000104600BD6FF47A72104600BD6FF47A72D2
:108AE0001046704782B010B50C4684B0864649687F
:108AF00020680DF1080CACE80300CDE90623039BC8
:108B0000DA0704460EEB630C03D55A105EF8023008
:108B10001C58DDE90801DDE906238DE80300604605
:108B2000A04704B0BDE8104002B07047D0F834C090
:108B3000BCF10A0F1FD0BCF1000F08B58E460DDD49
:108B4000021D002301E09C4508D052F8041F714526
:108B500003F10103F7D16FF47A7008BD02460CF1FE
:108B600002000CF1010342F820E070465363FFF766
:108B7000EDFE002008BD6FF47B70704782B02DE9D8
:108B8000F047CDE90823426B002A804619DD324FB9
:108B9000051D0024012604E00134A24283F8306060
:108BA0000FDD55F8043FD8690168896CB942F3D0EC
:108BB0008847D8F834202B680134A24283F830600B
:108BC000EFDC0120FCF76AFCD8F83000DFF88CA05D
:108BD00003681B68534537D10026D8F83420B146C6
:108BE000002A27DD002408F10405274602E00134AD
:108BF000A2421ADD55F8040F90F83030002BF6D061
:108C0000FFF7A4FE2A6801283146104602D0936A75
:108C1000B34203DC82F83090FFF7D8FED8F8342056
:108C20000134A24207F10107E4DC1FB11644B6F596
:108C30007A7FD5DDD8F8300003681B68534506D12C
:108C4000BDE8F04702B0704701219847C4E7BDE88E
:108C5000F047002102B018479901020009F1010014
:108C600030B5264B1D68264B8FB004460360002D9F
:108C700035D0A388019308A801F0DEFA019BADF876
:108C8000103001221820ADF812200DF098FC0122BE
:108C900024210392029102460DF1080C034606902E
:108CA000BCE8030042F80C4B4FF0000CC3F80CC0BA
:108CB000C2F804C05860996000200021CDE90C0181
:108CC0001222ADF814202A68CDF81CC092680D4914
:108CD0000D4858618A420CD104A8FCF739FB0B4AB5
:108CE000226000232046E380FBF7CEFA20460FB037
:108CF00030BD04A928469047EEE700BF7859002010
:108D0000547B0300F9D70100E58A02006477030071
:108D100010B50446FFF7A4FF20460DF04EFC204698
:108D200010BD00BF10B5094B002482B0C0E900346B
:108D3000CDE90010FBF73AFA0198054B0099036062
:108D400004638180446302B010BD00BF64770300F8
:108D5000547B030000207047704700BF704700BF7E
:108D6000002070470048704716FCFFFF0020704746
:108D700041607047406870470048704716FCFFFF2D
:108D8000704700BFC1607047C068003818BF01203D
:108D9000704700BF0023C360704700BF00690368CD
:108DA0001B691847006903685B6918470069036815
:108DB0009B691847036941601A681846D3691847C8
:108DC000C06810B103681B6818470148704700BFAE
:108DD00012FCFFFFC06882B08DE80C0018B1036878
:108DE00002B01B68184702B0704700BFC1607047EF
:108DF00010B5044601F0F6FC204610BD00B583B066
:108E000001900DF0DAFB019803B000BD10B5054BE1
:108E1000036003F1380204468260183001F016FD49
:108E2000204610BD007C030010B5074B036003F122
:108E3000380204468260183001F008FD20460DF02B
:108E4000BCFB204610BD00BF007C030082B010B503
:108E50000C4684B08646496820680DF1080CACE8E1
:108E60000300CDE90623039BDA0704460EEB630CEF
:108E700003D55A105EF802301C58DDE90801DDE91F
:108E800006238DE803006046A04704B0BDE810400B
:108E900002B070474B7F10B504462BB109690B68CF
:108EA0001B689847204610BD0B77183101F0C6FCAF
:108EB000204610BD10B5447F86B03CB1C06800B3F9
:108EC00003681B6806B0BDE81040184701690190AF
:108ED0000B6802A81B689847019A02A902F11800C2
:108EE00001F0BCFC02A801F0B1FC019A0123137748
:108EF00002A8928A40F2FF3101F04AF9204606B0FA
:108F000010BD0148FBE700BF12FCFFFFA0F1080005
:108F1000FFF7D0BF406810B103681B6818470148CD
:108F2000704700BF12FCFFFF38B50B4B0A680446C0
:108F3000002503F1380052682360C4E90351A060A2
:108F4000084604F1080190472069656003682946D6
:108F5000DB699847204638BDBC7B030038B5124B0F
:108F60000A680446002503F1380052682360C4E90A
:108F70000351A060084604F108019047206965602C
:108F800003682946DB699847084B236003F13802E0
:108F9000A26004F1180001F025FC4FF48073A58253
:108FA000A383204638BD00BFBC7B0300007C0300C8
:108FB000417709B9838A03B1704730B587B0054658
:108FC0000193FFF77BFA244AA88212680146002A1F
:108FD0003FD02820CDE902210DF0F1FA04461030EF
:108FE00001F02AF90399618040F2FF3121801820B5
:108FF0000DF0E5FA194904910146019B41F80C5B1B
:10900000C4E90203C36005934B6004AB844603CB01
:10901000CCF808101249CCF80400CCF81410002049
:109020000021C4E90801029A0E491223A3801368A3
:109030005B688B4208D12046FCF78AF9204607B0CE
:10904000BDE830400DF0B9BA2146104698470028D7
:10905000F1D107B030BD00BF78590020D58D020096
:109060004D8E0200F1D7010000B50649064A83B0D3
:10907000002381600260C3800190FBF705F901982D
:1090800003B000BD6C7C03006477030010B5074992
:10909000074A8160002304460260C380FBF7F4F8AE
:1090A00020460DF08AFA204610BD00BF6C7C0300FC
:1090B0006477030090F84430012B05D9C388DB06A0
:1090C00002D590F8453003B1704710B582B0034621
:1090D00048300193FCF742F808B102B010BD104AC5
:1090E0001068FDF719FB019B9A6D801ADA6D61EB30
:1090F0000201322871F10001EFD3D868DA880168E3
:1091000022F01002CC69DA800121A047019BDA88A5
:10911000022122F0200283F84410DA80DDE700BF4C
:109120006C5900202DE9F04FC1682DED0A8B0B68BA
:109130008FB080461B6805A89847D8F80C00059C9E
:1091400003681B69984730F00403824600F0C4812D
:10915000082800F0C681DFEDC99A4FF4807301271B
:10916000C8F81830059B5B88B3FBF7F30193002B1D
:1091700000F0C881231D4FF000099FEDC19ADFED7B
:10918000C18A9FEDC1BADFEDC1BADFEDC1AA9FED83
:10919000C3AA0093CDF80890D8F81850019B9D42BF
:1091A00000F30F81009C25440022A542CDE90A224C
:1091B000CDE90C2240F2B281CDF80C80B54EDDF83D
:1091C00008909346904603E09DF82C80DDF828B087
:1091D00056F82A3020469847002818BF49F0010960
:1091E000B8F1000F00F016815845C0F213819DF8C8
:1091F0003430002B00F005810C9B9842C0F20181B5
:109200003C44A542E0D8CDF80890DDF82880DDF890
:10921000009047F6FE744FF0000B0DE00C99884269
:1092200000F0E8805845C8BF0FFA80FBB944A0425F
:10923000B8BF04B24D4512D956F82A10484688479F
:109240004045EBD19DF82C100029E7D000210DEB13
:10925000C101B94400204D4581F82C00ECD804F13F
:1092600028035B45DDF80C8000F3F080ABEB0402D3
:1092700002EBD27253106FF0270B1BB208EE103ABC
:10928000ABEB0403009CCDF80C804FF0000B4FF0CB
:1092900000099846204656F82A3098473C444044F6
:1092A00020EAE070A5420BF1010B00FB0099F1D818
:1092B00099FBFBF207EE902AF8EEE77ADDF80C80D6
:1092C000F5EE407AF1EE10FA00F12181B1EEE7CA35
:1092D000B8EEC88A98ED097A28EE298AC8EE097A8C
:1092E00067EE877AC7EEA87A17EE900A0CF076FC44
:1092F00007EE900AB3EE047A67EE877A98ED0A7A61
:10930000F4EEC77AF1EE10FA08D4F0EEE76AB4EEA4
:1093100066BAF1EE10FAA8BFB0EE677AB8F8063078
:10932000D8F8182088ED077A43F02001A8F8061035
:109330000199891A0191009911440091990707D464
:10934000D8ED047AF4EEC77AF1EE10FA00F18580D8
:109350005A0707D4D8ED057AF4EEC77AF1EE10FA81
:1093600000F39E8098F83C30002B5AD0D8ED107A4C
:10937000F4EECC7AF1EE10FA01D588ED10CADFEDEB
:10938000467AB4EEE7CAF1EE10FA55DCD8F8383078
:10939000023B0B2B07D8D8ED107AF4EEEB7AF1EE06
:1093A00010FA80F28D80D8F8343088ED10AA0022AF
:1093B0000133C8E90D3288F83C20019B002B7FF473
:1093C000EBAE08F14800DDF80890FBF7C7FE002877
:1093D0007EDDB9F1000F40F08980B8F80630DB0679
:1093E00000F1898005A801F031FA0FB0BDEC0A8BBD
:1093F000BDE8F08F9DF8341000293FF413AF012130
:1094000025E701230DEBC3034FF00102986283F8B7
:109410002C20F5E601238DF83430CDF830B0002350
:10942000F0E7B4EEEACAF1EE10FAAFDDD8F8343066
:10943000132BABDD88ED10CAD8F83830002101338A
:109440000122C8E90D1388F83C20B6E7631C1BB263
:109450001B1B03EBD3735B100DE70123B8F804105B
:10946000022206A800F094FEB8F8063023F00403A8
:1094700043F00203A8F8063074E700BF0000804301
:1094800000FEFF46ACC5A737FFFF7F7F0000964375
:1094900000004843842000200000C8420000000073
:1094A00001231A46B8F8041006A800F071FEB8F8B7
:1094B000063023F0020343F00403A8F8063051E716
:1094C000B8F804100123082206A800F061FE6AE73C
:1094D000B9F1000F86D180E78023F7EE009A0227CA
:1094E0003EE65FED129A4023042739E608F1480072
:1094F000FBF7F8FD76E70A4B1868FDF70DF9C8E9A8
:1095000016016FE708F14800FBF728FE65E717EE44
:10951000900A0CF093FB0CEE100AD9E6FFDE00BFB8
:109520006C59002008B590F84430012B0CD9C38841
:10953000DB0603D5FFF7F6FD002008BD90F84530A7
:10954000002BF7D1002008BD013380F84430002003
:1095500008BD00BF08B590F83C30012B0ED930F89B
:10956000023CDB0604D50838FFF7DCFD002008BD0F
:1095700090F83D30002BF6D1002008BD013380F873
:109580003C30002008BD00BF2DE9F041002582B02D
:109590009046204A0260456004460E460193BDF89D
:1095A0002870FAF703FE1C4A22602832A26029467E
:1095B0002A46E66004F14800FBF7CCFC019B63619E
:1095C000E388DDED097AA4F8445043F4005343F0F6
:1095D0001103E3803368C4ED0A7A5A68DDED087A36
:1095E000A7800023E36123640123236384F82C30E4
:1095F00080233046C4F81080C4ED097A6563A56302
:1096000084F83C5004F10801A3619047204602B061
:10961000BDE8F08164770300447C030070B5434EDD
:10962000044630680D46FDF777F8E388C4E9160173
:10963000D80608D4E06843F01003E38003680221F1
:10964000DB699847E388990626D594ED077ADFED24
:10965000387ADFED386A77EE677A6A1C67EEA67AA9
:1096600008BF236BF5EEC07A18BF2B46F1EE10FA57
:109670000BD4022B14D19FED307AF4EEC77AF1EEC1
:1096800010FAD8BFB0EE677A01E0022B04D0B5EE35
:10969000407AF1EE10FA03D104F14800FBF760FCC8
:1096A0003068FDF739F8D4ED076ADFED217A9FEDD8
:1096B000217A76EEE77A6B1C67EE877A08BF256B16
:1096C000F5EEC07AF1EE10FAC4E9160123D49FED4D
:1096D0001A7AF4EEC77AF1EE10FAC8BFF0EE477AC4
:1096E000022D1DD0B2EE027AF4EEC77AF1EE10FA36
:1096F0000EDBB3EE056AF4EEC67AF1EE10FA07D887
:1097000077EEC77ADFED0D6AB7EE087AE7EE876A83
:1097100016EE900A70BD022DFAD1DFED096AF7E767
:10972000F0EE676A16EE900A70BD00BF6C5900201B
:10973000000050420000AA4000007F430000184291
:109740000000000090F8453001334FF0FF3180F801
:109750004530FFF763BF00BF90F84530013B80F80C
:109760004530704781627047806A003818BF012019
:10977000704700BF8068704781600020704700BF5D
:10978000F0B5CB680D6A9D42A8BF1D4683B00C465C
:10979000012201F110070646294601A801F028F828
:1097A00001A9384601F05AF801A801F04FF82069E4
:1097B000A1692A4604300CF083FF236AA2695B1B6F
:1097C0002A44002B2362A26118D1636A002B23DD97
:1097D000013B6362BBB1E36962692362002BA26152
:1097E00004DDA06A03681B689847236A43B13946C1
:1097F000304601F023F8304603B0F0BDF1DCF6E767
:10980000636A002BF3D194F82C30002BEFD004F1D5
:109810003000FBF731FCEAE7F5D0DCE738B50D4B5B
:10982000044640F8103B00F0DDFF0022012104F166
:109830003000FBF78FFB002101224FF4807304F10D
:109840003000C4E902232464A162FBF789FB2046AF
:1098500038BD00BF787C030000B5D0F828E083B0A5
:10986000BEF1000F18D0002A16DDABB1C0E905111A
:109870009C46DEF80010134602460020096882F874
:109880002C00C2E90733C2F824C001927046884711
:10989000019A92F82C300BB903B000BD02F13000F0
:1098A00003B05DF804EBFBF75BBB00BF00787047CB
:1098B00090F90000704700BF00887047B0F90000C1
:1098C000704700BF0068000A704700BF00680012C0
:1098D000704700BF006870470068704701707047AC
:1098E00001807047018070470A120B1401704270AA
:1098F000837070470160704701607047406970472E
:1099000008299ABF416100206FF47A70704700BF48
:109910002DE9F04FD1ED087A89B08A46FDEEE77A5D
:109920000490CDED037A00F05DFFDAF810000268D4
:1099300012699047DAF81460814616B9CAF8140023
:109940000646DAF8101001360A6806EBD67674106F
:109950001268029406A89047DAF81420069909F1D3
:10996000010707EBD77701327F1002EBD272B1F813
:10997000028098FBF7F8B7EB620F08FB04F305933E
:1099800000F082800122059907A800F031FF07A9A5
:10999000049800F063FF07A800F058FFB8F1000F2B
:1099A00079DD049B069D1C68DFF8F4B04B46002669
:1099B000D1460435043401969A465BF82A2028469D
:1099C000904799F828203D4422B1019B034401931C
:1099D000039BC01A07EE900A99ED077AD9F8243054
:1099E000D9F81420F8EEE77A204667EE877A013638
:1099F000FDEEE77A17EE901A1943284B53F8222010
:109A00009047029BB0451C44D7D1CA469AF82820FB
:109A1000FAB1DDED017A9AF82920B8EEE77A07EE7F
:109A2000908AF8EEE77AC7EE276A3AB1F6EE007A46
:109A300066EEA76A9AED087AE7EE276ADAF8181058
:109A40000122CAED086A8AF8292071B901228AF830
:109A50002A20DDE90441204600F09CFF06A800F022
:109A6000F5FE204609B0BDE8F08FFDEEE67A039BD7
:109A700017EE902AD21A002AB8BF52429142E8DD6E
:109A800001228AF82A20E4E7049806A900F0E6FEFD
:109A9000B8F1000F85DC00230193B7E760200020B8
:109AA000842000200170704710B582B004460192F6
:109AB0000093FFF739FA134921603831A16004F1AE
:109AC0002C002146FFF74AFA049B082BDDE90032FF
:109AD00098BF0499E261059A98BF61610020002156
:109AE00084F8283083F0010320628A4208BF43F0E3
:109AF0000103204684F82A30616284F82910A261AB
:109B000002B010BDA47C03002C30FFF7D3B900BF16
:109B10002430FFF7CFB900BF10B5074B036003F146
:109B20003802044682602C30FFF770F92046FFF7B8
:109B300027F9204610BD00BFA47C0300084B10B5D8
:109B400003F138020446036082602C30FFF75EF9AF
:109B50002046FFF715F920460CF02FFD204610BDDA
:109B6000A47C03004369586903681B69184700BF58
:109B70004369586903685B69184700BF0022C0E960
:109B800006120262084670472DE9F041074600F1CF
:109B9000140400F13C06002554F8043F18464BB16C
:109BA0001B681B6A9847A84204DD206803681B6A8B
:109BB00098470546B442EFD1786903682946DB69C6
:109BC000BDE8F041184700BF00F1140300F13C026A
:109BD00053F8040F70B110B4C4688C4208D093429B
:109BE0000CD053F8040F0028F9D0C4688C42F6D189
:109BF00010BC70479342EBD100207047002010BC8E
:109C0000704700BF436910B50446586903689B69F3
:109C10009847D4ED067A07EE100AF8EEE77AC7EE19
:109C2000277A17EE900A10BD0164704770B50C4694
:109C30000546FFF79FF8A04200D170BD2146284697
:109C4000FFF796F86869064A0368DB689342214685
:109C500003D1BDE87040FFF797BFBDE870401847DB
:109C6000899B020010B5054B036003F13C020446DA
:109C70008260FFF785F8204610BD00BFE87C030036
:109C800010B5064B036003F13C0204468260FFF707
:109C900077F820460CF091FC204610BDE87C0300CC
:109CA000094B10B503F12C020446C0E900320C3018
:109CB00000F0CCFD054A62600023201D6381FAF7A5
:109CC000E3FA204610BD00BF307D03006477030037
:109CD000F0B583B00E46054601A800F083FD01A94A
:109CE00006F10C0000F0CCFD074601A800F0AEFD27
:109CF00067B171690B6801A81B68984701A906F153
:109D00000C0000F0ABFD01A800F0A0FD06F10C0175
:109D1000284600F093FD284603B0F0BD036C23B144
:109D20001B7813B903F0FF00704730B500F114023F
:109D300085B0054600F13C0452F8043F184623B1B3
:109D40001B680192DB6A9847019AA242F4D103A8EA
:109D500000F048FD03A905F10C0000F07FFD03A809
:109D600000F074FD014805B030BD00BF12FCFFFFDC
:109D70000A4B10B503F12C020446C0E900320C3046
:109D800000F064FD064A626000236381201DFAF73B
:109D90007BFA20460CF011FC204610BD307D0300FC
:109DA0006477030038B50B4B40F8043C03F12C02F8
:109DB000044640F8082B00F049FD074A22600023C2
:109DC000E3802046FAF760FA201F0CF0F6FB201F14
:109DD00038BD00BF307D0300647703008C4600F17E
:109DE0001402002352F8041F614504D001330A2BEA
:109DF000F8D100207047026906330021013A40F88B
:109E000023100261BCF1000F1BD000B5DCF800305C
:109E10000D4A9B6A934283B010D10C4BCCF80030B2
:109E20003C33CCF808306046CDF804C0FEF7A8FFFC
:109E300001980CF0C2FB012003B000BD60469847BA
:109E4000F9E70120704700BF819C0200E87C030015
:109E500038B50A4B40F8043C054603F12C02044691
:109E600045F80429083000F0F1FC054A226000237F
:109E70002046E380FAF708FA284638BD307D030013
:109E80006477030030B500F1140283B0002352F868
:109E9000044F34B101330A2BF9D10025284603B011
:109EA00030BDCDE9000324200CF089FB05460820D5
:109EB0000CF085FB014644600C4808602846FFF71B
:109EC00033F8019B009A0A49296006333C3142F875
:109ED00023501369A96001210B442846C5E90614E3
:109EE0002C626A61EC60136103B030BD907B0300AB
:109EF000E87C03002DE9F04F8B6985B0012B0190C0
:109F0000904655D04B69586903681B690C469847C1
:109F1000471CD8F80030A1695D8807EBD7777F1020
:109F2000064695FBF7F5012295FBF1F103A801FB2D
:109F3000077100F05DFC039907FB05F501F1040AC8
:109F4000002D514624DDDFF87C9004354FF0040BE2
:109F5000D8F8000059F8263058449847D4E9073219
:109F6000A169013310448B42C4E907300ADB90FB3E
:109F7000F1F1134B504653F8263098470023C4E9BB
:109F80000733BA440BF1010B5D45E1D1039904316C
:109F9000AAEB010103A800F0FDFC03A9019800F061
:109FA0004DFC03A800F052FC019805B0BDE8F08F0D
:109FB000114600F043FC019805B0BDE8F08F00BFEA
:109FC000602000208420002030B50D4649690B68D0
:109FD00085B004461B6902A8984702A903A800F0AF
:109FE0002DFC4FF0FF33294603AA0093204600239F
:109FF000FFF780FF03A800F029FC02A800F026FC70
:10A00000204605B030BD00BFF8B50446114B1248DC
:10A010000025C4E90003A560201D0E461746FAF787
:10A02000C5F80E4B23602C33636004F10C0000F084
:10A03000D9FB28222946666127812561256404F120
:10A0400018000CF001FB336830465B6821469847E6
:10A050002046F8BD64770300847B0300307D030055
:10A06000024B1A687E23C0E900237047A820002015
:10A07000034A034692E8030083E80300184670474A
:10A08000705900202039CBB25E2B9DBF006801EBD8
:10A090008101401800207047034A044B11687E225A
:10A0A000C3E90012704700BFA820002070590020AB
:10A0B000017042704360704782B000B5CDE9012362
:10A0C00001AA03468E4607CA9DF810C083E8070020
:10A0D000BCF1000F14D09EF8010018B14942524261
:10A0E000C3E90112DEF80420022A2ED0032A33D05D
:10A0F000012A15D0BCF1010F1BD0BCF1020F04D016
:10A100005DF804EB184602B07047D3E901125DF820
:10A1100004EB494252421846C3E9011202B07047AB
:10A12000D3E90021BCF1010FC2F10002C3E9001222
:10A13000E3D1D3E900109A685DF804EB5242C3E919
:10A1400000019A60184602B07047D3E900124942F4
:10A150005242C3E90012CDE7D3E900125242C3E9EB
:10A160000021C7E782B000B585B0CDE9062391F89C
:10A1700000C0089B0093CDF804C0DDE906230390DE
:10A18000FFF79AFF039805B05DF804EB02B0704743
:10A1900030B585B00180428004460393FCF7EEFCA5
:10A1A000039BC4E9020113B9204605B030BD0B4B37
:10A1B000D3F800C0BCF1000FF6D0DCF80020084B4B
:10A1C00012689A42F0D0D4E902018DE803001146EA
:10A1D000604694E80C008847E6E700BF7859002005
:10A1E000C97E020030B583B09DED067B9DF820301E
:10A1F000018080ED027B0446428013B9204603B003
:10A2000030BD0B4BD3F800C0BCF1000FF6D0DCF82A
:10A210000020084B12689A42F0D0D0E902018DE884
:10A2200003001146604694E80C008847E6E700BF4B
:10A2300078590020C97E020010B50023036004464F
:10A24000FCF79CFCC4E90201204610BD0D4BD3F87D
:10A2500000C0BCF1000F0AD010B5DCF800200A4B9A
:10A2600012689A4282B0144602D102B010BD704703
:10A270000346D0E902018DE8030060460CCBA047FD
:10A2800002B010BD78590020C97E020082B038B5F6
:10A29000002505600446CDE90423FCF76FFC04AB00
:10A2A0000FCB256184E80F002046BDE8384002B09E
:10A2B000704700BF10B50446006800F0E1FC20467E
:10A2C00010BD00BF2DE9F04115460622804601FB76
:10A2D00005200E461C46FAF79FFFC8F8000000F064
:10A2E000FBFCD8F80030AFB25E809F80B4B19EB165
:10A2F000AF42A8BF2F467FB1063300252146324624
:10A3000018460CF0DDF9D8F8002001355188AF422D
:10A31000344400EB0103F1D1BDE8F08116FB07F2F4
:10A320002146981DBDE8F0410CF08EB9014B036049
:10A33000704700BF547F030030B5134651EA030253
:10A3400085B004461CD40D4606201AB209B205FB9E
:10A350000300039102920193FAF75EFF206000F080
:10A36000BBFCDDE902212068019B458001FB02F274
:10A370008380002106300CF067F9204605B030BD1F
:10A38000024B0360204605B030BD00BF547F030080
:10A3900010B504460868206000F052FC204610BD4D
:10A3A0002DE9F041054684B0002963D00A780C46B7
:10A3B000002A65D000260B4637463046B44607E0F3
:10A3C0000A2A60444CD04FF0000C13F8012F4AB118
:10A3D000A2F130010929F3D813F8012F4FF0010C35
:10A3E000002AF5D132B2002A41DB3BB2002B3EDB22
:10A3F000062113FB0210B2B2BBB203FB02F8FAF75C
:10A400000BFF286000F068FC286842468780468081
:10A41000002106300CF018F92F682378E3B101AE63
:10A42000063732464FF0000804E002F8013B14F80A
:10A43000013F8BB1A3F130010929F6D9B24282F86C
:10A440000080F4D930460CF0D2F807F8010B14F86C
:10A45000013F3246002BEDD1284604B0BDE8F08123
:10A460008642B8BF0646002001378446ADE7074F55
:10A470002F60D2E7054B0360284604B0BDE8F081A9
:10A480009046174616460620B9E700BF547F0300E2
:10A490000068438882880021063003FB02F20CF03A
:10A4A000D3B800BF0068B0F802C0614510DA00B54B
:10A4B000B0F804E0724508DA51EA020E05D4084407
:10A4C0000CFB02020020937100BD6FF47A7000BD96
:10A4D0006FF47A70704700BF2DE9F04FD0F800C0DC
:10A4E000BCF802E083B072459DF830B049DABCF8A0
:10A4F0000440A3421D4644DA0B68B3F8029002EB15
:10A500000907002F3DDD9E8805EB060ABAF1000F12
:10A5100037DD002A80463ADBAEEB02074F45A8BF85
:10A520004F46002D69DB641BA642A8BF26469C1D32
:10A5300022EAE2720EFB052E002DC8BF72460CF116
:10A5400006051544BBF1000F2FD15E4519DDC2464B
:10A550008946D846214628463A460CF0B1F8D9F843
:10A5600000305B881C44DAF8003008F101085B8891
:10A57000B0451D44EED108FB07FE704603B0BDE8B0
:10A58000F08F4FF0000E704603B0BDE8F08F7745B6
:10A59000A8BF77465042002D01903FDB641BA642C6
:10A5A000A8BF26469C1D0444C2E7002EE9DD4FF0FB
:10A5B0000009CE4607F1FF3A002F11DD631EAC46BD
:10A5C0000AEB040013F8012F1AB18CF800200EF1E9
:10A5D000010E83420CF1010CF4D1D8F800C00B68D5
:10A5E0005A8809F101091444BCF80220B145154408
:10A5F000E2D1704603B0BDE8F08FA2454FF00000F5
:10A6000056460190A8BF26469C1D019809FB150AD5
:10A61000544422EAE2720CF1060592E7A24556463E
:10A62000A8BF26469C1DF0E72DE9F043044683B001
:10A63000684615461F460E46FFF71AFD23685A88DE
:10A64000954238DA9B889F4235DA1F2E33D9019B19
:10A650009E4230DC31466846FFF714FD024602F1A7
:10A66000050838461027AE464FF0000C21684B888D
:10A670009E4510DA8E88B042714447FA0CF60ADA29
:10A6800092F8009003FB001119EA060F14BF4FF077
:10A69000FF3300238B710CF1010CBCF1050F0EF19F
:10A6A000010EE3D10132424500F10100DBD100206F
:10A6B00003B0BDE8F0836FF47A70F9E72DE9F0415B
:10A6C0000E1E26DD04686788A288BE42804604F11B
:10A6D000060417DA9AB1BF1B0025A1193A46204695
:10A6E0000BF0EEFF3246E01900210BF0ADFFD8F879
:10A6F00000305A889B8801359D421444EDDB0020D0
:10A70000BDE8F08107FB02F2002120460BF09CFF20
:10A71000F5E76FF47A70F3E72DE9F84F00AFD1F861
:10A720000080BE6AB8F80210FD6A16448E421C46CC
:10A7300081461D443CDA002ED8BF0E46B8F804A06E
:10A74000554502DA002DC8BFAA460AFB06F30733B7
:10A7500023F00703ADEB030DA245EB4612DD01FB31
:10A76000042208F1060515446B4632462946184670
:10A770000BF0A6FF0134B8F80220A245154400EB07
:10A780000A03F2D131B200290BDB0FFA8AF2002A58
:10A7900007DB48465B46FFF795FD4846BD46BDE8EA
:10A7A000F88F044BC9F800304846BD46BDE8F88F25
:10A7B0000E46C3E7547F030008B5064B06481860F1
:10A7C00000F03EFABDE80840044A054901480BF094
:10A7D000EFBE00BF7C590020547F030044200020BE
:10A7E000B5A20200014B0360704700BF5C7F03000D
:10A7F00010B5002982B0044610DD081D01920091B9
:10A80000FAF70AFD206000F067FA019A20680099C3
:10A810004180012A07D0204602B010BD064B0360DC
:10A82000204602B010BD0A46043000210BF00CFF98
:10A83000204602B010BD00BF5C7F030010B5044687
:10A840000868206000F0FCF9204610BD10B50446F1
:10A85000006800F015FA204610BD00BF10B50B6867
:10A8600004460068984282B007D0019100F008FACF
:10A8700001990868206000F0E3F9204602B010BD9D
:10A880000068096888420ED008B54A8843889A4211
:10A8900001D0002008BD043104300BF0ACFEB0FA4A
:10A8A00080F0400908BD0120704700BFB2F1000CE4
:10A8B0001ADB006808B5B0F802E01FFA8CF27245A6
:10A8C0000FD833EA230228BF7246AEEB0C0E724556
:10A8D00000F10400A8BF724660440BF0B5FE0020F2
:10A8E00008BD6FF47A7008BD6FF47A70704700BFCE
:10A8F00030B5002B83B0964602DA03685B889B1A5A
:10A90000BEF1000F24DB0068428803EB0E0C944577
:10A910001EDCF4451CDBDBB131F0004418D0C3F180
:10A92000000C8C4516DA8B4214DD0C46043000EB2B
:10A930000E01002C0D4622DB1B1B1A462144284623
:10A9400001930BF068FE019B22460021E81811E0FC
:10A9500003B030BD1FFA8EF18A42F9D333EA2303E4
:10A9600028BF1346A2EB0E0204309A42A8BF1A4633
:10A970000021704403B0BDE830400BF065BE1A19E9
:10A980002346C81A0C465D420BF045FE2A460021BC
:10A990002046EFE7002906DB03685A888A4202DB7B
:10A9A0005980002070476FF47A70704710B50446E4
:10A9B000006800F065F9204610BD00BF30B585B0D5
:10A9C0000546084601A9F9F713FB01A80BF086FE1E
:10A9D00004460530FAF720FC286000F07DF928686D
:10A9E0002246448001A904300BF06AFE2B68234400
:10A9F000002228461A7105B030BD00BF10B50446CC
:10AA000082B009B10B7823B90F4B2360204602B006
:10AA100010BD084601910BF061FE02460530009220
:10AA2000FAF7FAFB206000F057F92068009A0199C4
:10AA3000428004300BF044FE2368009A1344002146
:10AA40002046197102B010BD607F0300F8B51746AB
:10AA50000A683B68B2F90240B3F902301C4405466B
:10AA6000601D0E46FAF7D8FB286000F035F928681B
:10AA700031684480B1F90220043004310BF020FE2B
:10AA800032682B683968B2F90200B1F90220043348
:10AA9000184404310BF014FE2B68234400221A7171
:10AAA0002846F8BD30B5044683B051B10B7843B1A8
:10AAB000084695B2CDE900210BF010FE8542009AC0
:10AAC00004D90D4B2360204603B030BD501D0092C9
:10AAD000FAF7A2FB206000F0FFF820680199009AC5
:10AAE000458004300BF0ECFD2368009A13440021EC
:10AAF0002046197103B030BD607F030010B50446D5
:10AB00000868206000F09CF8204610BD014B0360EF
:10AB1000704700BF607F030010B50B6804460068F3
:10AB2000984282B007D0019100F0AAF80199086814
:10AB3000206000F085F8204602B010BD30B50968ED
:10AB40000446B1F90200824283B006DB1A48206055
:10AB500000F076F8204603B030BD04318D18895CD2
:10AB600059B1821A9342A8BF1346284600930BF0AE
:10AB7000B5FD009B9AB2824204D90F4B2360204658
:10AB800003B030BD1AB2501D01930092FAF744FB96
:10AB9000206000F0A1F82068019B009A43802946BC
:10ABA00004300BF08DFD2368009A134400212046E9
:10ABB000197103B030BD00BF607F03001368D1F886
:10ABC00000C010B5B3F802E00446BEF1000F0ED08D
:10ABD000BCF802C0BCF1000F03D0FFF737FF2046DE
:10ABE00010BD0360184600F02BF8204610BDC0F8D9
:10ABF00000C0604600F024F8204610BD002907DBA5
:10AC00000368B3F902208A4202DD0B4418797047C9
:10AC10000020704708B5064B0648186000F010F891
:10AC2000BDE80840044A054901480BF0C1BC00BF1B
:10AC300080590020607F030044200020ADA902005D
:10AC400003884FF6FF719BB28B4218D000B5012BE1
:10AC500083B0024601D0DB0704D41E200192F8F72E
:10AC6000FDFA019ABFF35B8FD2E85F3F0233C2E87F
:10AC7000513F0029F8D1BFF35B8F03B000BD70478F
:10AC800002884FF6FF7192B28A421CD000B5012AA9
:10AC900083B0034611D0D2070FD5BFF35B8FD3E843
:10ACA0005F2F911EC3E8501F0028F8D1BFF35B8FC0
:10ACB00092B2032A08D003B000BD1E200193F8F71A
:10ACC000CDFA019BE9E77047184603B05DF804EB45
:10ACD00000F000B8FAF7E6BA03230380704700BF1C
:10ACE00082B030B583B084468646DDE908015CF861
:10ACF000045BCDE906238DE80300DDE90623DEF8D9
:10AD0000144061462846A04703B0BDE8304002B079
:10AD1000704700BF08B502680B689A4201D0002056
:10AD200008BD1022043104300BF065FCB0FA80F04D
:10AD3000400908BD04207047042914BF01480020C1
:10AD4000704700BF16FCFFFF8268054B106993FB3C
:10AD5000F0F007EE900AF8EEE77A17EE900A7047E7
:10AD600040420F00837D43F020038375704700BF8E
:10AD7000807DC0F34010704710B50C310446FFF7DA
:10AD80005DFD204610BD00BF807D00F010007047C3
:10AD900010B5837D13F0100384B003D11C46204608
:10ADA00004B010BD044603A8A1680191FFF71AFD85
:10ADB00003F0E4F90199CB7D7F3301EB830103A814
:10ADC000FFF74CFD03F0A0F90023DFF878C0E07D29
:10ADD0001A4602F1510109015CF8011001B1013379
:10ADE000904202F1010228D0082AF2D1144B039AB2
:10ADF000111D48F6880031F803C084450B4411D07A
:10AE000052881144A26892F816C004E003EB4C0388
:10AE10001A88824201D08B42F8D3A3EB4C03B3F9DA
:10AE200000302382238A1BB223EAE37303A89CB277
:10AE3000FFF70CFD204604B010BD013B5B00D6E7D8
:10AE40002EF8FFFF00700040072911D8032A0FD801
:10AE5000C37D01761B0103F1804342EA012C03F517
:10AE6000E0434CF4805C42760020C3F818C570477C
:10AE70006FF47A70704700BF8176704710B5044652
:10AE80008069036800219B6B9847A06903684FF4B1
:10AE90007A51DB6C9847A07D216901280346B8BF31
:10AEA000012303EB8303B1FBF3F3B3F5807FA8BF6A
:10AEB0004FF480735B1047D000225B1002F1010257
:10AEC000FBD107EE901AF8EE677AB3EE007A01280C
:10AED00067EE877A2BD9082AA8BF0822012393405E
:10AEE00007EE103AF8EEC76A184A87EEA67A0021F4
:10AEF000C2F8F415A0690168C4F80432CB6B0021D4
:10AF0000FDEEC77A17EE902A9847A369104A5B694D
:10AF1000104801210224C3F80012C2F8084503F5C5
:10AF2000A074C2F81845C2F81C05D96010BD0123F1
:10AF300003FA02F106EE901A0449F8EEE66AC1F847
:10AF4000F42587EEA67AD5E71A46BAE700700040E6
:10AF500000F00140047000402DE9F04F87B000255B
:10AF60000192D44A02604560044603930E46F9F705
:10AF70001DF9D14ADFF8589322602832A26004F10B
:10AF80001C07A661A581C4F81C90646204F1280026
:10AF9000FFF728FC394604F1380784F83250384668
:10AFA000FDF7DCFFA26A84F833504FF002085288A4
:10AFB000E28538464FF4007729462786A4F8348086
:10AFC000A58584F83650FDF7F3FFC4F85890246641
:10AFD00004F16400FFF706FC04F1580184F86E5098
:10AFE00004F17400FDF7BAFF4FF0010A626E84F8B5
:10AFF0006FA05288A4F86A20294604F17400A4F8CE
:10B000006C70A4F87080A4F8685084F87250FDF752
:10B01000CFFFC4F89490C4F89C4004F1A000FFF75F
:10B02000E1FB04F1940184F8AA5004F1B000FDF7AB
:10B0300095FFD4F8A02084F8AB805288A4F8A6200D
:10B04000294604F1B000A4F8A870A4F8AC80A4F8D4
:10B05000A45084F8AE50FDF7ABFFC4F8D090C4F80C
:10B06000D84004F1DC00FFF7BDFB04F1D00184F807
:10B07000E65004F1EC00FDF771FF4FF0030BD4F83C
:10B08000DC2084F8E7B05288A4F8E22004F1EC0058
:10B09000A4F8E470A4F8E8802946A4F8E05084F805
:10B0A000EA50FDF785FF04F58671C4F80C91C4F8E9
:10B0B000144104F58C700291FFF794FB04F594722F
:10B0C000029984F8225110460292FDF747FFD4F806
:10B0D00018210298042184F823115288A4F81E2113
:10B0E000A4F82071A4F824812946A4F81C5184F8FE
:10B0F0002651FDF75DFF04F5A471C4F84891C4F82A
:10B10000504104F5AA700291FFF76CFB04F5B2728E
:10B11000029984F85E5110460292FDF71FFFD4F8A1
:10B1200054210298052184F85F115288A4F85A210D
:10B13000A4F85C71A4F860812946A4F8585184F8F9
:10B140006251FDF735FF04F5C271C4F88491C4F86B
:10B150008C4104F5C8700291FFF744FB04F5D072EE
:10B16000029984F89A5110460292FDF7F7FED4F83E
:10B1700090210298062184F89B115288A4F8962108
:10B180002946A4F89871A4F89C81A4F8945184F8F5
:10B190009E51FDF70DFFC4F8C091C4F8C84104F5F5
:10B1A000E670FFF71FFB04F5E07184F8D65104F553
:10B1B000EE70FDF7D3FED4F8CC21072184F8D71127
:10B1C0005288A4F8D221294604F5EE70A4F8D8815B
:10B1D000A4F8D471A4F8D05184F8DA51FDF7E8FE50
:10B1E00004F5FE70FFF7FEFAE019FFF7FBFA039B88
:10B1F000A380019B2361A78239462A46C4F804A292
:10B20000A57584F8085205A8FFF7F2FA4FF0FF334E
:10B210002A46882105A8FFF749FB05A904F5FE7019
:10B22000FFF71CFB05A8FFF711FBA18A2A4605A81A
:10B23000FFF7DEFA4FF0FF332A46882105A8FFF713
:10B2400035FB05A9E019FFF709FB05A8FFF7FEFA92
:10B250001A4F1B4BE5754FF080081C60C7F88080C3
:10B26000BFF34F8FBFF36F8F164A174B1749C3F8C1
:10B2700000552320C3F8F0B5C3F80403C2F808A5AD
:10B280002046C2F81015C2F81435FFF7F7FD87F80D
:10B290000753A069C7F880810368C7F800805B6A1C
:10B2A0009847A06903681B6B9847204607B0BDE824
:10B2B000F08F00BF647703009C7F030000E100E093
:10B2C0008459002000F001400070004004710040EB
:10B2D0006C7F0300F0B590F8083285B0002B40F089
:10B2E000A780554DD5F840260092D5F84426019206
:10B2F000D5F84826029203F0FF06C5F8FC6F01233B
:10B30000D5F8FC2FC5F8FC3F009BC5F84036019BE3
:10B31000C5F84436029AC5F848260323C5F80065E7
:10B32000C5F8F0352323C5F80433044686468675F0
:10B330003246374616E0A37D0133A375BEF834309C
:10B340009EF833005BBA43F4805305EB00109BB2C8
:10B35000082AC0F818350EF13C0EC1F81025C1F8C6
:10B3600014751CD0C2EB021004EB8000110190F8A0
:10B3700032C0130101F180411CF0100001F5E041E1
:10B3800002F1010203F18043D5D103F5E043082A1D
:10B39000C3F810050EF13C0EC3F81405E2D1A37DED
:10B3A000002B46D0244E01252046C6F80055FFF755
:10B3B00065FDE77DA18A00227F3703A8FFF718FA11
:10B3C00004EB87074FF0FF330022882103A8FFF723
:10B3D0006DFA03A93846FFF741FA03A8FFF736FADA
:10B3E000E27DA37DD4F8041204EB820203FB01F199
:10B3F000D2F8FC2103F10043A9400432013BC6F816
:10B400002C2602EB4302A38A93FBF1F301FB03F327
:10B410002B41C6F83036094B35600321C3F80415BB
:10B4200048F6880184F8085213889BB28B42FBD0FF
:10B430000126304605B0F0BD0070004000F001402C
:10B4400007EE901AB7EE007AF4EEC77AF1EE10FA32
:10B4500006D49FED297AF4EEC77AF1EE10FA10DDEA
:10B460000368264A9B69934241D18268244B126942
:10B4700093FBF2F307EE903AF8EEE77A17EE900AB4
:10B480007047C7EE276A00B50246806890F8083218
:10B4900083B0FDEEE66A5BB31A4B0321C3F80815CF
:10B4A0001949D1F80034DB07FBD401238B6090F8F5
:10B4B0000832002BFBD1C0ED046A0192FFF70AFFAE
:10B4C000019A13680D499B698B420CD192680C4B11
:10B4D000126993FBF2F307EE903AF8EEE77A17EE73
:10B4E000900A03B000BD104603B05DF804EB1847A6
:10B4F000C0ED046AE5E700BF0024744949AD0200CD
:10B5000040420F0000F001400070004001B308B558
:10B510008B7DDA0601D5002008BD90F808327BB19A
:10B520000D4B0E4A4FF0030CC3F808C5D2F8003497
:10B53000DB07FBD40123936090F80832002BFBD18A
:10B540008B7D43F010038B75FFF7C4FE002008BD10
:10B550006FF47A70704700BF00F001400070004047
:10B56000F0B50D4683B00446097D17481646F9F735
:10B5700075FF50B1297D1448F9F73AFF431E36B9DB
:10B580001E01F31A04EB83001C3003B0F0BDC3EBC3
:10B59000031104EB81011C31204601931E01FFF7CA
:10B5A000B5FF2A68D36D094A93421F46019B02D119
:10B5B00000222273E5E701932846002204F10801E6
:10B5C000B847019BDDE700BFC87F0300B901020057
:10B5D00021B308B58B7DDA0618D590F80832BBB1D7
:10B5E000104B114A4FF0030CC3F808C5D2F80034D1
:10B5F000DB07FBD40123936090F80832002BFBD1CA
:10B600008B7D03F0EF038B75FFF764FE002008BD10
:10B610008B7D03F0EF038B75002008BD6FF47A700B
:10B62000704700BF00F001400070004000B5827D0F
:10B63000022983B0034602F0100204D0012900D889
:10B640007AB903B000BD002AFBD119468068019386
:10B65000FFF75CFF019B9A7D42F010029A7503B0E0
:10B6600000BD194680680193FFF7B2FF019B9A7DE8
:10B6700002F0EF029A7503B000BD00BF38B50D4669
:10B680000446097D0F48F9F7E9FE90B1297D0D4880
:10B69000F9F7AEFE431EC3EB03139D0005F11C0139
:10B6A00021442046FFF794FF631993F83220D20615
:10B6B000FBD4237B1BB1236820469B69984700205D
:10B6C00038BD00BFC87F0300A0F10800FFF7D6BF58
:10B6D00008B501B390F8083203F0FF017BB11C4BB1
:10B6E0001C4A4FF0030CC3F808C5D2F80034DB073E
:10B6F000FBD40123936090F80832002BFBD1164B4A
:10B70000164A197013681649C3F3C0101B06087057
:10B710000CD4002008BD124B1B7883B90E4B1B784C
:10B72000002BF6D0FFF7D6FD002008BD8023C2F81D
:10B730008030BFF34F8FBFF36F8F002008BD074BE2
:10B7400080221A60044B1B78002BE2D0EAE700BF8E
:10B7500000F0014000700040B362002000E100E012
:10B76000B26200202DE9F04F867D85B0F6060446D2
:10B770000E9D807E59D5002858D10E687088B2EB96
:10B78000500F4FEA600E53DA043606EB4E0E06EB0E
:10B7900042067746AEF1020EAEEB060C4FEA6C0C99
:10B7A0009CFBF3F203FB12C2002AF2D1BEF90000A7
:10B7B0002082A07D80063BD5012B9A4651D0B7420E
:10B7C00036D92146134651F80C0FB4F91220B0F8BF
:10B7D00002908B46111D0144984607E0B4F91220EF
:10B7E0004A4519D0B74223D9B4F912204A4522D08C
:10B7F000B6F900200133AB42904406EB4A06EDD186
:10B8000098FBF3F821F8028B628A023212B200230D
:10B810004A4562829846E5D104F11C00CDE9003129
:10B82000FDF748FBDDE90031DCE708B10138A0761F
:10B8300005B0BDE8F08F0122B4F91410009303A8FD
:10B84000FEF7D6FF03A95846FFF708F803A8FEF74E
:10B85000FDFFE168009B00226282B1F80290043192
:10B86000C6E704F10C00FEF7F9FFE3685B8863822A
:10B8700004F11C0005B0BDE8F04FFDF71BBB00BF95
:10B880002DE9F043434BD3F8042185B006461AB99D
:10B89000D3F81431002B43D096F817803D4F08F1B0
:10B8A000010303F00103F375D7F8341608F17F089C
:10B8B00006EB8808490040460024FFF76BF8A146D4
:10B8C00006F11C0504E00134082C05F13C051CD0F0
:10B8D00004F151031B01FB58002BF4D0414603A88F
:10B8E000FEF7ACFFD6F80422B37D009228464A4604
:10B8F00003A9FFF737FF013403A8FEF7A7FF082CC1
:10B9000009F1010905F13C05E2D1224BD3F80421EC
:10B9100012B10022C3F804211E4BD3F8142132B90E
:10B920001C4CD4F8003163B905B0BDE8F0830022A7
:10B93000184CC3F8142186F80822D4F80031002BE3
:10B94000F2D0F57DB18A013505F0010505F17F07DB
:10B95000002203A8FEF74CFF06EB87074FF0FF33EA
:10B960000022882103A8FEF7A1FF06EB850603A9A4
:10B970003846FEF773FF03A8FEF768FFD6F8FC31E0
:10B9800000220433C4F82C36C4F8002105B0BDE809
:10B99000F08300BF00700040024B186808B1FFF749
:10B9A0006FBF704784590020F8B5134B036003F153
:10B9B00028020546826000F50070FEF747FF05F596
:10B9C000FE70FEF743FF0D4F05F5EE742E1F44F891
:10B9D0001C7C2046FDF71AFAA4F110003C3CFEF74F
:10B9E00035FFB442F3D1064A2A6000232846EB8093
:10B9F000F8F74AFC2846F8BD9C7F03006C7F0300E3
:10BA000064770300F8B5154B036003F1280205467F
:10BA1000826000F50070FEF719FF05F5FE70FEF775
:10BA200015FF0F4F05F5EE742E1F44F81C7C2046C1
:10BA3000FDF7ECF9A4F110003C3CFEF707FFB4421F
:10BA4000F3D1084A2A600023EB802846F8F71CFC53
:10BA500028460AF0B2FD2846F8BD00BF9C7F0300CF
:10BA60006C7F030064770300194A436991420BD845
:10BA700000214FF0CC72C3F80015C3F8242506222C
:10BA8000C3F8002500207047124A914214D9124A87
:10BA9000914208BF4FF0C4624FF0000C4FF0C860F5
:10BAA000C3F800C5C3F8240508BFC3F8242506223F
:10BAB000C3F800250020704700214FF08062C3F8D2
:10BAC0000015C3F824250622C3F80025002070477E
:10BAD0008FD003007F1A0600801A0600704700BF4F
:10BAE00000B583B001900AF068FD019803B000BD75
:10BAF00010B5C2688A4282B003460FD002698A42FA
:10BB00000CD01A793AB11A680B49926B8A421846DE
:10BB10000DD10AF052FD002002B010BD196801934A
:10BB20000022CC6B18461146A047019BE9E79047DD
:10BB3000002002B010BD00BFE1BA0200C368002BB4
:10BB40003AD00369002B37D01A6870B504461268E2
:10BB5000012118469047E068036801211B68984757
:10BB60000420F9F79DFC0025E068036802219B682A
:10BB70009847014608BB206903681B689847042062
:10BB8000F9F78EFC2069036801211B68984701358D
:10BB90000420F9F785FC092DE6D1E068036800214F
:10BBA0001B6898470420F9F77BFCE0680368BDE850
:10BBB00070401B68012118477047002DEDD170BD02
:10BBC00038B5044615460A4600F10C01FAF758F953
:10BBD0002A4604F110012046FAF752F96169E26839
:10BBE0000023C1F80035F2B12269E2B101212046FB
:10BBF000FAF744F90621E06801F028FA06212069E5
:10BC000001F024FA2046FFF799FFE068026802215C
:10BC1000926890472069026802219268904700214B
:10BC20002046FAF72BF90A20F9F73AFCD4E9042365
:10BC3000BAB192F814C0E26882B1107DC3F808C5A9
:10BC40004FF0CC710622C3F80C05C3F824150A2066
:10BC5000C3F80025F9F724FC002038BD4FF0FF3071
:10BC6000ECE74FF0FF3CE6E770B582B00446019385
:10BC700016460D46FAF7F4F80F4A019B226000229F
:10BC8000C4E90222226163B1184602F047FB6061F9
:10BC900068B1324629462046FFF792FF204602B09F
:10BCA00070BD012002F05CFB60610028F1D15A20D8
:10BCB000F7F7D4FAEDE700BF18800300F0B5436949
:10BCC0008EB283B09C590546002C56D1334F0BE001
:10BCD000D3F8482592B9632C4FDC0A20F9F7E0FB32
:10BCE0006B699A59002A48D1D3F824212ABBBC4257
:10BCF00023D0D3F850210134002AE9D1632CECDDA4
:10BD0000D3F8602152B1D3F80022D10506D5D3F87B
:10BD100048211AB90122DA610024DEE7D3F8602154
:10BD2000002ADAD0D3F800229205D6D5D3F8042120
:10BD3000002AD2D101225A61EEE7D3F8C414C3F825
:10BD4000C4140022C3F82421D3F824210192012233
:10BD50000199134C1A625A6101E0013C16D00A2085
:10BD6000F9F79EFB6B69D3F80431002BF5D0A86876
:10BD70000C4C30B9204603B0F0BDA8680024002860
:10BD8000F8D0F9F78DFB204603B0F0BD2B682A6987
:10BD9000DB6BE96828469847E9E700BF41420F009E
:10BDA000A08601000EFCFFFF30B5C1F3470C4169CE
:10BDB0009E46002389B0C1F888C5C1F804311546F4
:10BDC000D1F804210692069AC1F82431D1F8242131
:10BDD0000592059AC1F86031D1F860210492049A65
:10BDE000C1F85C31D1F85C210392039AC1F850315B
:10BDF000D1F850210292029AC1F84C31D1F84C216D
:10BE00009DF830400192019AC1F84455C1F848E5C7
:10BE1000B4B14FF480740122C1F800428A60D1F8B5
:10BE2000484134B10A62C1F84831D1F8483107932A
:10BE3000079B4FF4A47109B0BDE83040FFF73EBF47
:10BE40004FF400720123C1F800228B60D1F8482121
:10BE500032B94FF4827109B0BDE83040FFF72EBF10
:10BE60000B62C1F84841D1F848310793079BF0E7CE
:10BE700030B5C1F3470C41699E46002389B0C1F833
:10BE800088C5C1F804311546D1F804210692069AF6
:10BE9000C1F82431D1F824210592059AC1F8603106
:10BEA000D1F860210492049AC1F85C31D1F85C2188
:10BEB0000392039AC1F85031D1F850210292029AAC
:10BEC000C1F84C31D1F84C219DF830400192019AD3
:10BED000C1F83455C1F838E5E4B101220A60D1F85F
:10BEE000484134B10A62C1F84831D1F8483107936A
:10BEF000079B4FF4AE710446FFF7E0FE10BB636989
:10BF000001224FF4A4712046DA6109B0BDE8304047
:10BF1000FFF7D4BE4FF480520123C1F800220B601A
:10BF2000D1F8482132B94FF4827109B0BDE83040F0
:10BF3000FFF7C4BE0B62C1F84841D1F848310793FE
:10BF4000079BF0E7014809B030BD00BF0EFCFFFFC2
:10BF5000F0B585B01F468DF80F2002689DF82C3093
:10BF6000156A104A0093954204460E464FF00103AD
:10BF70000DF10F0210D1FFF717FF58B923689D6A22
:10BF8000094B00909D423A460A9B3146204605D116
:10BF9000FFF76EFF05B0F0BDA847EEE7A84705B074
:10BFA000F0BD00BFA9BD020071BE02000C4B10B570
:10BFB00003F12C0103F138020446C0E902120360C8
:10BFC0003030FEF743FC04F12C00FEF73FFC054A3D
:10BFD000226000232046E380F8F756F9204610BD82
:10BFE000608003006477030010B5D0F814E091F886
:10BFF00014C000234FF0FF340EEB83020133D2F85C
:10C000006015614508BFC2F86045042BF4D1037C7C
:10C0100013B103689B699847002010BDA0F10C0084
:10C02000FFF7E2BF0E4B03F12C0103F1380210B50C
:10C030000446C0E9021203603030FEF707FC04F149
:10C040002C00FEF703FC074A22600023E380204611
:10C05000F8F71AF920460AF0B0FA204610BD00BFE2
:10C0600060800300647703004369D3F808057047D4
:10C0700007EE101ADFED1A6AC6EE877AB0EE677A1D
:10C08000BEEECE7A17EE102AB2F5004F23DB002366
:10C09000013342FA03F1B1F5004FF9DA072B1DDC49
:10C0A00001FA03F2002AB8BF0F32121107EE902AEC
:10C0B000DFED0B6AD0F814C0F8EEE77ACCF80C3557
:10C0C00086EEA77ACCF808150023C0ED097A80ED3A
:10C0D000087A1846704711460023E3E7014BF8E75A
:10C0E0000024744900407AC407EE101ABEEECE7ADE
:10C0F00017EE102AB2F5004F23DB0023013342FA7A
:10C1000003F1B1F5004FF9DA072B1DDC01FA03F258
:10C11000002AB8BF0F32121107EE902ADFED0C6A29
:10C12000D0F814C0F8EEE77ACCF80C3586EEA77A92
:10C13000CCF808150023C0ED097A80ED087A18467E
:10C14000704711460023E3E76FF47A73F7E700BF07
:10C1500000247449406A704743690020C3F81015F1
:10C16000704700BF43698176C27649B1012004213E
:10C170003022C3F81405C3F80012C3F80423704733
:10C180003022C3F81415C3F80012C3F8082370470F
:10C1900070B590F9292084B00346002A41D1C269C4
:10C1A0000C46AAB9827E82B1427E72B1C27E62B969
:10C1B0004269DFF898C002EB411208200121C2F861
:10C1C00020C5C2F8240583F82910002004B070BDF2
:10C1D000416B0193086804F10B0203EB82060568CA
:10C1E00003A8A84703A93046FEF738FB03A8FEF7CB
:10C1F0002DFB019B03EB84015A69C96AB1F802E087
:10C2000002EB4412DC694FEA6E000431C2F82015DB
:10C2100004F1FF3CC2F824050120C3F81CC004B09F
:10C2200070BD416901224A60D1F80421002AFBD087
:10C23000DA69002159761985002AC6D01968013AB1
:10C24000C969DA61184688470020BFE778360020C0
:10C2500000B5C269817E013283B00346C26121B15B
:10C260005A7E82B1002003B000BD0190FFF790FF1D
:10C27000019BF0B15A69012191609A7E002AEFD1A9
:10C28000002003B000BD4FF001025A7693F8281049
:10C2900001931846FFF77CFF019B93F82820013299
:10C2A00002F0010283F828203AB95B6901229A6002
:10C2B000D8E7DA7E002AE0D0DCE7DA6912B900229A
:10C2C0005A76CFE7184601210193FFF761FF019BE2
:10C2D00093F82820013202F0010283F82820002A76
:10C2E000EDD1E2E7A0F10800FFF7B2BF174B1B68E2
:10C2F00053B100B55A69D2F8101183B0A1B9D2F880
:10C30000142112B903B000BD7047002283F8282021
:10C31000012118460193FFF73BFF019B5B69002257
:10C32000C3F8142103B000BD012283F828200021A6
:10C3300018460193FFF72CFF019B5A690021C2F8B0
:10C340001011D2F81421002ADCD0DEE78859002031
:10C35000174B5B6853B100B55A69D2F8101183B01E
:10C36000A1B9D2F8142112B903B000BD7047002260
:10C3700083F82820012118460193FFF709FF019B4C
:10C380005B690022C3F8142103B000BD012283F8C9
:10C390002820002118460193FFF7FAFE019B5A69F5
:10C3A0000021C2F81011D2F81421002ADCD0DEE7F7
:10C3B00088590020174B9B6853B100B55A69D2F8D1
:10C3C000101183B0A1B9D2F8142112B903B000BD85
:10C3D0007047002283F82820012118460193FFF7B7
:10C3E000D7FE019B5B690022C3F8142103B000BD96
:10C3F000012283F82820002118460193FFF7C8FE88
:10C40000019B5A690021C2F81011D2F81421002AA8
:10C41000DCD0DEE788590020426900230376C2F8A9
:10C4200000357047032A45DC70B502F5AC724469EB
:10C430000B7D54F822409C4282B01CD00B46096808
:10C440000446086E05461D4885421ED1086805460B
:10C450001B48854225D1C96D6669187D46F82200C2
:10C460000D4618498D424FF0000207D12274DA8838
:10C4700042F00802DA80002002B070BD1846009336
:10C4800004F10C01A847009BF1E7184601920093C4
:10C49000A847009B019A1968086805460848854224
:10C4A000D9D00192002118460093A847009B019A19
:10C4B0001968D0E76FF47A70704700BFBD010200C1
:10C4C00009F10100B901020010B504680F4A236A9E
:10C4D000934217D1D0F814E091F814C000230EEB6A
:10C4E00083020133D2F86015614504BF4FF0FF317C
:10C4F000C2F86015042BF2D1037C0BB1A3699847F5
:10C50000002010BDBDE81040184700BFE9BF020081
:10C51000D0F80CC08C4511D010B5034682B014463B
:10C52000BCF1000F06D002680191126E0090904796
:10C53000DDE900310C71D96002B010BD704700BF59
:10C5400000B590F804E01EF0020F31D000292CDB7A
:10C55000002A2ADD002B28DDB429D0F800C0A8BFAE
:10C56000B42109B2DCF830E0C1EB411C01EB8C0CCA
:10C570004FEACC0C0F494FEA9C0CA1FB0C1C02EBC0
:10C58000D271A3EB61034FF47A7101FB03F34FEA1D
:10C590009C0C02FB0C32084BD11783FB0232C1EB1F
:10C5A000A21173465DF804EB18476FF47A7000BD72
:10C5B000024800BD176CC116D34D621016FCFFFF78
:10C5C000C08800F00500003818BF0120704700BF88
:10C5D000037D1F2B8CBF0A4A4FF0A04203F01F03BC
:10C5E000D2F81415012202FA03F30B4206D1C088D7
:10C5F00000F00A00003818BF01207047104670474D
:10C6000000030050C08810F0030018BF01207047DD
:10C61000C08800F00C00003818BF0120704700BF30
:10C62000027D41711F2A8CBF0D4B4FF0A04302F0D9
:10C630001F0203EB82030129D3F8000720F00C024C
:10C6400007D0022908BF40F00C02C3F800270020E1
:10C65000704742F00402C3F800270020704700BF73
:10C6600000030050D0F8103521EA0301C0F8181576
:10C67000704700BFD0F810350B40C0F81835704730
:10C6800010B5C3889B0782B0044606D5C06860B366
:10C690000191F9F7F1FB019938BB236801911B6EF9
:10C6A00020469847207D0199012300F01F02934006
:10C6B000A1B11F2829D91F49C1F808351D4B03EB2B
:10C6C0008203E288D3F8001742F0020241F0010130
:10C6D0000020C3F80017E28002B010BD1F281BD84D
:10C6E0004FF0A041C1F80C3513E0227D012302F088
:10C6F0001F008340A1B11F2A8CBF0E4A4FF0A042F9
:10C700000020C2F8083502B010BD4FF0A041C1F8BA
:10C7100008354FF0A043D2E70649C1F80C35CDE704
:10C720001F2A8CBF034A4FF0A0420020C2F80C35EC
:10C7300002B010BD0003005030B5037D1F2B03F085
:10C740001F048CBF1C4B4FF0A0430122A240D3F822
:10C750001445144283B002D0002003B030BD0D4612
:10C760000446D9B9C3F80C25184611460193FFF7C2
:10C7700081FF019BD3F8143513421AD02368204659
:10C780001B6E984723680D4A1B6893422946204632
:10C790000DD103B0BDE83040FFF772BFC3F80825E4
:10C7A000184611460193FFF75DFF019BE2E79847AA
:10C7B000D2E70348D1E700BF0003005081C6020062
:10C7C00012FCFFFF03799A0727D510B5C3885B07D2
:10C7D00082B004461BD5124B1868E0B101222146F5
:10C7E000FEF7BEFE0346B0B1E06858B10193F9F719
:10C7F00043FB019B30B11846FEF7CAFAC0F30F1095
:10C8000002B010BDE28842F00402E280F3E7036860
:10C810001B6E9847DFE70348F2E70248704700BF06
:10C820009859002016FCFFFFC3881B0739D570B547
:10C830001D4D1E4C28682DED028B08EE101AFFF7D7
:10C8400013FCF8EE487A08EE900A17EE901A286862
:10C85000FFF74AFCF8EEE88A04F108062388286806
:10C8600008EE103AFFF700FC07EE900AB8EE488A8F
:10C87000F8EEE77A67EE887A87EEA87ABCEEC77A98
:10C8800017EE103A24F8023BB442E7D1084B0749AF
:10C89000186808220123FCF7DFFFBDEC028B0020A3
:10C8A00070BD0448704700BFA45900209C59002067
:10C8B000A859002016FCFFFF0368054A9B6B4FF444
:10C8C0007A7C93420CFB01F101D1FFF7ADBF184711
:10C8D00029C8020008B5C3881B0701D4064808BD53
:10C8E000064B1868FFF736FC07EE900AFCEEE77A75
:10C8F00017EE900A08BD00BF16FCFFFFA4590020E8
:10C9000000B50368274A9B6A934283B0014634D13D
:10C91000C3885B052FD4C868C8B10191F9F7ACFA98
:10C920000199A0B9C868CB880268019143F480637B
:10C930001268CB8090471C4B01991A68C86802B1F5
:10C940000C3290420B7D1ED00022CA6000E00B7DAD
:10C950001F2B8CBF154A4FF0A04203F01F0302EBC0
:10C960008303CA88D3F8000702F4306220F4403011
:10C97000C3F80007CA8003B000BD01909847019931
:10C980000028C8D0F7E70A4A4FF0FF0E02F1040C66
:10C9900012F9010B984208BF02F801EC9445F7D157
:10C9A000D2E700BF49010200A45900200003005053
:10C9B0004020002008B503680E4ADB6B934213D178
:10C9C000C3881B0701D40C4808BD0C4B1868FFF73F
:10C9D000C1FB07EE900AFCEEE77A094B17EE900ACE
:10C9E000A3FB0030800908BD9847054BA3FB00302E
:10C9F000800908BDD5C8020036894100A45900202D
:10CA0000D34D621000B5D0F800C0DFF860E0DCF86C
:10CA10004420724583B0034620D1007D59711F2800
:10CA20008CBF114A4FF0A04200F01F0002EB8002C1
:10CA30000129D2F800E72EF00C000CD0022908BF23
:10CA40004EF00C00C2F80007DCF80420184603B0D2
:10CA50005DF804EB104740F00400F3E701909047C5
:10CA6000019BD3F800C0EFE70003005021C602008D
:10CA700038B5C388DB07044614D5C06810B1F9F790
:10CA8000FBF978B1237D1F2B47D92A4AD2F810151C
:10CA900003F01F03012202FA03F30B4214BF1046F6
:10CAA000002038BD236820461B6E9847207D1F2834
:10CAB00030D9204BDFF880C000F01F0203EB820367
:10CAC000D3F8001721F00301C3F80017E18841F003
:10CAD0000101E1802168496C0D466545617922D1EB
:10CAE000D3F800C701292CF00C0419D0022908BF83
:10CAF0004CF00C04C3F800471F288CBF0D4B4FF0BF
:10CB0000A043D3F81015012393400B4214BF01201A
:10CB1000002038BD4FF0A043CCE74FF0A042B5E76E
:10CB200044F00404E6E72046A847207D00F01F02F9
:10CB3000E2E700BF0003005021C6020010B5044622
:10CB40004FF4807082B02F2AE08021814FF00000E6
:10CB50000E4923714FF00103C4E9030022752160DF
:10CB600063710DD80A480B4B40F822404FF000414A
:10CB7000C3F80413084B204640221A6002B010BDCF
:10CB800032200192F6F76AFB019AEBE7A4800300DA
:10CB9000AC5900200060004000E100E00379DB07B1
:10CBA0004ED5C388DA063CD4F0B503680D461B6E3B
:10CBB000044685B00F469847012D236849D05B682D
:10CBC0002046984723682420DD6D09F0F8FC0023F7
:10CBD000CDE900332146012322890646FAF768FD94
:10CBE000474B9D4206F10C0158D1E368994229D088
:10CBF0002BB1236803911B6E204698470399E38865
:10CC0000E16023F40063012243F011033274E380F6
:10CC100051F80C3CDB69A1F10C0005B0BDE8F04017
:10CC20001847C3F3C0238B42BED1C168002B43D148
:10CC3000002963D051F80C3CA1F10C00DB691847C6
:10CC400030487047E38823F4006343F01103E38026
:10CC5000DEE73420DD6D09F0B2FC2B4B21461A686B
:10CC600040F6AC530646FBF74BFE254B9D4206F1C2
:10CC70000C012CD1E368994222D0002B35D02368D7
:10CC800003911B6E20469847E3880399377443F459
:10CC9000016343F00103E160E380B9E7012220462C
:10CCA000A847E388E16823F4006343F01103E380BD
:10CCB0000029ADD10B68FFDE0029BBD10B68FFDE78
:10CCC000E38843F4016343F00103E380A0E73A46BD
:10CCD0002046A847E388E16843F4016343F0010379
:10CCE000E380002994D10B68FFDEE388377443F4B6
:10CCF000016343F00103E160E38089E70B68FFDE35
:10CD000011C5020016FCFFFF94590020C188C1F331
:10CD1000C021FFF743BF00BF10B5C388590684B0D8
:10CD2000044614D49A060AD41B0606D5236923B1F7
:10CD3000012004B0BDE81040184704B010BD012325
:10CD4000218902226846FDF723FAE388ECE701898E
:10CD5000002305226846FDF71BFAE3684BB1D96A48
:10CD6000029ADA626846521A0023CDE90223FDF7DF
:10CD70006DFAE388D6E700BF10B5C388590684B0C2
:10CD8000044614D49A060AD41B0606D5236923B197
:10CD9000002004B0BDE81040184704B010BD0123C6
:10CDA000218903226846FDF7F3F9E388ECE701895E
:10CDB000002304226846FDF7EBF9E3684BB1D96A1A
:10CDC000029ADA626846521A0023CDE90223FDF77F
:10CDD0003DFAE388D6E700BF2DE9F049D0F82045B9
:10CDE00085B006466CB3DFF890800D4601274FF002
:10CDF0001F0BB4FA84FCABEB0C03591907FA03F2CE
:10CE000058F821B024EA0204BBF1000F17D0BBF898
:10CE1000062012F0E00F06EB83030ED0D3F80027B4
:10CE200082F48032C3F80027D3F80037DA0358467B
:10CE30001CD5FFF771FFBBF80620930508D4002C22
:10CE4000D5D14FF0FF33C6F8203505B0BDE8F089E5
:10CE5000F8F76AF80028F2D00123052240F2FF31EA
:10CE60006846FDF795F9002CC1D1EAE7FFF784FF8A
:10CE7000BBF80620E1E700BFAC59002008B5094B1C
:10CE8000D3F87C2102B908BD0021C3F87C114FF012
:10CE9000A040FFF7A1FFBDE8084003482021FFF7AD
:10CEA0009BBF00BF006000400003005030B5C38846
:10CEB00013F0E00F83B004460A4622D103680191C3
:10CEC0005B689847237D019A1F2B8CBFDFF8ECE04D
:10CED0004FF0A04E03F01F030EEB8301D1F800C703
:10CEE0002CF4403CC1F800C7002832D1D1F800072B
:10CEF00040F40030C1F8000701219940E388CEF8E2
:10CF00002015590616D5032A49D0E0680192036816
:10CF100021461B689847E388019A002123F0E0032B
:10CF2000022AE160E3800CD143F02003E38000207B
:10CF300003B030BD032A23F0E00311D0022AE380BE
:10CF4000F2D0012AF3D143F080030020E38003B044
:10CF500030BDD1F8000740F44030C1F80007CBE7FE
:10CF600043F04003E380302009F029FB21460546C9
:10CF700008F09EFDF9F702FE22680F49D36DE862C2
:10CF80008B4214D1E1688D42D1D011B1126E20468E
:10CF90009047012200202A71E56003B030BD23F0E4
:10CFA000E00343F040030020E38003B030BD0122E2
:10CFB000294620469847BAE711C5020000030050F1
:10CFC000032908B50FDC002909DC1AD1C38803F056
:10CFD000F00313B103681B6E9847002008BDBDE83D
:10CFE0000840FFF763BF04290BD103680749DB6AD8
:10CFF0008B4209D1C188C1F3C021FFF7CFFD0020CA
:10D00000ECE76FF47A7008BD9847E6E70DCD0200B3
:10D0100038B5036804465B680D469847E3885B06AD
:10D0200009D42368084A5B6D93424FF00301204600
:10D0300007D1FFF73BFFE0682946BDE8384008F01C
:10D040004FBD9847F7E700BFC1CF0200072913D8AB
:10D05000037D1F2B8CBF0A4A4FF0A04203F01F0331
:10D0600002EB83020020D2F8003723F4E06343EAA6
:10D070000123C2F8003770476FF47A70704700BF21
:10D0800000030050027D00290CBF00214FF44071C5
:10D090001F2A8CBF074B4FF0A04302F01F0203EB87
:10D0A00082030020D3F8002722F4E0620A43C3F889
:10D0B0000027704700030050027D1F2A88BF0A4BDB
:10D0C00002F01F0298BF4FF0A04303EB8203D3F896
:10D0D000002722F44032C3F80027D3F8002742EAA1
:10D0E0000142C3F8002770470003005070B5174B8A
:10D0F0001A6882B02AB1164C256895B1002002B09A
:10D1000070BD442009F05BFA0446FCF787FB0F4B27
:10D1100020461C600E4C0321FCF72EFB2568002DD9
:10D12000ECD1382009F04BFA084B0A491A6813234E
:10D1300006460093084BEFF7B3F930460122294623
:10D140002660FFF70FF8002002B070BDA85900203C
:10D15000A459002000C0014000004842F8B50379FE
:10D160009C072DED028B5BD5B1F5806F5AD2C38839
:10D170001A0708EE101A05463CD52C4E287D32467B
:10D180004FF0FF34002312F9011B884208BF1C46F0
:10D190000133042BF7D1631C30D0254FE86820B34E
:10D1A000F8F76AFE08B33868FEF75EFF9FED216A64
:10D1B0002149224BB8EEC87AF7EE007AE7EE467ABC
:10D1C00006EE900AB8EEE67A186867EE877A0123D1
:10D1D000FDEEE77A17EE902A21F814200822FCF7DA
:10D1E0003BFB0020BDEC028BF8BDEB8843F008034D
:10D1F000EB80D8E703681B6E9847BEE72846FFF729
:10D2000075FF0F4B0A4F1C783868013404F0030493
:10D210001C7022462B7D33552946FFF703F9BDE7E5
:10D220000848DFE76FF47A70DCE700BF4020002099
:10D23000A45900200000803A9C590020A8590020E1
:10D240002121002016FCFFFF70B5184D2DED028B3B
:10D25000044608EE101AFFF749FF2868FEF77AFF28
:10D26000DFED137A07EE100AB4EE677AF1EE10FAEA
:10D2700015D1F8EE487A9FED0F7ADFED0D6A23683D
:10D2800067EE877ABDEC028B87EEA67A2046DB68D4
:10D29000BDE87040FDEEC77A17EE901A184717EEFA
:10D2A000901A2868FEF720FFE3E700BFA45900208A
:10D2B00000409C460000804421B9436E4FF4047244
:10D2C000C3F8082300207047B1F5614F37D00FD85D
:10D2D00047F6122399422BD0B1F5164F21D0B1F564
:10D2E000165F3AD11E4A436E0020C3F824257047CA
:10D2F000B1F5612F2AD01B4B99420BD0436EB1F58B
:10D30000613F14BF4FF0EB724FF06C720020C3F816
:10D3100024257047436E4FF080520020C3F8242527
:10D320007047436E4FF41D020020C3F82425704758
:10D33000436E4FF400020020C3F824257047436E6B
:10D340004FF46B020020C3F824257047436E4FF062
:10D3500070620020C3F8242570474FF0EB72C2E7DB
:10D360000050270040420F0070B504460D46164697
:10D370002046F9F74BF90028FADC94F83C3003F02A
:10D38000FF00002BF4D1636E297D327DC3F80C15AC
:10D39000C3F8142570BD00BF10B584B004468DF8E5
:10D3A000071000F0ABFE18B994F83C30002BF8D110
:10D3B00000F0A4FE636E60B10022C3F82021D3F810
:10D3C000201103910399C3F85821D3F858210292F0
:10D3D000029A01220DF1070184F83C20C3F844159C
:10D3E000C3F848259A6000F089FE88B1626ED2F8D1
:10D3F0002031D2F858110B43F9D059B90123D36029
:10D40000D2F85831002BFBD00020002384F83C30A8
:10D4100004B010BD0048F8E709FCFFFF0021F9F750
:10D4200095B800BF90F83C2002B1704710B586B0A7
:10D430000190F9F7EBF8E0B1019B998E9A8E93F881
:10D4400030001C6892B20132B2FBF0FC00FB1C22DF
:10D45000A4699A860E4AD86A89B29442415C1846F9
:10D4600011D1FFF799FF019B9A8E598E93B2994281
:10D4700001D006B010BD0123022240F2FF3102A804
:10D48000FCF786FEF5E70193A047019BECE700BFA0
:10D4900099D3020000B583B0C1B9C28951070346D0
:10D4A0001BD55A6E03F144002021C2F834054FF019
:10D4B000000CC2F838154FF404700121C3F840C0C5
:10D4C000C2F804031160002003B000BD0129FAD1A5
:10D4D000FFF7A8FF002003B000BD0190F8F770FE31
:10D4E000019BDA895207DCD4002003B000BD00BFE5
:10D4F00010B5214B214A0446406E03F13C0182B035
:10D500002360A160C0F8082300F07CFF00280CDB3A
:10D5100043091B4900F01F0020330122824041F8DB
:10D520002320BFF34F8FBFF36F8F606ED0F80032B0
:10D53000012223F020030021C0F800324260C0F82D
:10D540005811D0F858310193019BC260D0F858317E
:10D55000002BFBD04FF0FF330022C0F80025C0F8AD
:10D560000C35C0F8143500F01FFF2046F9F75CF8C1
:10D57000204602B010BD00BF188103001403420012
:10D5800000E100E0A0F10800FFF7B2BF10B50446CB
:10D59000FFF7AEFF204609F010F8204610BD00BF8F
:10D5A00010B5A0F108042046FFF7A2FF204609F0BD
:10D5B00004F8204610BD00BF30B583B00446406E6D
:10D5C000019100F01FFF01992268054639B3E189F6
:10D5D00011F0200123D19368364A934267D1636EDC
:10D5E0004FF40472C3F808232046F9F70FF8002817
:10D5F000FADC94F83C30002BF6D19D4245DB6B09F8
:10D600002D4905F01F0520330122AA4041F82320AF
:10D61000BFF34F8FBFF36F8F002003B030BD002DDD
:10D620000CDB05F01F016D09AD0005F1604505F546
:10D63000614501238B40C5F880312B6053681F4D35
:10D64000AB422CD1E3895A0722D5636E04F1440220
:10D650002021C3F83425C3F838154FF40472002193
:10D660002164C3F8042301221A602046F8F7CEFF94
:10D67000002806DD23685B68AB4214D12046FFF723
:10D68000D1FEA16B2046F8F7B3FF002003B030BDF8
:10D690002046F8F795FDE3895B07E6D5D5E700213D
:10D6A00020469847E1E7012120469847E9E72046D0
:10D6B000984799E7B9D2020000E100E095D4020052
:10D6C000A0F10800FFF778BFF0B54FF00C0C8BB05D
:10D6D0001D461423CDE9003C04460E461746F8F7D4
:10D6E000E3FE494B23603C33A360002384F83C30C5
:10D6F00063662364002D7CD0284600F00FFE606630
:10D7000000287CD04FF0EB73C0F824350023C0F81C
:10D710006C352046F8F77AFF0028FADC94F83C30A4
:10D7200003F0FF02002BF4D1606E317D3B7DC0F829
:10D730000C15C0F81435C0F80821D0F80831099349
:10D74000099BC0F81021D0F810310893089BC0F84D
:10D750002021D0F820310793079BC0F82421D0F86E
:10D7600024310693069BC0F84421D0F84431059338
:10D77000059BC0F85821D0F858310493049BC0F899
:10D780004C21D0F84C310393039BD0F800321F4A50
:10D790001F4943F02003C0F80032C0F8042322469A
:10D7A00000F064FE606E00F02DFE00281ADB4309D5
:10D7B00000F1604202F561429B0003F160432021C9
:10D7C00082F8001303F5614300F01F00012282403C
:10D7D000C3F880211A60636E08222046C3F8002532
:10D7E0000BB0F0BD0B4B00F00F00C31820221A76CF
:10D7F000F1E7102000F0B4FD6066002882D15A20C5
:10D80000F5F72CFD606E7DE71881030014034A00D4
:10D8100061D80200FCEC00E030B5436ED3F83C5513
:10D82000026CAA4283B0044606DA0022C3F808213B
:10D83000D3F808310193019B236C9D420BDD236CCF
:10D840005A1C2344226493F844102046F8F734FC11
:10D85000236CAB42F3DB0023236403B030BD00BF75
:10D8600070B5456ED5F8083188B00446B3B10026CE
:10D8700010E0C5F80861D5F808310193019B236CCD
:10D880005A1C2344226493F84410F8F715FCD5F889
:10D8900008311BB1236C1F2B2046EADDD5F810316F
:10D8A000002B3AD1D5F84C3173B10023C5F84C3177
:10D8B000D5F84C31626E0393202104F144030398A0
:10D8C000C2F83435C2F83815D5F8243153B10023E5
:10D8D000C5F82431D5F824310493049BD5F880345D
:10D8E000C5F88034D5F8443133B10023C5F844314C
:10D8F000D5F844310593059BD5F82031C3B9D5F847
:10D90000583143B10023C5F85831D5F85821079252
:10D91000079A84F83C3008B070BD0023C5F8103178
:10D92000D5F8103102932046029BFFF775FFB9E747
:10D930000023C5F82031D5F820210692069A84F8F4
:10D940003C302046F8F762FE002802DC0123EB6041
:10D95000D5E72046F8F706FCD1E700BF10B5034B2A
:10D9600003600446FBF77CF9204610BD7881030074
:10D9700010B5054B03600446FBF772F9204608F02A
:10D980001CFE204610BD00BF7881030010B5044680
:10D99000D4E90E2352694FF47A50002BD2F8441583
:10D9A000C2F8440522DA1A49626B0020C1F810055A
:10D9B000013393FBF2F102FB1133E36300F0DEFB72
:10D9C000D4E90E2352690121002BD1600ADB023316
:10D9D0000F4A54F82330DB691B7D1B0243F001130F
:10D9E000C2F81035BDE8104000F08EBB023354F889
:10D9F0002300FAF7EBFF0649E36B626B0020C1F8E6
:10DA00001005002BD4D1012AD2D14FF0FF33D4E737
:10DA10000060004082B08DE80C00436B13B102B08F
:10DA2000FFF7B4BF02B07047124B1A68B2B110B51D
:10DA300086B002A8FCF700FC0E4B0F4AD3F800C0DA
:10DA4000DCF800305B6A93421C4608D1DCF83430C5
:10DA500013B16046FFF79AFF06B010BD7047DDE9CD
:10DA60000401DDE902238DE803006046A04706B00B
:10DA700010BD00BF6C5A002015DA020070B50E46CA
:10DA800011460446FBF74EF91C4A33681C499B6B50
:10DA900014600025C4E90E65216030462946984788
:10DAA000A06B03684FF47A51DB6C9847A06B036856
:10DAB0002946DB6B4FF47A529847A06B114B124A00
:10DAC000C3F820254269016844320425C3F824259F
:10DAD0000E4AC3F80455CB69934209D10C4BC3607D
:10DAE0004B6A9847A06B03689B6A9847204670BDB5
:10DAF00007499847A06B0168F2E700BF6C5A002005
:10DB00007881030000F0014000610040E9D7010086
:10DB100029DA020038B50D460446FBF707F8002164
:10DB20002846FAF733FF636B012B03D1A06B036820
:10DB30005B6B9847002038BD38B50C460546FAF7B0
:10DB4000ABFF00212046FAF721FF6B6B13B9024AA5
:10DB5000C2F81035002038BD00600040007A7047E0
:10DB600090F91030002B0ADB5A09DFF81CC003F0D3
:10DB70001F030121603201FA03F34CF8223043699C
:10DB800001221A600020704700E100E090F9103097
:10DB9000002B08DB5809054903F01F03012202FA94
:10DBA00003F341F820300020704700BF00E100E09F
:10DBB00090F91030002B0DDB5A0907480121203263
:10DBC00003F01F0301FA03F340F82230BFF34F8F35
:10DBD000BFF36F8F0020704700E100E0012902D001
:10DBE000022900D011B94369C3F804150020704719
:10DBF000437A013B99420CDCD0F814C04FF48033D7
:10DC000001F5A8708B404CF820200020CCF804339C
:10DC100070476FF47A707047437A013B99420FDC8A
:10DC2000D0F814C00CEB8100D0F840351A444FF402
:10DC300080338B40C0F840250020CCF80433704777
:10DC40006FF47A70704700BF437A013B994207DC5A
:10DC500042694FF480338B40C2F80833002070478C
:10DC60006FF47A70704700BF032907D8DFE801F02E
:10DC70001710020943690222C3F808250172002027
:10DC8000704743690322C3F80825017200207047DA
:10DC900043690022C3F808250172002070474369D8
:10DCA0000122C3F8082501720020704700B5054A1B
:10DCB00083B000230260C3800190F6F7E5FA019873
:10DCC00003B000BD6477030010B5064A026000236C
:10DCD0000446C380F6F7D8FA204608F06EFC2046CA
:10DCE00010BD00BF6477030090F91030002B4FEA9D
:10DCF000411107DB03F1604303F56143002083F822
:10DD000000137047034A03F00F039A18002011769E
:10DD1000704700BFFCEC00E0B1F57A5F13D8D0F893
:10DD200014C000234FF47A5020FA03F2914203D337
:10DD3000CCF81035002070470133092BF4D1CCF812
:10DD40001035002070476FF47A70704700B5026894
:10DD50001149126B8A4283B0034619D190F9102001
:10DD6000002A0EDB5109DFF834C00120203102F017
:10DD70001F0200FA02F24CF82120BFF34F8FBFF3CD
:10DD80006F8F5B69012200205A601A6103B000BDE9
:10DD900001909047019BF4E7B1DB020000E100E055
:10DDA00030B590F910200368002A1C6B83B001463F
:10DDB00033DB53099B0003F1604303F5614302F039
:10DDC0001F02D3F800C02CFA02FC0CF00105DFF8AA
:10DDD0008CC0644531D1012000FA02F2C3F88020E2
:10DDE000BFF34F8FBFF36F8F4B690122DA64D3F813
:10DDF0004C457DB10B6817489B6A834218D191F955
:10DE00001030002B06DB590903F01F039A40124B18
:10DE100043F82120204603B030BD104B9C4210D166
:10DE200043690122DA64D3F84C45204603B030BD83
:10DE300008469847204603B030BD0190A04701999D
:10DE4000D2E70190A04701994B690122DA64D3F827
:10DE50004C45DFE78DDB020000E100E0B1DB0200B2
:10DE600030B590F910200368002A1D6B83B001467D
:10DE700033DB53099B0003F1604303F561431E4804
:10DE80001C6802F01F02D440854204F0010429D12D
:10DE9000012000FA02F2C3F88020BFF34F8FBFF3D6
:10DEA0006F8F4A690123D360D368002BFCD18CB1FA
:10DEB0000B68124A9B6A934219D191F91030002BDA
:10DEC00008DB58090E4903F01F03012202FA03F38D
:10DED00041F82030002003B030BD074B9D424FF089
:10DEE0000004DED008460191A8470199D9E7084609
:10DEF0009847002003B030BDB1DB02008DDB02008B
:10DF000000E100E008B5D1B9C288D10715D5016894
:10DF1000DFF888C0896A22F001026145C28037D1EA
:10DF200090F91030002B08DB58091B4903F01F0340
:10DF3000012202FA03F341F82030002008BD90F9D5
:10DF400010100029F9DB4A09920002F1604202F543
:10DF5000614201F01F01D2F800C02CFA01FC1CF054
:10DF6000010FEAD0B0F806C003684CF0010C1B6B3F
:10DF7000A0F806C0DFF828C063450BD101238B4011
:10DF8000C2F88030BFF34F8FBFF36F8F002008BD02
:10DF90008847D2E79847D0E700E100E08DDB020038
:10DFA000B1DB02000F4B70B553F82050CDB1002308
:10DFB0006C6918464FF0010E1E4604EB83020EFA00
:10DFC00003FCD2F84011013321B140EA0C00C2F841
:10DFD0004061C0B2042BF0D1EB6813B1BDE87040D2
:10DFE000184770BD705A00200020FFF7DBBF00BF4C
:10DFF0000120FFF7D7BF00BF0220FFF7D3BF00BF4C
:10E000000320FFF7CFBF00BF0420FFF7CBBF00BF47
:10E0100070B5334B82B00026036046600D4614464F
:10E020000190F6F7C3F801982E4A02602E4AC660A6
:10E03000032395424372456104744DD002F580522A
:10E04000954239D002F58032954205D0274BEB1A24
:10E05000B3FA83F35B099B00254A002C42F82300A6
:10E0600030DB6109234B0122203104F01F0402FA46
:10E0700004F443F82140BFF34F8FBFF36F8F90F943
:10E0800010404569002C6A602A611EDB234440224F
:10E0900083F8002301224FF47A53092A23FA02F36A
:10E0A00002D0B3F57A7F19D80323C5F81025C5F837
:10E0B0000835037202B070BD0D4A0223002C42F8ED
:10E0C0002300CEDA01236B602B610B4B04F00F04AD
:10E0D000E31840221A76DDE70123BDE70132DAE7D3
:10E0E00064770300A88103000090004000B0014065
:10E0F000705A002000E100E0FCEC00E0014B93F9D5
:10E1000000007047B4620020054A1378013B5BB2FF
:10E11000002B01DD137070470023137062B6704747
:10E12000B4620020002816DB114A135C013B5BB28D
:10E13000002B01DD13547047002143B28B42115470
:10E1400008DB58090B4903F01F03012202FA03F30D
:10E1500041F820307047084A1378013B5BB2002B2E
:10E1600001DD137070470023137062B6704700BF63
:10E17000885A002000E100E0B462002072B6024A32
:10E180001378013313707047B4620020002805DA59
:10E1900072B60E4A137801331370704743B2002BE6
:10E1A0000EDB5A09DFF82CC00121203203F01F03D7
:10E1B00001FA03F34CF82230BFF34F8FBFF36F8F98
:10E1C000034A135C01331354704700BFB46200204C
:10E1D000885A002000E100E020BF70474FF08053D4
:10E1E000596E186E704700BFBFF34F8F0549064B3D
:10E1F000CA6802F4E0621343CB60BFF34F8F00BFE5
:10E20000FDE700BF00ED00E00400FA05704700BF25
:10E2100008B50B4B0122C3F84025022100229300D0
:10E2200003F1A0430132202AC3F80017C3F8001AF3
:10E23000F5D1FFF7EBFFBDE80840EEF79FBA00BF4E
:10E2400000E0014000487047000002204020F6F73F
:10E25000E3BF00BF8163704741637047C16370478C
:10E26000C06B7047EFF30880704700BF406B70478A
:10E27000C0E900128360704710B5044C0448A168DF
:10E280004FF4807208F01CFAA06010BD00ED00E0B1
:10E29000002200202DE9F04F1C4D2C6883B08146F0
:10E2A0008A4693466CB11A4E494620460022FEF734
:10E2B000B9F830685A46514603B0BDE8F04F00F057
:10E2C00085BA302008F07BF9114E074600F066FA57
:10E2D0003820376008F073F9132380460D49009306
:10E2E0003A460D4BEEF7DCF8224640460121C5F8D0
:10E2F0000080FDF737FF21462868FDF72DFF06490E
:10E300002868FDF7B5FE2C68CEE700BFBC5A002098
:10E31000B85A0020002002400050434930B50E4D4D
:10E320000E4AD5F800C0044605234FF0010E0EFA40
:10E3300003F111EA0C0F03F1FF3302D1D06BA042BD
:10E3400005D0591CA2F10C02F1D1002030BD41EAE8
:10E350000C01296030BD00BFC05A002018670300BF
:10E3600070B50F4D0F4CD5F800C0224605234FF075
:10E37000010E0EFA03F111EA0C0F02D1566C304275
:10E3800006D1013B591CA2F10C02F2D1002070BD54
:10E3900003EB430341EA0C0154F82300296070BDEC
:10E3A000C05A002018670300144B984215D003F59B
:10E3B000E04398421AD0A3F53433984218D003F5BD
:10E3C0000433984216D0B0F1402F15D0A3F5003396
:10E3D000984208BF002001D070470520084901225B
:10E3E0000B68824023EA02030B6070470420F5E7C4
:10E3F0000320F3E70220F1E70120EFE7008002406D
:10E40000C05A002008B5174B984218D0B0F1402FE1
:10E410001ED003F5003398421CD0A3F50433984274
:10E420001AD003F53433984218D0A3F5E04398424C
:10E4300016D05A20F4F712FF4FF0FF3008BD00232A
:10E44000094A03EB430302EB830393F9040008BD7D
:10E450000123F5E70223F3E70323F1E70423EFE7C2
:10E460000523EDE700300040186703001E4B98427B
:10E4700028D0B0F1402F2ED003F5003398422CD095
:10E48000A3F5043398422AD003F53433984228D0B8
:10E49000A3F5E043984208BF052314D000B55A20E5
:10E4A00083B0CDE90012F4F7D9FEDDE900124FF098
:10E4B000FF33DFF83CC00D484CF8231040F8232010
:10E4C00003B000BD0023DFF828C008484CF8231033
:10E4D00040F8232070470123F5E70223F3E70323E5
:10E4E000F1E70423EFE700BF00300040C45A0020EA
:10E4F000DC5A0020024A034B10681B68184700BF13
:10E50000C45A0020DC5A0020024A034B50685B6862
:10E51000184700BFC45A0020DC5A0020024A034BAF
:10E5200090689B68184700BFC45A0020DC5A00203E
:10E53000024A034BD068DB68184700BFC45A00206A
:10E54000DC5A0020024A034B10691B69184700BFC0
:10E55000C45A0020DC5A0020024A034B50695B6910
:10E56000184700BFC45A0020DC5A0020002815D0EC
:10E57000006041608260C360046145618661C7617B
:10E58000444604624C464462544684625C46C4621B
:10E59000644604636E46466374468463002906D06D
:10E5A000C46B043C043925680D60B442F9D1946B06
:10E5B000A646566BB546002B06D0D46B043C043BF4
:10E5C0001D682560B442F9D1146BA446D46AA346F1
:10E5D000946AA246546AA146146AA046D76996690D
:10E5E00055691469D3685168106892687047006073
:10E5F00041608260C360046145618661C7614446D1
:10E6000004624C464462544684625C46C46264467A
:10E6100004636E46466374468463C46B043C0439E9
:10E6200025680D60B442F9D1C769866945690469F6
:10E630007047006041608260C3600461456186612B
:10E64000C761444604624C464462544684625C4658
:10E65000C462644604636C4644637446846304691C
:10E660007047846BA646446BA546046BA446C46AF7
:10E67000A346846AA246446AA146046AA046C769C2
:10E68000866945690469C3688268006841687047A3
:10E690000649074A074B9B1A03DD043BC858D05074
:10E6A000FBDC00F0E3F8FFF7B3FD0000A0880300F7
:10E6B0004020002000220020FEE7FEE7FEE7FEE704
:10E6C000FEE7FEE7FEE7FEE7FEE7FEE78161704753
:10E6D000012070472DE9F0470C46896825690646F8
:10E6E00064358D424FF00102B8BF0D46FCF780F84B
:10E6F000D6F800806769B8F80210043108F1040206
:10E700004144914231D93B4648F2050A48F20C098E
:10E710001BE020693230A3F1320EC3F1310C984274
:10E720004FEAEE0E0CF0070C11DBE06810F80E005B
:10E7300040FA0CF010F0010F0CBF5046484622F88A
:10E74000020B01339142636109D9312BE1DC4FF4B3
:10E75000004022F8020B013391426361F5D8A1EB2E
:10E7600008010539013707EB5107BD4204DC237F5F
:10E7700063B93046BDE8F087A06903681B68984715
:10E780006369AB42F3DA3046BDE8F08704F120005C
:10E79000F6F772FC3046BDE8F08700BF38B5054695
:10E7A000094B45F8203B0446012100222846F6F794
:10E7B000D1FB00224FF480732846A261A360F6F7D4
:10E7C000CFFB204638BD00BF08820300D0F818C038
:10E7D000BCF1000F18D0002A16DD10B50346DCF896
:10E7E000000082B0D20004680193C3E903124FF025
:10E7F000000E01221A77C3F814E06046A047019B7F
:10E800001A7F12B902B010BD704703F1200002B0A8
:10E81000BDE81040F6F7A4BBBFF34F8F0549064B88
:10E82000CA6802F4E0621343CB60BFF34F8F00BFAE
:10E83000FDE700BF00ED00E00400FA054FF0805254
:10E84000D2F83031591C08D0D2F83401012898BFD1
:10E850000D2B0CBF0120002070474FF07043D3F800
:10E86000E80F93F8E03FC0F30310EFE708B5FFF7B8
:10E87000E5FF40B14FF080430022C3F80C21C3F8FC
:10E880001021C3F83825FFF7D9FF002846D04FF0F4
:10E890008052594BD2F80414C3F82015D2F808144A
:10E8A000C3F82415D2F80C14C3F82815D2F81014A4
:10E8B000C3F82C15D2F81414C3F83015D2F8181474
:10E8C000C3F83415D2F81C14C3F84015D2F820143C
:10E8D000C3F84415D2F82414C3F84815D2F8281404
:10E8E000C3F84C15D2F82C14C3F85015D2F83014D4
:10E8F000C3F85415D2F83414C3F86015D2F838149C
:10E90000C3F86415D2F83C14C3F86815D2F8401463
:10E91000C3F86C15D2F84424C3F87025FFF78EFFB6
:10E9200048B14FF08043D3F80024D10744BF6FF0C3
:10E930000102C3F80024314AD2F8883043F470034E
:10E94000C2F88830BFF34F8FBFF36F8F4FF01023A3
:10E95000D3F80C22D20731D4D3F80022002A07DBE7
:10E96000D3F80432002B03DB254B264A1A6008BD7E
:10E97000254A0123C2F80435D2F80034002BFBD01D
:10E980004FF010231221204AC3F80012D2F80034AD
:10E99000002BFBD04FF0102312211B4AC3F80412A6
:10E9A000D2F80034002BFBD000231749C2F80435FD
:10E9B000D1F80034002BFBD0FFF72EFF124A0123C1
:10E9C000C2F80435D2F80034002BFBD04FF01021F0
:10E9D0000D4AD1F80C3223F00103C1F80C32D2F801
:10E9E0000034002BFBD000230749C2F80435D1F8CE
:10E9F0000034002BFBD0DFE700C0004000ED00E05A
:10EA0000B02000200090D00300E0014000B5D0F815
:10EA100008C0D1F808E0C268CB68E64593412CBF36
:10EA20000120002000BD00BF274B1B7823B118B187
:10EA3000027F02F0FF0312B900231846704710B599
:10EA400082B0CDE90030214800F012FB204ADFF807
:10EA500088C013685268DCE900ECC01842F100027B
:10EA6000704572EB0C0CDDE9003103D210F18070BF
:10EA700042F100028C68A042C86882411ED30A6934
:10EA800002B90A77D1E905200091019390470099D6
:10EA90000A697AB1087F019B60B188680093CB68EE
:10EAA000821843F1000CC1E9022C0A4800F09EFCD8
:10EAB000009B00E00023184602B010BD05480093FB
:10EAC00000F094FC009BF6E7B5620020B420002023
:10EAD000903600202C820300883600202DE9F04378
:10EAE00083B0064600F09AFA40B16F4AD2E900318D
:10EAF00013F1807341F10001C2E900310021304679
:10EB000000F0A6FA694C002840F0C380012130468D
:10EB100000F09EFA002840F0A580654801A900F0A9
:10EB20009DFB58B3634D0EE023B941680B7F002B6A
:10EB300000F08A8001A95E4800F0C2FB5C4801A990
:10EB400000F08CFBD0B10378012B0FD0022BEBD15E
:10EB50005948002700F05EFC28B10777564800F0BE
:10EB600059FC0028F9D101232B70E3E723684168A1
:10EB7000994266D0504800F057FCDBE74A4F30E03E
:10EB80004D4800F047FC05464C48D5E9028900F0A5
:10EB90006FFA4B49D7E90032D1E900C1C31842F1FD
:10EBA0000002634572EB010103D213F1807342F15D
:10EBB0000002B8EB030869EB0209B8F1010F79F123
:10EBC000000927DBB8F5350F35D2AA683B484FF46A
:10EBD0009603002100F0A0F920B30D281ED00023D9
:10EBE0002360354800F01CFC2368002832D0002B3D
:10EBF000C6D0226885689168C368D2688D42934107
:10EC000016D223681B7F002BBAD021682A4800F057
:10EC1000EDFBB5E72948002100F010FA2846FFF780
:10EC200003FFDCE7236813B9304600F047F925609D
:10EC300003B0BDE8F083214800F01AFA214A821897
:10EC4000C4E70023236075E701231B480B7700F01E
:10EC5000CDFB6FE7002BEBD1304603B0BDE8F043AE
:10EC600000F030B9154800F003FA0F4B1A685B68E2
:10EC70008018134AD2E9005143F10003A84273EB14
:10EC8000010103D210F1807043F10003C2E90003D7
:10EC900043E72368002B3FF439AF2068FFF7C4FE39
:10ECA0000023236032E700BF90360020605B002025
:10ECB000F85A0020B56200202C820300B420002006
:10ECC00088360020FFFFB40010B582B0124C134903
:10ECD000134801940823582200F044FA044610B166
:10ECE000204602B010BD0F4A0F4801A900F0A4F859
:10ECF00004460028F4D10C48012100F087F90123D3
:10ED000019460A4A084800F0E1F8094B012220465A
:10ED10001A7002B010BD00BF01000600085B0020A1
:10ED2000F85A0020DDEA0200B4200020FFFF7F0037
:10ED3000B56200204AB1A1F101010368B1FA81F185
:10ED40004909C3E90412002070470720704700BF3B
:10ED5000037F0BB10020704710B5044684B01B48F8
:10ED6000A261019100F084F9194B01991A685B685E
:10ED70008018184AD2E900C243F10003604573EBE2
:10ED8000020203D210F1807043F1000308182269D7
:10ED900043F10003C4E9020302B121610E4803A953
:10EDA00000F01AFA034650B100220B481A705C605A
:10EDB00003A900F043FA28B9002004B010BD0420D4
:10EDC00004B010BD014800F057F9F5E7B420002069
:10EDD0009036002088360020F85A002010B50446EE
:10EDE00082B000230C48237701A900F0F5F978B12F
:10EDF0000346012208481A705C6001A900F01EFA5F
:10EE000010B9002002B010BD044800F035F9F8E751
:10EE1000042002B010BD00BFF85A0020B42000202A
:10EE2000014800F04FB800BFB4200020014800F0B6
:10EE300045B800BFB420002010B5DFF87CC043798E
:10EE40001B4C44F823200CEBC30212796ABB026806
:10EE50000C88C2F8084590F9042091F802E0002AD5
:10EE60004FEA4E1E1BDB510902F1604404F5614478
:10EE7000890001F1604184F800E301F5614102F08D
:10EE80001F02012404FA02F2C1F880210A600CEB8F
:10EE9000C302012111714CF83300002010BD054957
:10EEA00002F00F0201F802E0F1E7082010BD00BFF8
:10EEB0006C5B002014ED00E0645B0020036801221D
:10EEC0001A607047036801225A60704710B58E4679
:10EED0000EF1500C4FEA8C0C00681FFA8CFC4FF4BA
:10EEE000803101FA0EF1002482B0C0F80813C0F896
:10EEF000481340F80C400EF5A87E50F80C400194E1
:10EF000022F07F42019C40F82E20C0F844130BB140
:10EF1000C0F8041302B010BD2DE9F0414FF4803564
:10EF2000984622F07F4302688D400C46503102EB38
:10EF3000840E890084B089B2C2F84853C2F80853DD
:10EF4000D2F804C506460027DEF84005CEF840C5D5
:10EF50005750A0EB0C0020F07F4052F801C0CDF8D4
:10EF600008C00128DDF808C03DD0D2F80475C2F809
:10EF70004453D91B21F07F41012923D002EB8404A3
:10EF8000591EC4F84035D2F80465C8F1FF10891B3A
:10EF900000F57F4021F07F4188420FD339B1002036
:10EFA000C2F84453C2F8045304B0BDE8F081013301
:10EFB000C4F84035D2F804359E42F0D00D2004B09C
:10EFC000BDE8F08104F5A874013342F824300E4BFB
:10EFD0004FF4806043F0010398473268D2F804355B
:10EFE0009F42DCD0EAE7084A4FF4806042F0010219
:10EFF000CDE90031904732680199009B5750515834
:10F0000003910399B1E700BF106703000368022270
:10F01000C3F8442309B1C3F8042370470368D3F845
:10F02000040100B97047002282B0C3F80421D3F86C
:10F0300004310193019B012002B0704702684FF434
:10F04000803303FA01F1C2F84813C2F8081370477D
:10F0500050318900036889B2585800B970470022BE
:10F0600082B05A505B580193019B012002B0704757
:10F070000368D3F80405704790F90430002B09DBCE
:10F080005A09054803F01F030121403201FA03F336
:10F0900040F82230704700BF00E100E0024A034B15
:10F0A00010681B68184700BF645B00206C5B002081
:10F0B00010B50446002A4ED01068C043002948D03D
:10F0C00004EB010CDFF898E0244A611E0CF1FF3CD0
:10F0D00011F8013F43404FEA33435BBA03F0F0308D
:10F0E000000903F00F3340EA031303F0CC3080082B
:10F0F00003F0333340EA830303F0AA30400803F0FF
:10F10000553340EA4303180E61455EF8200080EA5B
:10F11000032303EA02004FEA104040EA03435BBACC
:10F1200003F0F0304FEA101003F00F3340EA0313FE
:10F1300003F0CC304FEA900003F0333340EA83030E
:10F1400003F0AA304FEA500003F0553340EA430081
:10F15000BED1C04310BD4FF0FF30AFE70000FFFF4E
:10F160003882030099B1B2FBF3FC03FB1C2C00B501
:10F1700086461FFA8CF040B9CEE90010CEF80800A0
:10F18000AEF80C20AEF80E3000BD092000BD0E20F8
:10F19000704700BF82B050E8022FC188B2EB324FF7
:10F1A0004FF0000317BF92B241EA014142EA014128
:10F1B00004E04268B2EB324F08BF012340E802127C
:10F1C000002AE8D18DF807309DF80730002B0CBFDE
:10F1D0001120002002B0704700B583B050E8013F15
:10F1E0001FFA83FEB0F80EC0E644B0F80CC0E64546
:10F1F00028BFAEEB0C0EB0F808C0E64502BFBFF367
:10F200002F8F002208E0CEEA030E40E801ECBCF1AB
:10F21000000FE3D14FF001028DF803200193019B11
:10F220009DF803200B6022B1006810FA83F003B050
:10F2300000BD02F0FF0003B000BD00BF0A884B888C
:10F240009A4201D00020704750E8012FC2EA0242E2
:10F2500040E80123002BF7D10120704700B583B0AF
:10F2600050E8023F1FFAA3FEB0F806C0E64502BF11
:10F27000BFF32F8F002211E0B0F80EC0E644B0F8C3
:10F280000CC0E64528BFAEEB0C0EC3EA0E4E40E8BC
:10F2900002ECBCF1000FE3D14FF001028DF8032026
:10F2A0000193019A9DF803300A6023B1006800EBD6
:10F2B000124003B000BD03F0FF0003B000BD00BF6B
:10F2C0000A884B889A4201D00020704750E8022FEC
:10F2D000C2EA224240E80223002BF7D10120704706
:10F2E00033DF7047064A074B10B5002414701C60CA
:10F2F000BFF35F8F0449054800F064F8204610BD55
:10F30000B6620020785B002038860300705B002026
:10F3100070B501210446254805F0BCF8BFF35F8FA6
:10F32000E0B9042C3CD0224B1A783ABB214E012282
:10F3300034701A70204D6B682BB910E000F04AF859
:10F340006B6834785BB11B682046984703462846B3
:10F35000002BF3D1BFF35F8F144A136070BD023CE2
:10F36000012C10D903F07AFAE8B94FF0804301225A
:10F37000C3F80025BFF34F8F20BFFDE7BFF35F8FBA
:10F380000A4B186070BDBFF34F8F0C490C4BCA6815
:10F3900002F4E0621343CB60BFF34F8F00BFFDE781
:10F3A000044E3478C6E7FFF79BFFDEE7785B00206A
:10F3B000B6620020B7620020705B002000ED00E024
:10F3C0000400FA05D1E90032934208BF002301602E
:10F3D00043607047436843B10268D2E901210B449E
:10F3E0009342436004BF00234360704770B5446894
:10F3F00023680D465BB1064602E01C461B6833B12C
:10F400001846B2682946904723680028F5D12B603A
:10F41000256070BD4368186808B102681A607047BB
:10F4200043681868704700BF4368186818B908E057
:10F430000346006828B18842FAD102681A600120A8
:10F44000704770476DDF704779DF70477DDF704729
:10F4500064DF70472DE9F04F048885B00E9DBDF83C
:10F460003C90002C43D0984600272B8801931646E9
:10F470008A4683463C4604E0BBF800300134A34290
:10F480002BDDDBF8043053F82400039000220DF14B
:10F490000B0103A8FFF7DCFF50BB9DF80B30B34214
:10F4A000EAD12A88531CB0180DF10B019BB200F170
:10F4B000020C07B3484528DC424403A8FFF7C8FF05
:10F4C000B0B92A889DF80B3013442B80BBF800306C
:10F4D0000134A3424FF00107D3DC47B12B88019AD6
:10F4E000013B9B1A9BB2FF2B0FD808F8023000207B
:10F4F00005B0BDE8F08FCC4507DC2B8008F803A0F1
:10F500002A88013292B22A80D6E70C2005B0BDE8E5
:10F51000F08F00BF2DE9F04390F82D301446002203
:10F52000B4F8008085B0064622800D46002B40F0DE
:10F53000C480B378002B63D1F378002B40F0E880CF
:10F540007368ABB12288D11C41455ED893F9001095
:10F550000223AB54238801339BB20A222380EA544E
:10F56000238801339BB22380E9542388013323800D
:10F57000338973BB338A002B40F0E080338B002B40
:10F5800040F01281336A002B60D021888A1D4245E9
:10F590003BD81A88052A18D96FF4486902EB09008C
:10F5A00080B24FF27D37B8420FD9588805280CD960
:10F5B0006FF4486C84441FFA8CFCBC4505D94FF6A7
:10F5C000FF77BA4225D0824223D9072005B0BDE893
:10F5D000F08306F108070222CDE900482B461146C8
:10F5E0003846FFF737FF0028F0D1CDE9004838460C
:10F5F0002B4610220621FFF72DFF0028BAD0E5E7A1
:10F6000023880433434540F2B2800C2005B0BDE8A6
:10F61000F08305226A542288013292B2122122809C
:10F62000A9542288013292B222801988A9542A440E
:10F63000090A51702288023292B222805B88AB5450
:10F640002A441B0A5370238802332380776A4FB3FE
:10F65000BA882088911C831C0B444345D5D8FE29C9
:10F66000D3D803322A54238801339BB2FF2223804C
:10F67000EA54238801339BB223803A88EA542B440E
:10F68000120A5A70208802302080BA8852B1B968B4
:10F6900000299AD015FA80F007F012F8BA8823886A
:10F6A0001344238096F82C30002B40F0C58033782B
:10F6B000002B40F09280002088E7B8F1080FA4D911
:10F6C00002A8FFF7BFFE002880D123880822EA5451
:10F6D000238801339BB21B222380EA542388DDF860
:10F6E000092001339BB22380EA502B44BDF80D2042
:10F6F0009A8023889DF8082006339BB2012A94BF84
:10F70000002201222380EA5423880133238010E75A
:10F710002288D11C41453FF678AF0221A9542288A6
:10F7200001210A4492B22280A95422880A4492B24A
:10F730002280AB5423880B44238001E706F1100795
:10F74000CDE900482B46022203213846FFF782FE0E
:10F7500000287FF43BAFCDE9004838462B46102205
:10F760000721FFF777FE00283FF408AF2EE702A835
:10F77000FFF76AFE00287FF429AF23880322EA54AA
:10F78000238801339BB219222380EA542388BDF8D1
:10F79000082001339BB22380EA542B44120A5A708A
:10F7A000238802332380C7E606F11807CDE9004815
:10F7B0002B46022214213846FFF74CFE00287FF426
:10F7C00005AFCDE9004838462B4610221521FFF73A
:10F7D00041FE00283FF4D6AEF8E6012B6CD023881A
:10F7E000981C8045FFF411AFA8F10207FF1ABFB2C1
:10F7F000284402A9ADF80870FFF728FE00287FF41E
:10F80000E5AE3378BDF80820022B63D071789142C1
:10F8100069D3974260D2012B67D03A4608212388EA
:10F82000501CE854238801339BB22380E954238879
:10F830000133134423803EE7B26A002A3FF4C5AE89
:10F8400000272EE02388E854238801339BB24FF031
:10F8500016002380E854238801339BB2238032F8BA
:10F860002120EA542B44120A5A702088023020804A
:10F87000B9F8042015FA80F05AB1D9F80810002917
:10F880003FF4A3AE06F01CFFB9F80420238813440C
:10F89000238096F82C200137FBB29A427FF607AFFF
:10F8A000B26A07EB470102EB8109B9F80430D81CB2
:10F8B0000233FE2BC6D9A8E67278002A3FF485AE43
:10F8C0002388981C8045FFF4A0AE02321A444245BA
:10F8D0008AD99AE6974203D30921FE2A9FD994E652
:10F8E0003A460821F9E7012BFAD18F4295D30A460F
:10F8F0000821F2E775DF704776DF70477ADF7047DF
:10F900007BDF704710B5204CB4F800C083B29C4533
:10F9100084B011D11D4A207A117B88420ED3117C0C
:10F9200000202072F9B9526932B100218DF80C1013
:10F93000ADF80E3003A8904704B010BD04F10A01E1
:10F940006046FFF7D7FF48B11128F5D00F4A9369F9
:10F95000002BF1D004B0BDE810401847237A0133E2
:10F96000237204B010BD18463B210193FFF7C4FF7A
:10F9700030F00803054A019BD5D091690029D2D007
:10F980008847024A019BCEE7A05B0020845B0020F1
:10F99000DDF800C0BCF80230834212D38B4210D88D
:10F9A00040F2F3118A42BCF8043094BF901A501A06
:10F9B00098420A448CBF002001209A4238BF0020A0
:10F9C00070470020704700BF30B50B46497A83B0BE
:10F9D00089B9104C02466168187AA568002818BFDA
:10F9E00029465868FFF7B4F988B1A3697BB103B021
:10F9F000BDE830401847074A52690021197232B1F8
:10FA00000123ADF806008DF8043001A8904703B03B
:10FA100030BD00BF845B002030B50388122B85B059
:10FA200031D017D8102B44D0112B11D13C4B8188E9
:10FA30001A8891420CD15868FFF7D0F9384B20B1A1
:10FA4000384A92690AB19047354B4FF6FF721A80D7
:10FA500005B030BD502BFBD1324BC188DA899142C1
:10FA6000F6D1028A022AF3D12D49B0F804C00A88DF
:10FA70006245EDD11230039200F0ACFA284900281B
:10FA800044D0039810E0264A838815889D42DFD130
:10FA900014460830138AD2890090A1896089FFF743
:10FAA00077FF21466072284605B0BDE83040FFF779
:10FAB0008BBFC37B012BCBD119490A884FF6FF734B
:10FAC0009A421AD18488184B1030009000220C8082
:10FAD0000A7225460C4603CBC4F80E10C4F80A007F
:10FAE000238AE289A1896089FFF752FF0D4B60727A
:10FAF000DB89002BACD10A49D5E70A4B9B69002B67
:10FB0000A6D0042005B0BDE8304018474868FFF78C
:10FB100065F900289CD0034B9B69002BF2D197E735
:10FB2000A05B0020845B00207C5B002070B3F8B5F4
:10FB300086460768164D174E0446BEE80F00AC46D1
:10FB4000ACE80F009EE807002E608CE80700BFB10C
:10FB50003846FFF7D3FE90B923681868596803C682
:10FB60000D480E4A0C4C40F8042F4FF6FF730C4A18
:10FB700023800021FFF7DEF8002818BF0320F8BD1E
:10FB80003046FFF7BDFE0028EAD0F8BD0E207047D2
:10FB9000845B00207C5B0020A05B00209836002066
:10FBA00005F9020070B582B006460191019D6DB164
:10FBB00000242546214601A804F01EFC18B106EBDE
:10FBC000450301359C800134142CF3D13046356057
:10FBD00002B070BD2DE9F04F0388B0F80480103BEF
:10FBE0008DB007460A2B0AD8DFE803F02720090961
:10FBF0000909090909060C00037A002B6BD00DB026
:10FC0000BDE8F08F037A37483F2B4FEA1314414683
:10FC100050D904F0C9FB3448414604F0C5FB3348D1
:10FC200041460DB0BDE8F04F04F0BEBB3048414640
:10FC30000DB0BDE8F04F04F0D3BB2E4EB368DB43EC
:10FC400000937168684604F047FC009901A8FFF72B
:10FC5000A9FFDDF804A0BAF1000F12D00DF10609DA
:10FC60007C364FF0000B39F8025F234C20462946C2
:10FC7000043404F0B5FBA642F8D10BF1010BD345D7
:10FC8000F1D1B8F1130F05D9042003F047FA0DB0F4
:10FC9000BDE8F08F1648414604F086FB1648414601
:10FCA00004F082FBFB7B012BA9D01448414604F0F1
:10FCB0007BFBA4E704F094FB032CACD00A4841463C
:10FCC00004F08EFB022CAAD0084841460DB0BDE8D6
:10FCD000F04F04F085BB437A02481B074146A7D585
:10FCE0009FE700BFCC5B0020C85B0020C45B002006
:10FCF000BC5B0020B45B0020B85B0020C05B002030
:10FD00001328014601D900207047014804F074BB54
:10FD1000B85B00201328014601D900207047014834
:10FD200004F06ABBB85B0020132801D9002070479B
:10FD300000B583B001460848019104F05DFB0199CC
:10FD400010B9002003B000BD044804F055FB013099
:10FD5000C0B203B000BD00BFB85B0020BC5B002098
:10FD6000132801D90020704700B583B00146074829
:10FD7000019104F041FB019910B9002003B000BDCE
:10FD8000034803B05DF804EB04F036BBB85B002019
:10FD9000C45B0020132801D90020704700B583B050
:10FDA00001460748019104F027FB019910B9002092
:10FDB00003B000BD034803B05DF804EB04F01CBBC6
:10FDC000B85B0020C85B0020132801D900207047D1
:10FDD00000B583B001460748019104F00DFB01997D
:10FDE00010B9002003B000BD034803B05DF804EB78
:10FDF00004F002BBB85B0020CC5B002030B5084BA0
:10FE000083B09B68019300252C46214601A804F08D
:10FE1000F3FA0134142C0544F7D1284603B030BD61
:10FE2000B45B002030B50C4AD36883B0DB43009349
:10FE30009168684604F050FB0025009B01932C4616
:10FE4000214601A804F0D8FA0134142C0544F7D156
:10FE5000284603B030BD00BFB45B002000B5044BA2
:10FE600083B059680190FFF79DFE019803B000BD73
:10FE7000B45B002010B5084AD36882B0DB4301931D
:10FE80009168044601A804F027FB20460199FFF77A
:10FE900089FE204602B010BDB45B002008B51821D1
:10FEA000024804F0B3FAC0B208BD00BFB45B002042
:10FEB00038B504460B480D4604F09EFA08B1132CE1
:10FEC00001D9002038BD0848214604F095FA0028E1
:10FED000F7D0044BE81D214603EB8000BDE8384015
:10FEE00004F08ABAB45B0020B85B002070B5044609
:10FEF0000E480D46164604F07FFA08B1132C00D9BF
:10FF000070BD0B48214604F077FA0028F8D0074A64
:10FF1000EB1D02EB830021461EB1BDE8704004F0EA
:10FF200043BABDE8704004F05BBA00BFB45B002088
:10FF3000B85B0020F0B50F4B83B09B680193A0B174
:10FF4000019D7DB100250F4606462C46214601A89D
:10FF500004F052FA18B13946A0B2B0470135013465
:10FF6000142CF3D1284603B0F0BD0546284603B053
:10FF7000F0BD00BFB45B0020F0B5044683B00E4670
:10FF800001461248174604F037FA18B900252846EA
:10FF900003B0F0BD0D4B03EB8400C3690193002E49
:10FFA000F4D0019B002BF1D000252C46214601A85E
:10FFB00004F022FA18B13946A0B2B0470135013435
:10FFC000142CF3D1284603B0F0BD00BFB45B002071
:10FFD000AADF7047008800F0010070470088C0F376
:10FFE0004000704710B58B7890B0012B38BF0123CB
:10FFF0008DF80E300B88ADF80C304B7C4FF0000CB8
:020000023000CC
:10000000013B8DF802C08DF800C0042B09D8DFE851
:1000100013F0D700DB00DF000500E30012238DF8AA
:1000200000308B7C4FF0000C013B8DF801C0042B9D
:1000300009D8DFE813F0D500D900DD000500C100C4
:1000400012238DF801300B7D91F80CC0013303F0C1
:1000500003034CEA430CCB7B4CEAC30C0B7C4CEA0D
:10006000031C9DF802300CF01F0C23F01F034CEA18
:10007000030C8DF802C091F80DC000231CF0300F66
:10008000CDE90933CDE90B33CDE90D330F931ED004
:10009000ADF808308DF80A30CB7C013B0DF1080C2F
:1000A000042B07D8DFE803F0B0B4AC03A800122398
:1000B0008DF809309DF80A30CDF838C04FF0010CAA
:1000C0006CF342038DF80A3011238DF808304B7B16
:1000D0008DF824308B7B8DF825300023CDE9063355
:1000E000089303AB04938B88ADF81C308B68CDF874
:1000F00014D01BB10893CB88ADF818308B69002B56
:1001000036D01C680B945C680A9401AC0D9493F88B
:100110000CC04FF0000E0CF1FF3C8DF806E0ADF87E
:1001200004E0BCF1040F31D8DFE80CF0857B802CB3
:100130008F004FF0120C8DF805C093F80EE093F885
:1001400008C00EF1010E0EF0030E4CEA4E0C93F8AF
:100150000AE0DB7A4CEACE0C4CEA031C9DF8063030
:100160000CF01F0C23F01F034CEA030C8DF806C0A3
:10017000CB6903B10C93134609A904AAFFF728FF22
:1001800010B010BD4FF0120C8DF804C093F80DC0E4
:100190000CF1FF3CBCF1040FCFD80FF2080E5EF853
:1001A0002CF000BF550203005F0203001902030098
:1001B000330103004102030022238DF8013042E79E
:1001C00011238DF800302CE721238DF8003028E72B
:1001D00031238DF8003024E722238DF8003020E70A
:1001E00011238DF801302EE721238DF801302AE705
:1001F00031238DF8013026E722238DF8093059E7A5
:1002000031238DF8093055E711238DF8093051E776
:1002100021238DF809304DE74FF0310C8DF805C0E2
:100220008BE74FF0210C8DF804C0AFE74FF0310C95
:100230008DF804C0AAE74FF0110C8DF804C0A5E7B3
:100240004FF0220C8DF805C077E74FF0220C8DF8A7
:1002500004C09BE74FF0110C8DF805C06DE74FF01F
:10026000210C8DF805C068E790DF7047A5DF704767
:10027000B5DF704780B14FF01712002301614FF0D6
:100280001B0C41F61B31026080F804C0C0F8062048
:1002900043818181184670470E207047B0F804C032
:1002A000BCF1000F58D110B50288242A86B00B4645
:1002B0002DD80F2A26D9103A142A23D8DFE802F0C5
:1002C000958B222222222222222222222222222232
:1002D0002222220B7B00027A187B019382424FF08C
:1002E000000128BF0246084662F30F0162F31F4176
:1002F000049102AA04A905900290ADF80C00FFF742
:10030000B3FF019B9A7A002A2ED106B010BD3A2A7B
:1003100037D0552AF6D1C288C98883F80AC0172A6F
:1003200038BF17228A4228BF0A461A8160460193C5
:10033000FFF79EFF019BDA7A002AE3D11A69002AAF
:10034000E0D01989ADF8141040F67720049004A984
:1003500018469047019BD5E77047112850D1597B2B
:100360000120914298724FD3D98801930020FFF762
:100370007DFF019B0028C8D14FF480725A8106B0DE
:1003800010BD4289C9881C698A4228BF0A46172ABB
:1003900038BF17221A815CB1D97A49B140F677216A
:1003A00004911846ADF8142004A90193A047019BBD
:1003B00000225A81A9E71A6901895973002AA1D03C
:1003C0004DF67A2004908DF814101846019304A974
:1003D0009047019B96E74FF01710002141F61B3222
:1003E000C3F8060059819A818FE7C17B18891A7971
:1003F0001A7301290ABF1988D988D980884206D37F
:10040000597B9142BFF47EAF019300216BE700203E
:100410000193FFF72BFF019B1A7B00289DD101213F
:10042000D972EDE72DE9F041254E8AB000234FF651
:10043000FF70CDE90033337000F0EAFC4FF6FF7730
:10044000B8421FD0044648F2096807E000F08CFC6F
:10045000204600F0DDFCB842044613D0A4F58045E8
:10046000ADB26A4602A9284603F0DAFE40452046AE
:10047000ECD0284603F0F0FD48F2076290420346B4
:1004800018D013B90AB0BDE8F0810022CDE90522E9
:10049000CDE9082207214FF6FF7205A88DF8141048
:1004A000ADF818400793ADF8162000F049FA0AB0ED
:1004B000BDE8F081012333700AB0BDE8F08100BFD0
:1004C000B862002000B58389017889B003F58043C4
:1004D00000229BB20429CDE90322CDE9052207922F
:1004E000ADF8103044D02DD84A1E022A3AD843F62F
:1004F000FE729342B0F80EC054D8D0E90132A1F197
:100500000301B1FA81F149098DF814C08DF8151075
:100510000692002B4ED19DF81C3043F001030822B7
:100520008DF81C304FF6FF7303A8ADF80E308DF830
:100530000C2000F005FA244B1B78BBB1FFF772FFCB
:1005400009B000BD05290DD14368002B30D00593BB
:1005500014224FF0FF3303A88DF80C20CDF80E3095
:1005600000F0EEF9184B1B78002BE7D109B000BD65
:1005700043F6FE729342F5D8C289002AF2D142684E
:10058000DAB10B238DF80C3005920F4B019301214A
:100590004FF6FF7203A81970ADF80E2000F0D0F9E5
:1005A000019BE0E70CF580439BB29342A5D9D9E7C4
:1005B0001322CEE707930922B4E70A2218468DF8E2
:1005C0000C2000F0D1FBE0E7B862002030B51748FE
:1005D00089B003F077FB28BB03F08EFB0546E8B932
:1005E00000F082FBCDE903550DE001A905A803F059
:1005F000D5FC019B9C8805A804F5804403F0F6FC1B
:10060000A0B200F079FB03AA05A94CF2070003F0A1
:10061000D5FD0028E9D0284609B030BD86252846FA
:1006200009B030BD0325284609B030BDC50403001C
:10063000FF2806D8A1F1040CBCF1050F04D901294B
:1006400002D007231846704770B5A0F5804088B0E7
:100650001C460D460023A1F58041CDE90333164623
:1006600080B289B203AB05AA03F072FD18BB03A9DF
:1006700005A803F093FC0346E8B9039AB5705288C5
:1006800004993280ACB1236801909500AB421C46BE
:100690001A46706828BF2A4606F012F8AC42019B41
:1006A0000BD305A8019303F0A1FC019B184608B0E9
:1006B00070BD7160F5E70523F8E70C23F6E700BF8E
:1006C000024B0022C3E90022704700BF305C0020CB
:1006D000031F052B03D9012801D00120704770B5F5
:1006E000044686B0A0F5804016460D460F4A80B2FB
:1006F00003A903F063FD10B1002006B070BD01A98D
:1007000003A803F04BFC0028F6D1019AB47093883B
:100710005288328003F58043029A726003A82B80CE
:1007200003F064FC012006B070BD00BF305C002007
:10073000FF2807D88B78A3F1040CBCF1050F04D96E
:10074000012B02D007231846704710B514460A46FD
:10075000A3F5804399B2D2F804C013888AB0CDE9DA
:1007600005C3A0F580400023CDE9023380B202AB7F
:1007700007AAADF81210ADF8100003F0E9FC04A9C7
:1007800010BB07A803F060FC48F2066203469342E0
:1007900016D008D81BBB21467CB107A8019303F0F3
:1007A00071FD019B09E048F20762934215D048F2BF
:1007B0000D62934214BF0323112318460AB010BDE3
:1007C000862318460AB010BD07A803F039FC48F28A
:1007D000066203469342DCD1F2E71123EDE70323DF
:1007E000EBE700BF4FF6FF7000F086BAFF2806D88F
:1007F00008B500F0A5FAFFF715FE002008BD072098
:10080000704700BF00F0C6BA00F0CEBA00F000BBDF
:1008100000F01CBBDFF854C000B5624686460023DA
:100820001088704502F10C0204D00133042BF7D17B
:10083000002000BD03EB43020CEB820082788A4269
:1008400008D10CE003EB43020CEB82003CF82220C1
:100850007245F3D00133042BF4D10020E9E7827A0A
:100860009207F7D14268002AF4D100BDB8360020C3
:1008700010B582B08278417A044600232E48CDE933
:1008800000338DF8022000F0A7FF80B3237AA2780E
:100890008DF8022003EB83039B00013A0190ADF831
:1008A0000030072A08D8DFE802F00407070707042A
:1008B0003C250123ADF800302246694632F8040B8E
:1008C000FFF736FF112822D004D870B307280ED1C5
:1008D00002B010BD86280AD1A37A184A23F0030378
:1008E00043F001030121A372117002B010BD032077
:1008F00002B010BD8388224609339B0832F8040BEE
:10090000ADF800306946FFF713FF1128DCD1A37A58
:100910000A4A23F0030343F002030121A37211707A
:1009200007E01423ADF80030C6E7A37A23F00303F1
:10093000A372002002B010BD7C5D0020B9620020CF
:100940002DE9F047574D8046C06886B02E462B46AD
:1009500000225968884203F10C035BD00132042A5B
:10096000F7D198F80030092B01D0132B50D0002775
:100970004D4C04F1100954F8043B404698474C454F
:10098000F9D1DFF82C8198F80030C3B1002488F841
:1009900000404FF0010A04EB440306EB83034FEAE7
:1009A00044099B7A9A070DD5284688F800A0FFF7DE
:1009B0005FFF90B90134042C05F10C05EBD106B0B2
:1009C000BDE8F087DB07F5D588F800A0002FF1D04F
:1009D0002846FFF74DFF0028ECD0A1444FF6FF72E8
:1009E00036F82930ADF806208628ADF8083046D014
:1009F000039007232C4C8DF8043004F1100554F8B3
:100A0000043B01A89847A542F9D106B0BDE8F0879C
:100A10000127ADE798F8003002EB4204092B06EB02
:100A200084092ED0132BF3D0082BA0D198F809708D
:100A3000002F9CD199F808305BB199F809101B4838
:100A40003944C9B200F0E6FE99F8083001379F42F8
:100A5000F3D34FF6FF7326F824300023C9F804308F
:100A60004FF47F43A9F8083099F80A3023F00303C4
:100A700089F80A304FF0FF3389F8023077E7062310
:100A8000B8E798F80970002F7FF471AF99F80A3031
:100A9000DFF81C80C9F8047043F0020389F80A30BB
:100AA00074E700BFB8360020448603007C5D002058
:100AB000B962002070B517484FF0000C82B00246B2
:100AC0004FF6FF764FF0FF354FF47F44E6460CEBD0
:100AD0004C0100EB8101168095708B7A0C320CF181
:100AE000010C23F00303BCF1040F8B7222F8044CB9
:100AF00042F808ECEBD15022CDE900C2064B074981
:100B000007484FF4A07200F005FE002818BF03202C
:100B100002B070BDB8360020385C00203C5C00207C
:100B20007C5D00200023FFF783BD00BF002B4DD06C
:100B30002DE9F041A1F1070EBEF1010F82B030D8CE
:100B400002F1FF3EBEF1030F2BD81F4604461546A7
:100B5000FFF760FE0E460346002839D0027AAA420B
:100B600030D1597AFF2920D04FF0000826481D7255
:100B700000F032FE002835D005EB85021201033269
:100B8000C2F38D02BE7078603A80B8F1000F04D0D5
:100B9000082E02D19200063A8280002002B0BDE801
:100BA000F081072002B0BDE8F08129461648019384
:100BB00000F0C8FD019BFF280146587214D04FF089
:100BC0000108D3E70F2002B0BDE8F0810E20704786
:100BD000FF214FF6FF70FFF71DFE034690B1048022
:100BE0008670BEE70320DDE79A7A99704FF6FF7CA6
:100BF000002022F003024FF47F41A3F800C05860A8
:100C000019819A721120CDE77C5D002038B5FFF77D
:100C100001FEE8B1037A054653B10024697A0D4814
:100C20002144C9B200F0F6FD2B7A01349C42F5D381
:100C3000AB7A4FF6FF724FF0FF312A804FF47F42BC
:100C4000002023F00303A9702A816860AB7238BDCD
:100C5000052038BD7C5D002070B5144D06462B463E
:100C600000241A88B24203F10C030AD00134042C88
:100C7000F7D13046FFF7BAFD10B1072818BF03209F
:100C800070BD04EB440205EB820291783046FFF719
:100C9000BDFF07E004EB440305EB830235F8233086
:100CA000B342F2D00134042CF4D1E2E7B83600208C
:100CB000CB1F012B14D870B50646104614460D46BE
:100CC000FFF7A0FD50B129463046FFF7A3FD48B11C
:100CD00085700480BDE87040FFF7CABD072070BD75
:100CE00007207047052070BD02484022002105F012
:100CF000ABBC00BF8C5D002000B54FF6FF7398427F
:100D000083B00FD0FF28014603D94FF6FF7003B020
:100D100000BD0A48019103F053FB0028F5D101986A
:100D200003B000BD05484FF4807103F06FFB80B243
:100D3000B0F5807FE9D003B000BD00BF8C5D00201E
:100D400008B54FF6FF73984201D0FF2801D9002063
:100D500008BD0146034803F033FB0028F7D101200A
:100D600008BD00BFAC5D0020FF2800D9704700B56A
:100D700083B001460548019103F032FB0199044814
:100D800003B05DF804EB03F02BBB00BF8C5D0020CB
:100D9000AC5D0020FF28014601D9002070470148C2
:100DA00003F02ABB8C5D00204FF6FF73984210B50C
:100DB00027D0441CA4B2FF2C04D91EE00134B4F5A2
:100DC000807F1AD01048214603F016FB0028F5D08A
:100DD000A4B20E48214603F00FFB80B10134A4B247
:100DE000B4F5807F09D00848214603F005FB0028B0
:100DF000EED10134B4F5807FF5D14FF6FF74204673
:100E000010BD0024DEE700BF8C5D0020AC5D00203B
:100E10004FF6FF73984210B510D0441CA4B2FF2CBB
:100E200004D90DE00134B4F5807F09D0064821468D
:100E300003F0E2FA0028F5D0A0B210BD0024F5E7D7
:100E40004FF6FF7010BD00BFAC5D002038B5002428
:100E500025462146044803F0CFFA0134B4F5807FDB
:100E60000544F6D1284638BD8C5D0020074A12782B
:100E700002B9704710B5044604F01EFC204601F08C
:100E800095FB2046BDE8104004F046B8BD62002046
:100E90002DE9F04F87B081464FF6FF708A469346A2
:100EA0000193FFF7B1FC0423039302AB00250593E4
:100EB00004AA03AB0621044602950495FFF7B8FB8C
:100EC000072848D04FF6FF78034647464FF0FF36D5
:100ED0000AE0052B19D1FFF797FC03AB062104AA02
:100EE0000446FFF7A5FB03462046002BF1D1029BE9
:100EF000AB4228BF2746B34238BFA046AB4228BF0B
:100F00001D46B34238BF1E46E5E74FF6FF739C42CD
:100F100003D0032007B0BDE8F08FA74219D0A04549
:100F20000CBF05200020B9F1000F01D0A9F8007016
:100F3000BAF1000F01D0CAF80050BBF1000F01D088
:100F4000ABF80080019B002BE4D01E6007B0BDE829
:100F5000F08F0520E7E7052007B0BDE8F08F00BF60
:100F60000D4B10B51C7854B100230C490C481A469F
:100F7000FFF78EFF052805D0B0FA80F46409094B0D
:100F80001C7010BD06494FF6FF720A80034A002309
:100F90001360044B1C7010BDBD620020D85D0020A2
:100FA0009E620020BC6200202DE9F041054688B019
:100FB000808804F0F3FA2B786880083B032B08D86C
:100FC000DFE803F038271702614B1A78002A40F057
:100FD0008C80604F3B784BB15F4E002456F8043B49
:100FE000284698473B7801349C42F7DB08B0BDE8BF
:100FF000F081574C2378002B34D1584B1B78002BB1
:10100000E7D0574BAA881B889A42E2D1FFF7A8FF86
:10101000DFE76B7A002BDCD152490A68002AD8D06E
:10102000E8688242D5D150480B600268EB60013A13
:101030000260CEE76B7A93B94A490A6812B1E86850
:1010400082427FD0454B1B78002BC2D0444BAA88EC
:101050001B889A42BDD12B7A062BBAD1D6E7012B39
:10106000B7D1EFE74FF6FF70FFF7CEFB4FF6FF73F8
:1010700098420646C1D1FFF7C9FBB042BDD100235B
:101080000C22344F03938DF80C204FF0FF32CDE942
:101090000433CDF80E203A782370CDE90633B2B18F
:1010A0002D4E1C46324652F8043B01922846984782
:1010B0003B78019A01349C42F5DB43B1002456F899
:1010C000043B03A898473B7801349C42F7DB234B51
:1010D0001B78002B8AD0224BAA881B889A4285D184
:1010E00008B0BDE8F041FFF73BBF0024194F1C706A
:1010F000AB6805933A780D23CDE903448DF80C30A5
:101100004FF0FF33CDE90644CDF80E30002A3FF40E
:101110006DAF114E324652F8043B01922846984773
:101120003B78019A01349C42F5DB002B3FF45EAF23
:10113000002456F8043B03A898473B7801349C42AE
:10114000F7DB53E7064AA8880B601080EB6040E7A6
:10115000BB620020BA620020CC5D0020BC6200208F
:101160009E620020DC5D0020D85D002078B1F8B5DB
:10117000074F3B7853B1074E0546002456F8043B11
:10118000284698473B7801349C42F7DBF8BD70470E
:10119000BA620020CC5D0020F8B5074F3B7853B110
:1011A000064D0646002455F8043B304698473B78E8
:1011B00001349C42F7DBF8BDBA620020CC5D002010
:1011C000F8B5074F3B7853B1064D0646002455F855
:1011D000043B304698473B7801349C42F7DBF8BD2E
:1011E000BA620020CC5D0020F8B5074F3B7853B1C0
:1011F000064D0646002455F8043B304698473B7898
:1012000001349C42F7DBF8BDBA620020CC5D0020BF
:1012100008B5FFF7DBF9E8B9FFF74CFCD0B901F0EE
:1012200089F9B8B900F0C4FBA0B903F005FE88B98C
:1012300003F0E0FF70B9084ADFF828C00749084BFF
:10124000CCF800004FF6FF7EA2F800E00122087003
:101250001A7008BD032008BD9E620020BC620020F9
:10126000BD620020DC5D0020094B1B785BB1094AA0
:101270001378022B09D8DFF820C0591C4CF8230042
:10128000117000207047082070470420704700BF8D
:10129000BD620020BA620020CC5D0020034B1B78A9
:1012A0000BB101F09DB90820704700BFBD6200205E
:1012B00008B5054B1B782BB101F0BAF9082808BF17
:1012C000112008BD082008BDBD62002009B101F051
:1012D000ADB97047024B1B7803B9704703F0FEBEEF
:1012E000BD620020034B1B780BB101F05DB80820F4
:1012F000704700BFBD620020024B187800B97047EC
:10130000FFF786BABD620020034B1B780BB104F0D7
:1013100075B90820704700BFBD620020DFF814C017
:101320009CF800C0BCF1000F01D0FFF7B1BD082050
:10133000704700BFBD620020384B1B78002B29D0BE
:1013400010B5374B374C1A78014637488AB0CDE98B
:101350000304A2B1354B1B68CBB93548226800881D
:1013600088421CD0531C17D0531C08462F4A2360B8
:1013700003A9FFF7DDF9002842D1002008E0009121
:10138000FFF7EEFD264B00991B78002BE2D11120D0
:101390000AB010BD0820704713200AB010BD002A03
:1013A000E2D008220846CDE90533CDE907330191A3
:1013B0008DF814200993009304F0F0F89DF8242090
:1013C000009B0199ADF8160063F300028DF824200C
:1013D000184AADF81810127808930624ADF81C408E
:1013E000002ACAD0144A1C4652F8043B009205A8B1
:1013F0009847104B009A1B7801349C42F4DBBCE701
:1014000023680A490022013B11280A602360BED0EC
:101410008628BDD0072818BF0320B9E7BD62002089
:10142000BC620020D85D002001000600DC5D0020C9
:101430009E620020BA620020CC5D002076DF7047FB
:1014400010B5044682B059B901A9FFF74BFF43F22A
:101450000202904200D040BB9DF804309B071BD491
:1014600000212046FFF724FF11280CD811280ED8A0
:10147000DFE800F0120D0D0D0D0D0D0D0D0D0D120F
:101480000D140D0D0D1243F20203984204D002B068
:10149000BDE8104001F042BE02B010BD132120464D
:1014A00002B0BDE81040FFF7C9BF01F037FE9DF85C
:1014B00004309B07F0D4D3E7017839B1072900D075
:1014C000704780680028FBD001F028BE4088FFF7F5
:1014D000B7BF00BF70B5037888B00446142B0FD88F
:1014E000DFE803F0650E980E0E0E100E0B0E0B0EBD
:1014F0000E0E0E0E0E0E0E214D00824B01221A70A2
:1015000008B070BD804C2378002BF9D17D4B1B783F
:10151000002B00F0978002F0DFFD002840F0CD8026
:1015200001232370ECE7794B7749764A1B68002446
:101530000C70147003F10806594201F0070103F022
:101540000702734D58BF4A424FF6FF7C35F8121020
:10155000614503A80ED001934FF0FF3325F81230F8
:101560000494CDE90544ADF8101003940794FFF7F7
:10157000B1FF019B01339E42DED108B070BD83688C
:10158000614948F20D6200209342087002D0B3F521
:10159000064FB5D10023062203A8CDE90333CDE9D8
:1015A000053307938DF80C20FFF794FFA8E7808898
:1015B000FFF7C2FE13283ED813283ED801A353F8E4
:1015C00020F000BF011503003B1603003B1603008B
:1015D0003B1603003B1603003B16030001150300F6
:1015E000011503003B1603003B1603003B160300E6
:1015F0003B1603003B1603003B1603003B1603009B
:101600003B1603003B160300831603003B16030042
:1016100001150300037A012B3FF672AF0023828885
:10162000079303A8CDE90333CDE90533ADF81020C6
:10163000FFF750FF64E7862823D008B0BDE870406C
:1016400001F06CBD03A802F027FE002844D1BDF8CC
:1016500012302C4A834214BF0123034613707FF4D7
:101660005AAF00231946184603AAFFF757FE034650
:1016700048B35A1F012A7FF643AF184601F04EFDCA
:101680003EE7224822490268A48821F81240531CF0
:10169000594201F0070103F0070358BF4B420022F3
:1016A0000360062303A80392CDE90422CDE90622B4
:1016B0008DF80C30FFF70EFF22E748F207629042E8
:1016C0003FF41EAFB9E7BDF80C00FFF71DFE80B96F
:1016D0000C4A012313701EE701F020FDBDF8123003
:1016E000084A002B14BF0123002313707FF408AFB6
:1016F000B7E7019001F012FD024B01221A70019B25
:10170000B7E700BF22210020BE620020E05D00207C
:10171000BC20002010B5DDF808C080B179B173B1EC
:10172000039C04FB0CFE964509D8BCF1000F06D0C3
:101730002CB1C0E90013C0E902C4002010BD07208D
:1017400010BD00BFF8B5002842D003680646002B44
:101750003ED0406800283BD0B368002B38D000242E
:101760000F46FF2521460EE0FF2D19BF631B0133F5
:10177000012325469F422CD0B3680134E4B29C4239
:10178000214625D2706802F01BFEBFF35F8F002850
:10179000EAD0FF2D01D1FF25EEE7A54204D3FAE7F9
:1017A0000135EBB2A342F6D23368002BF8D0706853
:1017B0000028F5D0BFF35F8F294602F01DFE0028F8
:1017C000EED07068BFF35F8F294602F009FEE7E7AD
:1017D000FF252846F8BD00BFC8B10268BAB142680B
:1017E000AAB1FF2913D010B582B00C460190BFF307
:1017F0005F8F104602F000FE30B1019BDA68186876
:1018000002FB040002B010BD002002B010BD002099
:10181000704700BF28B102681AB142680AB1FF29B7
:1018200000D1704738B50D460446BFF35F8F1046B0
:1018300002F0E2FD00B938BD6068BFF35F8F294652
:10184000BDE8384002F0CCBD7EDF70477FDF7047D7
:1018500086DF704700B59446104A87B08E461178EF
:10186000002204928DF81030032301920392029219
:101870008DF80CE0ADF80EC005928DF80430ADF88F
:101880000600FEF733FBBDF8060003F007FEADF8D7
:10189000080001A800F0DEFD07B000BD26210020F1
:1018A00030B5154B0A1E87B018BF01220C461978B7
:1018B0000546FEF71BFB114BA4F10102B2FA82F2BE
:1018C000197828465209FEF711FB00230122284609
:1018D00001930393CDE904338DF804200293ADF80E
:1018E00006508DF80C4003F0D9FDADF8080001A8B2
:1018F00000F0B0FD07B030BD2521002024210020DC
:10190000F0B5244B87B00D46197804461646FEF70D
:10191000CFFA08B907B0F0BD1F4B20461978FEF783
:10192000C7FAC8B11D4B20461978FEF7C1FAC0F1BD
:10193000020304F5807080B20721DFB2FFF766F979
:1019400008B1052811D133462A463946204607B04A
:10195000BDE8F040FFF77EBF014633462A462046E9
:1019600007B0BDE8F040FFF775BF0023CDE90133B4
:10197000CDE90433039007232046ADF806408DF8E7
:10198000043003F08BFDADF8080001A800F062FD03
:10199000D9E700BF26210020252100202421002096
:1019A000024B0A781978FEF7A1BA00BF2321002064
:1019B00010B51D4B1A78182A30D01C4A11781829F6
:1019C00026D01B49087818281BD01A4C20781828D4
:1019D00010D01B78182B0BD01378182B08D00B784D
:1019E000182B05D02378182B0CBF0320002010BD26
:1019F000032010BDFEF752FA0C4A0D490A4B207025
:101A0000E7E7FEF74BFA0A49084A074B0870DCE79C
:101A1000FEF744FA054A044B1070D2E7FEF73EFA8F
:101A2000014B1870C9E700BF2621002025210020A6
:101A30002421002023210020F0B591B00E46174646
:101A40000546FEF767F92022044600210DEB02004F
:101A500004F0FAFD012C15D0002C39D056B12846DF
:101A600003F01CFD3378DA0724D4424B0B970F9315
:101A7000002100E0852108AB00222846FFF7E6FEA2
:101A800011B0F0BD3C4B002219782846FEF72EFA23
:101A9000002E43D0284603F001FD4FF6FF73984215
:101AA00005D0354B28461978FEF702FAA0B13378F5
:101AB000DB073DD503AB05F5807080B2012207211D
:101AC000FFF734F81128DBD0002836D00320D7E701
:101AD00043F2020011B0F0BD0423CDE90300CDE9CB
:101AE000050007908DF80C30284603AB0193ADF844
:101AF0000E5003F0D3FCADF81000019800F0AAFCE2
:101B00001D4B28461978FEF7D3F93278019B02F075
:101B1000010258B912B9174B0B970F93852108ABE7
:101B200032462846FFF792FE11B0F0BD002AC2D11E
:101B3000104B0B970F930021F1E7014650220498B8
:101B400004F082FD04990B4A0B46284603F8344BF7
:101B5000089301F118030C934B1C11310B970F9252
:101B60000D9303F0B5FC10B9012CE4D080E70820F8
:101B700086E700BFE45D00202321002038B505463C
:101B80000C46FEF7C7F8012802D043F2020038BD28
:101B90003CB121462846FFF757FE042808BF112014
:101BA00038BD204638BD00BF2DE9F0410388113B08
:101BB0008AB00446092B31D8DFE803F04C30055BCE
:101BC000303030309A338088FEF7A4F8012810D1E5
:101BD000237AA588BB4A03F00103C3F102031178FD
:101BE000DEB202462846FEF781F931462846FFF765
:101BF00057FE34F8040F002305220434CDE90533E1
:101C0000CDE908338DF81420ADF81600079403F0E1
:101C100045FCADF8180005A800F01CFC0AB0BDE8B2
:101C2000F081A94B80881978FEF742F90028F5D198
:101C30000090A088FEF794F80146009AA088002939
:101C400040F0E780012341F206020AB0BDE8F0410E
:101C5000FFF700BE037A80883D2B41F23D014FF033
:101C6000000218BF4FF488510AB0BDE8F041FFF7F9
:101C700047BE00F11006103003F06CFC4FF6FF7207
:101C800003469342A0881D4600F09E8019460193AA
:101C900003F0AAFC8B49A088097800900122FEF786
:101CA00025F900980021FFF7FBFD019B03AA0721FE
:101CB0001846FEF737FF002800F09E800021002321
:101CC0001A46A0880091FFF7C3FD08280346A5D057
:101CD0000099002840F0E180A37EDA079ED5002914
:101CE0009CD1A0880B4641F20602FFF7B3FD95E7B1
:101CF000027A808815460646002A78D1714B1978F9
:101D0000FEF7F4F8637A5B0740F1E08006F5807334
:101D100098B2012203AB07218046FEF707FF074672
:101D2000002840F08C80304603F0B8FB4FF6FF737C
:101D300098420246054600F0D9803D4605AB404634
:101D4000072101930092FEF7B3FFDDE9002300288D
:101D500000F0E280862800F0F380002105914FF02A
:101D6000070CC3E90111C3E9031107903046009342
:101D700001928DF814C0ADF8166003F08FFBADF83A
:101D80001800009800F066FB00218DF81D10617AA4
:101D9000A088ADF8160011F0040F0CBF022101213C
:101DA0008DF81C1002218DF8141003F077FB009BB6
:101DB000ADF81800184600F04DFB002D3FF42EAF93
:101DC000019803F01BFC29E703F068FB3D4A0190F2
:101DD0001178A08800900122FEF788F80098002171
:101DE000FFF75EFD019BAB423FF468AF5EE7627AAE
:101DF000294602F0030237E7A37ED8077FF55EAFDE
:101E0000049B93F84420D10740F1C28003F13401D0
:101E100055E72C4B00921978FEF768F8A088009AD5
:101E2000ADF8160002238DF81430ADF81C2003F035
:101E300035FBADF8180005A800F00CFBEEE6072214
:101E400005AB07903046CDE9055500938DF8142079
:101E5000CDE90855ADF8166003F020FB009BADF806
:101E60001800184600F0F6FA627AA088ADF816005D
:101E7000022112F0040F0CBF0A4601228DF8141043
:101E80008DF81C208DF81D5003F008FB009BADF869
:101E90001800184600F0DEFAC0E60022A08807937A
:101EA0000721CDE90522CDE908228DF81410ADF8FF
:101EB000160003F0F3FAADF8180005A800F0CAFA0E
:101EC000ACE600BF26210020252100200223A088A7
:101ED0008DF81430ADF81600ADF81C3003F0DEFAC2
:101EE000ADF8180005A800F0B5FA97E60146049889
:101EF00003F0B4FAA84256D001460090304603F0F1
:101F000073FB5D4B30461978FDF7D2FF009A00282D
:101F100058D005AB002512E7627AA088009312F032
:101F2000040F4FF002040CBF2146012101228DF85D
:101F30001440ADF816008DF81C108DF81D20A3E795
:101F4000002205920621C3E90122C3E9032230469B
:101F50008DF814100093ADF8166003F09FFA009B03
:101F6000ADF81800184600F075FA617AA088ADF84F
:101F700016004FF0020C012211F0040F0CBF614655
:101F800011468DF814C08DF81C108DF81D207BE7CC
:101F900003F146003146009303F0C0FA009B00288D
:101FA0007FF434AF8AE60090FEF71CFC009B984259
:101FB0003AD001460090304603F016FB0125009A06
:101FC00005ABBCE60423CDE90500CDE90700099087
:101FD0008DF81430304605AB01920093ADF81660D1
:101FE00003F05CFAADF81800009800F033FA224BC9
:101FF00030461978FDF75CFFDDE900320146002824
:1020000088D1627AA088009312F0040F4FF0020486
:102010000CBF224601228DF81440ADF816008DF851
:102020001C208DF81D102FE70722CDE9057705ABA1
:102030008DF814203046042207920093CDE90877EA
:10204000ADF8166003F02AFA009BADF818001846A8
:1020500000F000FA627AA088ADF81600022112F0B2
:10206000040F0CBF0A4601228DF814108DF81C20B5
:102070008DF81D7008E700BF23210020F0B1037820
:1020800013F002021BD0C3F30212042A1DD803F07E
:10209000F002302A19D0427881788A4215D8062A6F
:1020A00013D9102911D8C27812F0040C0DD101797E
:1020B00011F0040015D10A43110708D570471A061C
:1020C00003D4C3F302110429E5D900207047C2F3F9
:1020D0000102C3F30003002A08BF83F00103D8B252
:1020E00070476046EAE700BF30B515468DB011294C
:1020F00035D8DFE801F03234343434343434323417
:1021000034343409343434320022CDE90722CDE9A5
:1021100009220B92019003F0C1F9019BADF81E302A
:1021200003228DF81C20ADF820000DF11C0CBCE83A
:102130000F0002AC0FC4DCF8003023609DB32B7895
:1021400003F00103C3F1020341F2011202A88DF86A
:102150001030ADF81220FFF709F80DB030BD0022A5
:102160000C46CDE90722CDE909220B92019003F03C
:1021700095F9019BADF81E3007228DF81C20ADF8B3
:1021800020000DF11C0EBEE80F000DF1080CACE8AC
:102190000F00DEF80030CCF8003002A80494FEF7FF
:1021A000E5FF0DB030BD0223CEE700BF2DE9F041C1
:1021B000244B8EB00025CDE90A551B68099309AC64
:1021C0000646884694E8070001AF87E80700CDE996
:1021D0000C5509953046A56003F060F905238DF88C
:1021E0002430ADF82800ADF826600FCC0DF1100CAE
:1021F000ACE80F002368CCF8003004A8CDF81880B4
:102200000797FEF7B3FF104B01991A683046FFF7A6
:1022100013FC0E4BA0F11102B2FA82F219780446B7
:1022200052093046FDF762FE094B2A4619783046BE
:10223000FDF75CFE019A21463046FFF755FF0EB0D0
:10224000BDE8F081285E0020245E002027210020C8
:102250002A2100200021FFF7A9BF00BF2DE9F0418E
:102260000C4690B0054617469846002931D13C4BA4
:102270000C911B680B930D910BABCDE90E1193E8FC
:10228000070003AE86E8070028460B9403F006F922
:102290004FF005038DF82C30ADF83000ADF82E501E
:1022A0000DF12C0CBCE80F000DF1180EAEE80F007C
:1022B000DCF80030CEF8003006A80996FEF756FF8D
:1022C000284B1B781BB99DF81530002B46D0039E78
:1022D00000E000263A4631462846FFF74FFC224AE6
:1022E00001901128117815D000222846FDF7FEFD37
:1022F000019B0D2B2CD842F60112DA4012F0010F8F
:1023000014BF1C460324B8F1000F18D1204610B0AA
:10231000BDE8F08101222846FDF7E8FD1349224679
:1023200009782846FDF7E2FD11493A460978284622
:10233000FDF7DCFD0024019BB8F1000FE6D0284634
:1023400032461946FFF7D0FE204610B0BDE8F081B6
:1023500043F20204A34218BF0324D4E70524D5E7BF
:10236000285E0020BF6200202A21002028210020B2
:102370002921002010B50A4B82B019780446FDF7D8
:1023800097FD084B019019782046FDF791FD019AC1
:1023900001460123204602B0BDE81040FFF75EBFB2
:1023A0002921002028210020002942D070B584B0C6
:1023B00005460C46FDF7B8FC50B30190284603F0E3
:1023C0006DF8019B4FF6FF72A3F10203821AB3FA74
:1023D00083F318BF01225B0943EAC203227822F08B
:1023E00009021343237006462846FDF7B9FC2378FB
:1023F00060F3410323702846FDF7CCFC237860F39B
:10240000820323702846FDF7DFFC28B1012309E091
:1024100043F2020004B070BD01902846FDF7A0FC15
:10242000019B40B92278002063F30412227004B0AB
:1024300070BD0E20704702AA07213046FEF772FBDE
:10244000019B0028EED1039A92F84420D207E9D5E7
:10245000DCE700BF0378052B1DD010B5122B84B02C
:10246000044605D0204604B0BDE81040FEF77EBE0D
:102470001F4B1A689AB14088FDF772FC014680B97B
:10248000024660880123FFF7E9FE204604B0BDE85C
:102490001040FEF76BBE81684088FFF787BE0121C0
:1024A000EFE7227A6088C2F34003C2F300019B0089
:1024B000C2F3800243EAC10343EA021303F01C03A0
:1024C0004FF0E00C03A901938DF80CC0FFF76CFFEF
:1024D0009DF80C20019B002123EA0203884208BFDB
:1024E0008B420CBF0122002282F00102C9E700BF2B
:1024F000285E002008B503780B2B02D8072B02D8E2
:1025000008BD132BFCD1074B074918780022FDF7B3
:1025100033FD064B064918780022BDE80840FDF758
:102520002BBD00BF27210020552203002A210020B7
:102530007523030008B5194B1A78182A0DD0184BCB
:102540001A78182A11D0174B1A78182A15D0164B5A
:102550001A78182A19D0002008BDFDF79FFC0F4BF0
:1025600018700F4B1A78182AEDD1FDF797FC0C4B19
:1025700018700C4B1A78182AE9D1FDF78FFC094B1B
:102580001870094B1A78182AE5D1FDF787FC064B1D
:1025900018281870DFD1032008BD00BF2A210020B1
:1025A00029210020282100202721002008B5FFF73D
:1025B000FBFA074B074918780022FDF7DDFC064BB4
:1025C000064918780022BDE80840FDF7D5BC00BFD9
:1025D00027210020552203002A2100207523030013
:1025E0000346B0B100B583B00190FFF747FD68B175
:1025F000019B0B4A186810600A481B790A4913713D
:102600000260012300200B7003B000BD072003B05F
:1026100000BD0448044A0360012111700020704786
:102620002C5E0020285E0020BF620020FFF7B8B9B2
:1026300000230A461946FFF711BE00BF10DF70479E
:1026400011DF704710B582B00C4904466846FCF7AC
:10265000B9FE019B2BB90DE06846FCF7BBFE019B60
:1026600043B1D3E90021204690470028F4D111203E
:1026700002B010BD184602B010BD00BF6C8603004A
:102680000B4991F81623EC2352091341DB070BD5B4
:10269000084B9A6822B11A6842F480021A607047A7
:1026A0004FF480030B60704742F2020000F036BD29
:1026B00000E100E0C45E002010B5294C84B0012088
:1026C0002070FFF7BFFF11283BD0264902A8FCF776
:1026D00079FE039B4BB1D3E900210220904702A869
:1026E000FCF778FE039B002BF5D102A88DF808308B
:1026F00000F022FDFFF7A4FF1B49019000229DF886
:1027000008000A7000F04CFD019B13B1184604B09C
:1027100010BD164A23709368BBB1136823F480037D
:102720001360104902A8FCF74DFE039B4BB1D3E99F
:1027300000210320904702A8FCF74CFE039B002BCE
:10274000F5D10023184604B010BD094B4FF48002A8
:10275000C3F88020BFF34F8FBFF36F8FE1E700BF57
:10276000C062002060860300C2620020C45E0020B8
:1027700000E100E010B5264C86B001230020237054
:10278000FFF760FF11283FD0224904A8FCF71AFE8A
:10279000059B4BB1D3E900210020904704A8FCF72A
:1027A00019FE059B002BF5D11B4A8DF810301268DD
:1027B000039204A800F0C0FC184903A8FFF73EFFED
:1027C00017490190B0FA80F252099DF810000A7082
:1027D00000F0E6FC019B13B1184606B010BD114A8B
:1027E00023701370FFF74CFF0A4904A8FCF7EAFDB9
:1027F000059B4BB1D3E900210120904704A8FCF7C9
:10280000E9FD059B002BF5D10023184606B010BD4D
:10281000C06200206086030078860300DD1002009D
:10282000C2620020C1620020034B1B780BB9FFF786
:10283000A1BF0820704700BFC2620020054B1B7873
:1028400033B1054B1B780BB1FFF736BFFFF792BFD3
:1028500008207047C0620020C2620020014B187837
:10286000704700BFC26200200C4B1B7803B9704751
:102870000B4B9A683AB11A6822F480021A60094B2D
:1028800001221A707047084B4FF48002C3F8802071
:10289000BFF34F8FBFF36F8FF1E700BFC26200201D
:1028A000C45E0020C162002000E100E008B5094BD1
:1028B0001A7812B1084A127802B908BD074A4FF4D3
:1028C0008001C2F80011FFF7DBFE024B00221A70F4
:1028D00008BD00BFC1620020C262002000E100E02C
:1028E000034B1B7813B1034B1878704701207047D6
:1028F000C2620020C162002000B583B0084968466A
:10290000FCF760FD019B43B1D3E900209047684686
:10291000FCF760FD019B002BF6D103B000BD00BFAA
:102920005486030060DF704769DF704761DF7047DE
:10293000144B1B782BB310B5342490B00DF1020169
:1029400003A8ADF80240FFF7F1FF88B90E4901A8CE
:10295000FCF738FD029B002BF0D0D3E9002103A83F
:10296000904701A8FCF736FD029B002BF5D1E5E767
:10297000052801D110B010BD10B0BDE8104000F026
:10298000CDBB7047C36200207C860300002941D084
:1029900070B584B000240D461F4A0A60CDE9014499
:1029A000012606238DF8040001A92020ADF8083087
:1029B00003948DF80660FFF7B7FF2A68039401A916
:1029C0004020CDE901448DF80560FFF7ADFF0423F9
:1029D0000DEB03012A6803943046CDE901448DF8DC
:1029E0000430FFF7A1FF4FF4E4632A68019301A9C3
:1029F000A120CDE90244FFF797FF2A68039401A9BB
:102A0000A020CDE901448DF80460FFF78DFF20463A
:102A100004B070BD0E2070474020002008B5FFF7BD
:102A200081FF10B9014B01221A7008BDC36200205A
:102A30004BDF704700B585B001A8FFF7F9FFA8B9D3
:102A40000F4902A8FCF7BEFC039B002BF4D0D3E98E
:102A500000210198904702A8FCF7BCFC039B002BC7
:102A6000F5D101A8FFF7E4FF0028E9D0052801D13E
:102A700005B000BD05B05DF804EB00F04FBB00BF32
:102A80008886030000207047A8DF7047ADDF7047DD
:102A9000AEDF7047B0DF704762DF70473CDF7047E2
:102AA0003DDF7047704700BF48B300B50288512A28
:102AB0008BB0034629D00DD8102A21D0112A07D176
:102AC000374A81889388994202D14FF6FF739380E9
:102AD0000BB000BD532AFBD1314AC188D38899423B
:102AE000F6D1137E002BF3D000F0BEF90028EFD012
:102AF0002B4A536902200BB05DF804EB184770476E
:102B0000274A838893800BB000BD254A808892882D
:102B10009042DDD19A79022ADAD12149B3F808C06E
:102B2000C9888C45D4D1997B04390229D0D9009326
:102B300003AB05931A4B049200210691CDE90711CE
:102B40008DF81820099104AA5989FFF79FFF009B6F
:102B5000A8B140F2FD12ADF81C200093104B06A95D
:102B60009888FFF797FF1128009BF6D0BDF81C202E
:102B7000002AADD103F1080000F014F9A8E7CDE96F
:102B8000000303A8FDF72AFA019B0028E1D09DF875
:102B90001E10009A41F001018DF81E10DBE700BF06
:102BA000345E002000B5154B87B000224FF0200C9A
:102BB0008646CDF80B2003208DF80F208DF804C039
:102BC000DA88ADF802004FF0020C98888DF80610F4
:102BD000ADF8082001AB0DEB0C0202A9CDE90423EE
:102BE0008DF805E08DF80AC0FFF752FF20B9BDF857
:102BF0000230032B18BF0C2007B000BD345E00204C
:102C000000B54FF0FF3183B00020FFF749FF0346C6
:102C100010B1184603B000BDB121FFF73FFF0346D6
:102C20000028F6D1054A0190526901209047022000
:102C3000FCF76EFB019B184603B000BD345E00201C
:102C400010B51B4B04460FCB86B00DF1080C8CE879
:102C50000F0054B323461749174C1B684FF6FF72F9
:102C6000002B08BF0B46A28020460022227663611B
:102C700000F05CF808B106B010BD01204FF65963B2
:102C8000A21C01A98DF80600ADF80430FFF7FCFE88
:102C90000028F0D1214602A8FFF7FEFE0028EAD165
:102CA000204600F05DF806B010BD0E2006B010BD45
:102CB00094860300A52A0300345E00204FF0030C25
:102CC00000DF704717490B68E3B14B68D3B110B50B
:102CD00008319847082816D0134B1A68A0B1002174
:102CE000517602200621FFF75DFF0F4B20B11A68D5
:102CF0000320526990470C4B1B68BDE810405B698C
:102D000002201847704710BD507601210220FFF7BE
:102D100049FF0028F7D0044B1B68BDE810405B69F1
:102D200003201847705E00206C5E002018B1034A33
:102D30001060002070470E20704700BF6C5E0020BE
:102D400008B501F01BFE00B108BD0448FFF7B6FF4F
:102D50000028F9D1BDE8084001F01EBE705E0020D9
:102D600010B588B004461D2200210DF1030003F0C8
:102D70006BFC224642F60103ADF80C304FF0030C19
:102D80001723ADF800C0ADF8043012F806CB608808
:102D90008DF802C04FF0013369460493FDF722F924
:102DA00008B010BD30B50346007B012883B018D0B1
:102DB000022813D15A7B511E132927D9264C0521ED
:102DC000FFF7F0FE18B1236803205B69984723687A
:102DD00002205B6903B0BDE8304018471E4C022159
:102DE000EEE71D4C2268517E0D4641BB1076014630
:102DF0000193FFF7D7FE00B32268019B15761128D7
:102E000018BF0421187B08BF0621D9E7124C1348CC
:102E1000019303F10E0103F053FC2268019B10485B
:102E2000527E597B81619AB90E49019351F8082C61
:102E3000904760B9236801225A7603B030BD06215D
:102E4000FFF7B0FE0028F8D023680320C1E7019BFC
:102E5000187B0421B4E700BF6C5E0020545E0020A4
:102E6000505E0020785E002008B5044B1B680020EF
:102E70005B699847BDE80840FFF7C2BE6C5E002062
:102E8000A8DF7047F0B5002462F30F048BB00D4645
:102E900006461F4662F31F44D9B1B2B11E2200217B
:102EA0000DF10A0003F0D0FB0D4BADF808600222D3
:102EB0008DF815201888109A8DF8197002A9CDE99F
:102EC0000345FDF78FF80BB0F0BD104600F026F972
:102ED000E4E70846019200F021F9019ADDE700BF1E
:102EE000A062002070B501238EB041F60A05814A28
:102EF000ADF80C50044603A918468DF80E30FFF7C4
:102F0000BFFF0546002840F09A802288002A40F042
:102F100099802289002A40F0A580228A002A40F068
:102F2000B080228B002A40F0BB80228C002A40F027
:102F3000C680228D002A40F0CF80236B002B36D034
:102F40001A688DF810201A6894F83C60120A8DF8FF
:102F500011205A888DF81220DA788DF813205A68DB
:102F60008DF814209B688DF815301A0A8DF81620FC
:102F70001B0C1E2200210DF11A008DF8173003F0F2
:102F800063FB42F62323ADF818304FF00813079384
:102F900004AB089302238DF82530564B564A188807
:102FA0008DF8296006A9FDF71DF8002856D1636B3E
:102FB0005BB11A791968514B009394F83C3042F692
:102FC0002A20FFF75FFF002848D1A36B002B36D0E3
:102FD00093F800C05888998894F83C4000226CF31C
:102FE000070260F30F22000A60F3174261F31F62C9
:102FF000090A04928DF81410DB888DF81530180A30
:103000001E2200218DF816000DF11A0003F01CFBA2
:1030100042F65023374AADF818304FF007130793A4
:1030200004AB10880893364A8DF82940022306A97C
:103030008DF82530FCF7D6FF002818BF0546284636
:103040000EB070BD2F4994F83C300091616842F693
:103050002920FFF717FF00283FF45BAF05462846FD
:103060000EB070BD284994F83C300091E16842F6FA
:103070002420FFF707FF0028F0D1228A002A3FF41E
:1030800050AF224994F83C300091616942F6252006
:10309000FFF7F8FE0028E1D1228B002A3FF445AF6C
:1030A0001B4994F83C300091E16942F62720FFF774
:1030B000E9FE0028D2D1228C002A3FF43AAF15490C
:1030C00094F83C300091616A42F62620FFF7DAFE60
:1030D00000283FF42EAFC1E70F4994F83C3000912F
:1030E000E16A42F62820FFF7CDFE00283FF425AF25
:1030F0000546B4E7A06200208C5E0020845E0020BC
:103100007C5E0020BC5E0020B45E0020AC5E00202F
:10311000A45E00209C5E0020945E002000B585B077
:103120000346002101AA44F20100CDE901110393F5
:10313000EDF7D4FF05B000BDEFF3108C72B6154A61
:103140009368F3B9012110B591601349134CD1F87C
:1031500080E02EF0844E2EF4794E2EF0030EC2F84D
:1031600000E0C1F88040D1F884E0C2F804E04FF0FC
:10317000FF32C1F884200370BCF1000F00D162B6A9
:1031800010BD01230370BCF1000F01D162B670477E
:10319000704700BFC45E002000E100E0FC06FFBDF8
:1031A000094B9A687AB170B9EFF3108172B6074A89
:1031B000D3F800C0C2F800C0D3F804C0C2F804C0FD
:1031C000986001B962B67047C45E002000E100E07B
:1031D000DFF850C0104ABCF8023003EB830302EB67
:1031E0008302D3685BB900B54FF0040E8CF800E0A1
:1031F00051680A485DF804EB012201F0E5B9084A7C
:103200000520022191808CF80000116803480023FA
:10321000012201F0D9B900BF005F00205021002039
:10322000F85E0020EC5E002000F5805C0830022390
:103230000B80036801332BD030B5B0F802E00EF1FB
:10324000030300EB83039C4523D383881C464FF67E
:10325000FF739C4217D00388ABB183685C1C12D00B
:103260000F4C25689D4200D223600B8803337344C2
:103270000B804388033300EB8300844502D9036845
:103280000133DAD130BD002AEFD001231370ECE70F
:1032900070470AB1012313704FF480630B8030BD77
:1032A000B05F00201F4A0B6800EB800002EB800239
:1032B000526802F5805013B35A88033203EB82033D
:1032C00098421AD91A6801324FF6FF7C15D05A88F5
:1032D000033203EB820290420FD310B5B3F804E03F
:1032E000E6450FD0B3F800C0BCF1000F0AD09C68CF
:1032F000013407D00B60012010BD0020704702F19F
:103300000803DDE790420BD91346126801324FF6ED
:10331000FF7C05D05A88033203EB82029042DDD253
:10332000002010BD005F002030B5426883B01AB1A4
:103330001D4BDC68A2421AD200230D4604460B80C6
:10334000019304E0019B22689968914209D001A988
:103350000020FFF7A7FF0028F4D101232B8003B042
:1033600030BD124A63601389238103B030BD1B69ED
:103370009A42E1D812F00303DED10C4C058924896E
:10338000A542D9D105689468A542D5D108484068BE
:10339000824203D900F58050824201D31846DEE70D
:1033A0000B800120DBE700BF50210020EC5E0020F5
:1033B000005F002010B5124C82B034F8020C214698
:1033C000FFF770FF20B902B0BDE81040FFF700BF63
:1033D0000C4B226899881B680B4803EB81015388CA
:1033E0004FF0000C0333CDF800C09BB24FF0030C3C
:1033F0009B0004F804CC01F0B9F802B010BD00BF86
:10340000F05E0020F85E0020502100202DE9F047FA
:10341000AF4EB04F8AB00446D6F80080B8F1000F26
:1034200075D098F800305A1E052A00F27783DFE83D
:1034300002F04A2D2D030358002C40F08A8098F8A2
:103440000420012A00F07B82022A00F0A882002AD0
:1034500040F00681022288F8042005ADD8F80C203F
:1034600003930DF112012846CDE905240794FFF7D7
:103470005BFF002840F00983039B48F209640022A7
:103480000592C5E90122C5E903226AE0B8F814A053
:10349000002C43D1904D98F816100AEB8A0205EBE8
:1034A00082024FEA8A091089546804EB80040629D5
:1034B00000F23E83DFE811F059019A01DB01C701F8
:1034C0004A01AE017301002C40F02D8298F80430BF
:1034D000032B00F21783DFE813F01D012A0111010D
:1034E000CB00002C40F09880FA7A3B78002A00F05C
:1034F000A080FC72013B062B00F20882DFE813F08B
:103500007A020202E801E40106026A02D10173496B
:103510007348FBF7A3FE8046306082E798F81620D8
:10352000B8F806006C4D022A07D90AEB8A0105EBB0
:103530008101C21C0C8922440A814FEA8A0909EBE5
:103540000A0105EB81014FF6FD72121A4889024407
:103550004A81002205AD0592C5E902222A614FF495
:103560000644023B0694042B0BD8DFE803F0243D0D
:1035700033035E0004238DF81430B8F80630ADF83C
:103580002030584C04F1100854F8043B284603B18D
:103590009847A045F8D15149514800243460FBF7C1
:1035A0008FFE5148012100F0BBFF00287FF434AFAB
:1035B0000AB0BDE8F08701238DF81430B8F8081080
:1035C000B8F80420D8F80C300793ADF82010ADF807
:1035D0002220D6E703238DF81430D8F80620D8F837
:1035E0000C30CDE90732CCE702238DF8143098F87F
:1035F0001630B8F80820B8F80410ADF82020A3F170
:103600000603B3FA83F3D8F80C2007925B09ADF8F0
:1036100022108DF82430B4E705AD00230593C5E9E9
:1036200002332B614FF40643069305238DF81430C3
:10363000A7E7072B3FF65EAF01A252F823F000BFC9
:10364000573A0300F5340300F5340300F338030060
:10365000273A03009F3803009F3803004D3A0300C8
:10366000CDE907440594099405AD48F20E6478E766
:103670001E4C1F4A1F48184D4FF0000988F804904F
:10368000CDF800902168082300F070FF114B2268EC
:103690005B8803EB830305F8239005EB83035968EC
:1036A0005A60A2881A8102232160A38000283FF477
:1036B0007FAF05ADD6F800800F4998F800300022A2
:1036C00005924A60C5E902222A6148F20D6448E782
:1036D000E85E0020EC5E0020005F0020E45E002039
:1036E000145F0020B45F0020C85F0020F85E002057
:1036F000A886030050210020CC5F0020AB4AAC48D4
:103700000023022188F8043091801168012200F022
:103710005BFFCBE7A54BA74A1968A548012388F8AA
:10372000043000230093082300F020FFBEE7A24DE1
:103730002B78022B40F09D810023009369682B7049
:103740009E4A9B48082300F011FFAFE703939C4B70
:10375000D8F818201A60184600229A495A60FFF7D4
:10376000E3FD039B002800F0B981022388F816309E
:103770000023009304238E48214608EB030200F047
:10378000F5FE00283FF414AF98F816203068B8F81A
:1037900006100378022A48F20D640FD904E0B8F845
:1037A0000610404641F61D5409EB0A0C05EB8C0C43
:1037B000CA1CBCF808E07244ACF80820D14405EB00
:1037C000890980464FF6FD72B9F80A00521A024480
:1037D000A9F80A2005AD002241F61D5105928C4240
:1037E00008BF1446C5E902222A61BAE6032B14BFBA
:1037F0000623052388F81630002300936C48211D0A
:10380000042308F1080200F0B1FE0028BCD10AB080
:10381000BDE8F0876A4B6C4A59686A4B64481C885B
:10382000062388F8163000230093042300F09EFE40
:103830000028A9D104EB840405EB840301221A7447
:103840000AB0BDE8F087B8F80630D8F8102001209B
:1038500088F816000020009004F10C0154489B00E9
:1038600000F084FE00288FD10AB0BDE8F087D8F8B8
:1038700010304F48002B0CBF0123032388F816306B
:103880000023009304F10801042308F10C0200F066
:103890006DFE00287FF478AF0AB0BDE8F0870723FB
:1038A0003B70002300937B60404B424A19684048BC
:1038B000082300F05BFE0446002C3FF479AED6F8F6
:1038C000008098F8003085E7FFF782FC0446F3E7B4
:1038D0007A683648538884880168033300209BB295
:1038E00001EB840100909B00314800F03FFE04464C
:1038F000E2E72E4A7B685988938803330B44938010
:1039000002233B70FFF756FD0446D5E705AD0023C3
:103910000593C5E902332B6148F20E630693052334
:103920008DF814302DE605AD284A00230593536029
:10393000C5E902332B614FF40643069321E6234B7E
:103940001B78002B00F0C18021498B8813B91A4DD8
:103950002B785BB10023C1E9003305AD0593C5E9C0
:103960000133C5E9033398F80030FAE50020FFF78A
:1039700099FC0028EED00B68B8F806209888904291
:10398000F4D11946002300930F4A0948042300F09C
:10399000EDFD002840F0B18001232B7408E6CDE94D
:1039A00007440594099405ADDBE500BFF85E0020EF
:1039B00050210020B0860300005F0020A88603008D
:1039C000D85E0020A2620020A4860300CC5F002005
:1039D000D05E00207A88594D9300134405EB830391
:1039E000574A5968574800230093082300F0BEFD4A
:1039F000044661E7B87A514D297C18B1EB680BB9E0
:103A000000295CD1002300B1BB7200230593CDE9EE
:103A10000633CDE908333B707B807B60052305AD21
:103A20008DF81430ADE57A88444D474902EB8203A6
:103A300005EB830308685C68586088881881022356
:103A40008B8006233B700C609300C6E70123B87A95
:103A50003A4D3B70D0E7394D3B89287801333B81A3
:103A6000B0FA80F00023FB72400901233B70B8726A
:103A7000C2E7364A002305AD012105931170C5E95F
:103A80000133C5E9033353607BE50699304A8B88DF
:103A9000A8F806300B88A8F808302A4800940423B8
:103AA000BDF8124000F062FD00BB244B04EB84041F
:103AB00003EB840301221A740AB0BDE8F087BB72DD
:103AC0007B80FFF777FC0446F6E6224BC3E900440F
:103AD00048F20164002305AD059340E7CDE90700F6
:103AE0000590099005AD48F209643AE5D6F80080E2
:103AF00048F20D6498F80030C1E4D6F8008048F22E
:103B00000D64E7E705AD114A002305935360C5E94D
:103B100002332B6148F20D63069332E505AD0023B5
:103B20000593C5E902332B6148F20E63069328E53D
:103B3000B8F80610404648F20E6435E6005F0020F3
:103B4000A886030050210020F85E0020CC5F0020F2
:103B5000A4860300D05E00204068FFF757BC00BF7A
:103B60002DE9F043514C247885B0002C5FD000291A
:103B700074D00D884FF6FF74A54252D04C88002CAB
:103B80004FD04C6814F0030462D1002A69D0158824
:103B90005288A94690460D46074603A944481E464A
:103BA000FBF71AFB0023C0F81130C0F81530C0F83D
:103BB0000D30C0F80130C0F80530C0F8093083611D
:103BC000067069680161A0F81490019001213948DC
:103BD00000F09AFC019A29881181032E6988D0602F
:103BE0009180A2F806804FF0000326D05381304820
:103BF000019203A9FBF722FB019A3FB1D1682E483D
:103C000000230289BB72C7E900133A812B480121C6
:103C100000F06EFC38B9FFF7F9FB204605B0BDE8AF
:103C2000F08348F20364204605B0BDE8F08348F213
:103C30000164204605B0BDE8F08338685381042351
:103C4000906193751A4803A9FBF7F8FA019AD5E732
:103C500048F20264204605B0BDE8F08348F20464EF
:103C6000E1E78A6802F1030E90461FFA8EFE40F2E9
:103C7000FE32964516D8124D2A782AB148F20664CB
:103C8000204605B0BDE8F083B5F80AC02A89624431
:103C9000724492B2B2F5806FF0D8E644A5F80AE01B
:103CA000A14678E748F20864BDE700BFCC5F00207A
:103CB000145F0020B05F0020EC5E0020C85F002091
:103CC000005F002008B50A4B1A68042A0CD0D3F80C
:103CD00000E0DFF820C00246012118464CF82E20F3
:103CE00000F012FC002008BD48F20B6008BD00BFC8
:103CF000C45F0020B45F00202DE9F0439A4D89B0E5
:103D00002A780023CDE90333CDE905330793002A50
:103D100078D1281D02F0FF0700F00EFC20B100242E
:103D2000204609B0BDE8F083D7F8F83F5C1C75D099
:103D30004FF08052116952698C4A8D491361A3F585
:103D40000053D3608948002200F002FC044600289A
:103D5000E6D11C23874988488C22FBF703FA4FF0F1
:103D600002092346A046814AD0682258201800F054
:103D7000EE8082498A425DD1426881498A427BD085
:103D800001318A4258D1002F40F0B3807D4E7E49E8
:103D9000019300223060FFF747FAB288019B022AA4
:103DA00014BF0822042248EA0208002C61D0B9F1AD
:103DB000010F40F28C805FFA88F4062C00F08A80B4
:103DC00003D814F0FD0F00F082806B4802A9FBF7C6
:103DD00003FA053C00230122C0F81530C0F8013079
:103DE000C0F80530C0F80930C0F80D30C0F8113007
:103DF00083610270062C5CD8DFE804F0905B905B76
:103E00008D598D00614C04F1100554F8043B03A852
:103E100003B19847AC42F8D1002481E74FF010235A
:103E20004FF080525B6911695269581C08BF02FB50
:103E300001F381E701320AD1021D00F5805C01E047
:103E400062456ED01168013102F10402F8D009F127
:103E5000FF321FFA82F94E4A03EB830102EB810C19
:103E60000133CCF80400032002F821009BB2002C9F
:103E70009DD14FF4805476E7DFF814C1019303EB32
:103E8000830E0CEB8E024FEA8E01506001F110029E
:103E900008314FF00003624461440CF82E30FFF704
:103EA000C3F9019B013348F002089BB27DE702236E
:103EB000037102A93048FBF7C1F93648012100F02F
:103EC00017FB00287FF42BAFFFF7A0FA27E748F293
:103ED0000A6425E72D4C012200232A706B6004F14F
:103EE000100554F8043B03A803B19847AC42F8D13D
:103EF00015E7DFF89CC0234E03EB830E0CEB8E021C
:103F000002210CF82E10118123494B803168516039
:103F100001339BB23BE703230371CAE7012303711B
:103F2000C7E7184A16461268CAB1DFF864C01A49D2
:103F300003EB830E0CEB8E024B80022101330CF855
:103F40002E1050609BB2118148F001082DE7511CE2
:103F50003FF472AF09498A423FF46EAF77E702221D
:103F60003060B2800127EFE7CC5F002050210020B5
:103F7000B8860300245F0020145F0020DEC0ADDEA1
:103F8000FE011EF1F85E0020FC5E0020B45F002000
:103F9000005F0020C85F0020EC5E002008B301B382
:103FA00070B582B00E460DF106010446FFF7BCF96C
:103FB00018B948F2096002B070BDBDF806300A4871
:103FC000656803EB8303012100EB830000F09CFA9A
:103FD00063683560012200200C337360A27202B066
:103FE00070BD48F2046070470C5F002010B310B53C
:103FF00082B00DF106010446FFF796F9B0B1BDF8A5
:1040000006300E4A03EB830302EB8303DA684AB1FE
:10401000A27A3AB1DA680021013A0846DA60A17260
:1040200002B010BD48F2056002B010BD48F2096050
:1040300002B010BD48F20460704700BF005F00206E
:1040400002230022FFF78CBD18B103230022FFF7E3
:1040500087BD48F2046070471C4B1B787BB34FF65A
:10406000FF7398422ED010B582B0044601A91848BB
:10407000FBF7B2F800220346C0F81520C0F8012073
:10408000C0F80520C0F80920C0F80D20C0F81120A4
:10409000826105210122017001A90D481A71DC809D
:1040A000FBF7CCF80B48012100F022FA10B10020F8
:1040B00002B010BDFFF7AAF9002002B010BD48F20F
:1040C0000160704748F20360704700BFCC5F00207A
:1040D000145F0020C85F0020194B1B7863B300B544
:1040E00083B001A91748FBF777F8034600220621A1
:1040F000C0F81520C3F80120C3F80520C3F8092033
:10410000C3F80D20C3F811209A6119700D4801A958
:10411000FBF794F80C4B1A780AB10122DA720B48BB
:10412000012100F0E5F910B1002003B000BDFFF758
:104130006DF9002003B000BD48F20160704700BF78
:10414000CC5F0020145F0020EC5E0020C85F0020E0
:1041500070B5174C24781CB32AB323B30E46998844
:1041600039B91946134B1B781446054623B1012370
:104170008B8048F2096070BD0020FFF793F8A8B16A
:104180000B68B3F804C0AC45F6D11A88B242F3D13B
:10419000094A996812892281C4E90013002070BD80
:1041A00048F2016070BD48F2046070BD0860DEE74F
:1041B000CC5F0020005F0020EC5E002038B5154B7E
:1041C0001C78F4B10D46F9B1F2B1918831B9124BB6
:1041D0001B781146044623B101238B8048F2096005
:1041E00038BD0020FFF75EF888B10B681A88A2423C
:1041F000F7D10A4A996812892A81C5E9001300207B
:1042000038BD48F2016038BD48F2046038BD08602E
:10421000E2E700BFCC5F0020005F0020EC5E0020E2
:1042200038B5154B1C78F4B10D46F9B1F2B191884F
:1042300031B9124B1B781146044623B101238B8000
:1042400048F2096038BD0020FFF72CF888B10B68F0
:104250009A88A242F7D10A4A996812892A81C5E947
:104260000013002038BD48F2016038BD48F20460F8
:1042700038BD0860E2E700BFCC5F0020005F00208F
:10428000EC5E002020B119B103680B60002070477C
:1042900048F20460704700BF3F4B1B78002B57D09B
:1042A000002869D000223D4910B5C0F80220C0F8AE
:1042B0000620C0F80A20B1F80AE00B89C0F80E20E9
:1042C0004A684FF0020C7344A0F800C09BB2002A69
:1042D00039D0DFF8CCC01468644534D15468DFF8B5
:1042E000C4C0A444BCF1010F2DD8B3F5806FC968D8
:1042F000438118BFC3F580634180A0F808E002F154
:10430000080118BF838102F580520B6801334FF614
:10431000FF7C16D04B88033301EB83039A422ED3E4
:104320008B88634517D00B88ABB18B68013312D0F3
:104330008388013383804B88033301EB83018A42F6
:10434000E3D8002010BD4FF0010CA0F800C0CCE76E
:1043500048F201607047B0F806C0C3890CF1010C47
:10436000A0F806C0B1F802C003336344C3814B8890
:10437000033301EB8301E2E748F204607047B0F8D1
:1043800006C0C389521A03EBA2030CF101010122FA
:10439000C180C3810274D4E7CC5F0020005F00209D
:1043A000DEC0ADDE02FEE10E4B0901F01F024FF050
:1043B000010C0CFA02F100EB830000F081B800BFA1
:1043C0004B0910B5012201F01F0402FA04F100EBC1
:1043D000830000F069F8E04000F0010010BD00BF6C
:1043E00001F01F02012303FA02F24B0900EB8300E4
:1043F000D14300F071B800BF4B0901F01F0150F824
:104400002300C84000F00100704700BF2DE9F04FC5
:1044100001F1FF3B83B04FEA5B130E460546019363
:104420004FF0000A012755F82A4005EB8A09E443BA
:1044300094FAA4F4B4FA84F404EB4A14A6424FEAC2
:104440004A180AD81AE0D9F80040E44394FAA4F4D0
:10445000B4FA84F44444A64210D904F01F0B600956
:1044600007FA0BF105EB800000F01EF820FA0BF0C4
:10447000C307E8D4204603B0BDE8F08F019B534545
:1044800002D00AF1010ACEE73446204603B0BDE867
:10449000F08F00BF034653E8000F0A4643E8002CA4
:1044A0009CF0000FF7D17047034653E8000F40EA35
:1044B000010243E8002C9CF0000FF6D1704700BFCA
:1044C000034653E8002F42EA010043E8000C9CF049
:1044D000000FF6D1704700BF034653E8002F02EAF1
:1044E000010043E8000C9CF0000FF6D1704700BFBC
:1044F000034653E8000F00EB010243E8002C9CF058
:10450000000FF6D1704700BF034653E8002F02EBBF
:10451000010043E8000C9CF0000FF6D1704700BF8B
:10452000034653E8002FA2EB010043E8000C9CF087
:10453000000FF6D1704700BF0346012253E8000F79
:1045400040EA020143E8001C9CF0000FF6D17047DE
:1045500048B141B100B5D1F800E0016073461146A1
:104560005DF804EB18470E20704700BF38B332B334
:104570002DE9F041066826B3F3B145686D68B3FBD9
:10458000F5F705FB1737BFB942EA010E1EF0030F1E
:104590000FD1C768B9420CD3D0F810C001F1FF3E6B
:1045A00003EB0E04644504D8F468A446BDE8F0416A
:1045B00060471020BDE8F0810920BDE8F0810E20A1
:1045C00070470820F6E700BFE8B1F0B50468E4B131
:1045D000BAB146683668771E0F428E460FD1C7685B
:1045E000B9420CD3D0F810C001F1FF3E06FB02EE39
:1045F000E64504D82469A446BDE8F0406047102091
:10460000F0BD0920F0BD0E2070470820F0BD00BFAE
:1046100029DF704728DF704703689A6852B310B5E6
:1046200086B00023CDE902330093049303798468B4
:10463000059401918BB1012B03D06846904706B0D9
:1046400010BDC368416904911B0302208DF800006E
:1046500002936846904706B010BDD0E90313406945
:10466000049001208DF80000CDE9023168469047A2
:1046700006B010BD704700BF084670470020704765
:10468000024B187A003818BF01207047DC5F002009
:10469000034B187A0122B0FA80F05A74400970472F
:1046A000DC5F002008B510461A4602F009F8002029
:1046B00008BD00BF10B5064B06480024C3E90044FE
:1046C000C3E902441C61FAF765FD204610BD00BF36
:1046D000DC5F0020F05F00200A4B10B543600A4801
:1046E000FFF72AFF08B1002010BDFEF7B7F8064C0F
:1046F0000649024622741C238C220548FAF732FD33
:10470000002010BDD8860300DC5F00200060002080
:10471000F05F002038B5254C237AEBB1244D286892
:104720000223237203790BB3012B0BD00321FFF774
:1047300073FF0023237263601E491F48BDE83840A1
:10474000FAF7BEBDD0E903201044FFF763FF08B3BA
:10475000112827D02868E9E716491748144DFAF7B9
:104760007DFD28600028DBD1606038BDD0E90523DD
:10477000D21AB2F5805F28BF4FF48052D0E90310FF
:104780009208012A38BF012219441844FFF740FF5C
:104790000028DDD1237C002BE7D1BDE83840022082
:1047A00000F00CB80123237238BD00BFDC5F00208D
:1047B000D85F0020D45F0020F05F0020284B1A7AD9
:1047C0009AB1022A03D05B7C83B9FFF7A3BF032809
:1047D00010B50DD1DA680132082A2BD8DA605B7C7B
:1047E00023BBBDE81040FFF795BF7047FEF726B822
:1047F0001C4A00211268D960117911B30129EED148
:10480000116954690131A1421161E8D100210228E6
:10481000197218BF0D211046FFF7FEFE124913480A
:10482000FAF74EFD0E4B5B7C002BDAD0BDE8104052
:10483000FEF704B80B4A0021D960197212680D21E5
:10484000E9E7D2E905C1ACEB010EBEF5805F94BF8C
:10485000714401F580518C459161C0D1D6E700BF0C
:10486000DC5F0020D85F0020D45F0020F05F0020D4
:10487000831E012B01D8FFF7A1BF704700F0FD0395
:10488000012B00D07047A0F10100044BB0FA80F07A
:10489000002240095A741874FFF73CBFDC5F002007
:1048A00070B584B006460D461748019303A9144617
:1048B000FAF792FC20B302460660019B0020C2F882
:1048C00005004FEA153E93600123C2F80D00C2F8BF
:1048D0001100906103A90C481371C2F80CE05461F7
:1048E000FAF7ACFC0948FFF727FE10B1002004B02E
:1048F00070BD074B5B7C002BF8D1FFF70BFFF5E792
:10490000042004B070BD00BFF05F0020E05F002015
:10491000DC5F002070B584B006460D461348019355
:1049200003A91446FAF758FCE0B10246089B8360DD
:10493000019B06600561536100230C48D46003A904
:1049400053609361FAF77AFC0948FFF7F5FD10B15F
:10495000002004B070BD074B5B7C002BF8D1FFF743
:10496000D9FEF5E7042004B070BD00BFF05F002061
:10497000E05F0020DC5F002013DF70470023D3F8E6
:10498000F80F421C01D0FFF7F7BF4FF01023586912
:10499000431CF8D1042070470148FFF7EDBF00BF6A
:1049A00000C00100A0DF7047A1DF7047ADDF704796
:1049B000B3DF7047B4DF704710B50B4BDFF830C082
:1049C0001B6882B001AA6946CDE900C30446FFF71F
:1049D000E9FF08B102B010BD044B0122197820464E
:1049E000FBF784FA02B010BDEC860300C56200201C
:1049F000A62A010010B54FF6FF718AB00023884245
:104A0000CDE90033CDE902330493ADF802001BD0A9
:104A1000044600F045FC1128034631D016D868B38F
:104A20000B2817D10F23BDF802008DF8003000F0DD
:104A300035FDADF804006846FCF7AEFB0022114BD3
:104A400020461978FBF752FA0AB010BD43F2020271
:104A50009042F3D0002207212046CDE90522CDE97E
:104A600008228DF81410ADF81640079300F016FDDB
:104A7000ADF8180005A8FCF78FFBDFE70E23D2E79F
:104A80000122DCE7C9620020FFF7B4BFF0B54F4E4A
:104A90008BB031780546FBF70BFA08B10BB0F0BDCF
:104AA0000446284600F060FC112800F2838011289B
:104AB0000AD8DFE800F069090909090962092A0929
:104AC000090909090909091C0023CDE90533CDE9C4
:104AD00008330790072328468DF81430ADF8165098
:104AE00000F0DCFCADF8180005A8FCF755FB01222E
:104AF000374B28461978FBF7F9F9317822462846D2
:104B00000BB0BDE8F040FBF7F1B90DF10E00FFF777
:104B10004FFFBDF80E30012B2FD90027012304A928
:104B20000AE0A2EB0C07B7FA87F77F09BDF80E2061
:104B300001339BB29A4220D90220CDE9050100221F
:104B400018460193FFF736FF42F6052CA8B9BDF8C9
:104B50001020019B04A9002FE3D042F602108242EC
:104B6000E4D103AA0692194605AA2846FFF71EFFBC
:104B700018B9BDF80C30002BB9D1284600F08EFCD6
:104B800000F00EFC0022B3E7002310222846CDE9F6
:104B90000533CDE907338DF814200993ADF816508D
:104BA00000F07CFC0124ADF8180005A8FCF7F4FA2D
:104BB00022469DE743F20203984298D043F2014314
:104BC000984281D12846FFF715FF90E7C762002081
:104BD000C862002010B5012188B004463448FFF7B0
:104BE00059FCBFF35F8F08B108B010BD019020469B
:104BF00000F008FB8628019A03461BD010D8002835
:104C00004CD0112830D12B4B012219782046FBF7CC
:104C10006DF9BFF35F8F264B00221A6008B010BDFC
:104C200043F2020188421FD1224B20461978FBF73C
:104C30005DF9EEE706232046CDE90322CDE9052202
:104C40008DF80C3007920192ADF80E4000F026FC72
:104C5000ADF8100003A8FCF79FFA164B019A1978DB
:104C60002046FBF743F9D4E7002207212046CDE98F
:104C70000322CDE906228DF80C100593ADF80E4005
:104C800000F00CFCADF8100003A8FCF785FA094B06
:104C9000002219782046FBF729F9BAE70549097877
:104CA0000246204608B0BDE81040FBF71FB900BF20
:104CB0008C600020CA620020037803B1704710B5F1
:104CC000044684B04088FFF795FE63880193184638
:104CD00000F036FBA8B9638818461C4600F0DEFBDE
:104CE0000023092102AAFBF7A3FC052818D0104BCA
:104CF000104918780022FBF73FF9024640B104B092
:104D000010BD0D49019809780122FBF7EFF8E2E7A1
:104D10000A4B0B49187804B0BDE81040FBF72CB9DA
:104D2000064B012219782046FBF7E0F8DFE700BFC9
:104D3000CA620020D54B0300C8620020C662002072
:104D4000B949030070B50278082A84B00AD0334C00
:104D5000334920780022FBF70FF9024600282ED0B5
:104D600004B070BD427A03461546002AEFD1047A9A
:104D7000072C35D0082C2AD0012CE8D1808801934B
:104D800002AA2146FBF7CEFE019B05460028DED194
:104D9000039A1278002ADAD0988800F0FFFB4FF6C9
:104DA000FF739842D3D01F4B22461978FBF79EF829
:104DB0001C4B1D4918782A46FBF7DEF8C7E71B4B4A
:104DC0001B49187804B0BDE87040FBF7D5B8194B03
:104DD0001A68012ABBD1BFF35F8F104C1D60B7E783
:104DE00080880E4C00F0DAFB4FF6FF7398420646BF
:104DF000AED021780122FBF779F8304600F04EFB67
:104E00002B4602AA0921FBF713FC0528A0D1074B6A
:104E1000012219783046FBF769F899E7CA62002049
:104E2000D54B0300C86200208D4A0300C6620020F3
:104E3000B94903008C600020F8B5FBF72FF81C4C33
:104E40001C4D2070FBF72AF82870FBF727F81A4E44
:104E50001A4F3070FBF722F83870FBF71FF8184B29
:104E60001870FBF71BF8174A1070FBF717F821783A
:104E7000154C1829207018D02978182915D03178A8
:104E8000182912D0397818290FD00D4B1B78182B00
:104E90000BD00C4A1378182B07D0182805D00B4BD1
:104EA00000201860BFF35F8FF8BD0320F8BD00BF7E
:104EB000CA620020C9620020C8620020C7620020C8
:104EC000C6620020C5620020C46200208C60002001
:104ED00010B5DFF840C00C4B84B000220C469CF8A3
:104EE00000100392CDE90103FBF700F801984CB1E3
:104EF000064B039300F0D2FA002202A9FBF718FC3C
:104F000004B010BD024BF4E701000900E88603007D
:104F1000E4860300C662002030B503888588353BEF
:104F200089B004461F2B2BD8DFE803F061102A2A32
:104F30002A2A2A2A2A2A2A2A2A2A2A2A2A2A2A2AD1
:104F40002A2A2A2A2A2A2A862AA52A39564B284674
:104F50001978FAF7ADFF544B90B119780022284622
:104F6000FAF7C4FFE188002940F08A80E389012B29
:104F700003D1217C003918BF01212846FFF7A8FF83
:104F80004A4C4B4B4B4918780022FAF7F5FF4A4937
:104F90002078002209B0BDE83040FAF7EDBF0022CA
:104FA00011232846CDE90322CDE9052207928DF889
:104FB0000C30ADF80E5000F071FAADF8100000F0B2
:104FC000EFF93E4B394C197828460022FAF78EFF4C
:104FD000217800222846FAF789FFBDF80E0000F07C
:104FE0005DFAADF8100003A8FCF7D6F8C9E7344B1A
:104FF00028461978FAF75CFF314B0028C0D0002210
:1050000019782846FAF772FFE288002A3AD02D4A2A
:105010002D4B1178002422462846CDE90334FAF7B7
:1050200065FF2A4B0493284600F038FA224603A96C
:10503000FBF77EFB1D4CA4E7037B012BA0D1827AFA
:10504000012A9DD1018942F60213994298D1204C40
:1050500028462178FAF74AFF00221E492078FAF7FD
:105060008BFF024600288BD1164B1B4918780F4C3A
:10507000FAF782FF85E72846FFF7BCFC0B4C80E778
:1050800000217AE7A389012BC1D1E1890193284648
:10509000FFF78AFC0028BAD10349019A0978034C2A
:1050A0002846FAF723FF6CE7C4620020C86200209C
:1050B000C9620020894A03008D4A0300C7620020AC
:1050C000C5620020C662002001000900E4860300DA
:1050D000CA620020D54B0300B94903002DE9F04115
:1050E0008CB000F01FF901A8FAF7B8FE019EDFF8B6
:1050F0005080CEB100244FF6FF7703E00134A4B214
:10510000B44211D20DEB44031D89284600F0C6F9C4
:10511000B842F3D1013498F8001001222846A4B215
:10512000FAF7E4FEB442EDD3044998F800000022F7
:105130000CB0BDE8F041FAF71FBF00BF8D4A030075
:10514000C8620020AFDF7047B1DF7047B2DF704741
:10515000B3DF704730B51F4C1F4B20884FF6FF75EB
:1051600089B04FF00112A842CDE9012305D123E017
:10517000FBF74AFBA84220801ED0002201A9FBF7C2
:10518000D7FA03462088002BF2D00022112BCDE95C
:105190000322CDE905220792ADF810000CD0862B32
:1051A0000CD007228DF80C20059300F0F7F9ADF82C
:1051B0000E0003A8FCF704F809B030BD06238DF8F3
:1051C0000C3000F0EBF9ADF80E0003A8FBF7F8FF88
:1051D00009B030BDA6620020F4860300044A12889C
:1051E0004FF6FF739A4200D17047FFF7B3BF00BF7D
:1051F000A6620020024B4FF6FF721A800020704713
:10520000A66200202DE9F04182B0074600F046F981
:105210004FF6FF7398423FD0054601264FF0030832
:105220006B46324608212846FBF780FC04460323E0
:105230003846ACB9019A911D42F8048BFFF786FFFE
:105240000446A0B10C2819D0052C4FF008012846BF
:105250001BD0FBF7DBFCE8B9204602B0BDE8F081CB
:10526000072C08BF0C24204602B0BDE8F0812A4676
:1052700008212846FBF71CFD0446EDE7013608210E
:105280002846B6B2FBF7C2FCCAE7FBF7BFFC0446F0
:105290000028E1D00324DFE743F20204DCE700BF8B
:1052A0002DE9F04182B0074600F0F8F84FF6FF73A1
:1052B00098422CD10026032435464FF0010823469E
:1052C000324629463846FFF73FFF04280AD008280F
:1052D0000AD00B280AD0B8F1000F08BF0B2002B08B
:1052E000BDE8F0811120F6E70020F4E714F0020495
:1052F00004D13DB126463546032400E001244FF099
:105300000008DCE7002EEAD003242E46F7E76A46C1
:105310000821FBF707FC0028CCD1019DAE882C6842
:105320000635CAE708B54FF6FF70FBF76DFA034B79
:105330001880BDE80840FFF70DBF00BFA66200203F
:1053400000B585B00DF10703039300F0A7F8012124
:1053500002AAFBF7E7FB18B9039B187805B000BD5C
:10536000002005B000BD00BF70B50C4E04463046AD
:10537000FFF7EEFE78B9318843F203054FF6FF726E
:105380002046FFF7DFFEA84200D070BD3188013112
:1053900089B23180F2E7032070BD00BFA462002013
:1053A00000B5064B83B04FF0011C00226946CDE9E1
:1053B00000C3FBF7BDF903B000BD00BFF0860300DA
:1053C00046DF70472DE9F041102205460E460130B8
:1053D000013101F010F960BB04462B4605F11001C4
:1053E00013F8012F62BB9942FAD16B7C777C03F0F2
:1053F000FE087B40012B1ED8B8F1040F15D006F132
:10540000120105F11200062201F0F5F8B0FA80F061
:105410004009B8F1060F08D007F0FC0704F00104BA
:10542000042F08BF2046BDE8F08104F00100BDE86C
:10543000F0810024D9E7B8F1040FF6D00020E8E7A6
:10544000334606F1100113F8012F2AB99942CCD046
:1054500013F8012F002AF9D00124C6E770B584B0F3
:1054600006460D46FBF72CF902AA0DF106010720AE
:10547000FBF72EF960B1BDF80640AC423046F3D0E0
:105480000399FFF79FFF0028EED0204604B070BDBF
:105490004FF6FF74204604B070BD00BF132811D82A
:1054A00000B583B00190FAF72BFC38B1019B074A95
:1054B00003EB830332F8130003B000BD4FF6FF7017
:1054C00003B000BD4FF6FF70704700BF9060002032
:1054D00013281DD800B583B0CDE90001FAF710FC00
:1054E00090B1009B0C4A019903EB830302EB430349
:1054F0000020D3F80220B3F806C01B7AA1F804C03C
:105500000A608B7103B000BD43F2020003B000BD1E
:1055100043F20200704700BF9060002008B5B0F869
:1055200000E0BEF1000F09D1421C00F1090C12F895
:10553000013F1BB96245FAD1002008BD0B887345B5
:10554000FAD108220231023001F055F8B0FA80F0A9
:10555000400908BD30B585B00546FBF7B1F80CE051
:10556000039C284604F14601FFF7D8FF88B904F1EF
:105570002A012846FFF7D2FF58B902AA0DF1060109
:105580000720FBF7A5F80028EAD14FF6FF7005B019
:1055900030BDBDF8060005B030BD00BF4FF6FF734B
:1055A00098422DE9F04117D000240E4F06462546BB
:1055B00004E00534642C05F101050DD037F81430F2
:1055C000B342F6D11FFA85F84046FAF799FB002856
:1055D000EFD04046BDE8F0814FF6FF784046BDE889
:1055E000F08100BF90600020132804D8024B00EB2C
:1055F000800023F81010704790600020F8B54FF637
:10560000FF73984224D00024134F0646254604E039
:105610000534642C05F1010514D037F81430B34279
:10562000F6D1A8B2FAF76CFB0028F1D03046FBF7B0
:1056300013FB30B905EB85054FF6FF7327F81530DE
:105640000020F8BD3046FBF707FB0028F8D0F8BD76
:10565000BDE8F840FBF700BB9060002000B58FB0BC
:10566000103002AB0DF1180E10F801CD03F801CB8C
:105670009E45F9D10023069391F801C08EF80C30B5
:10568000CEE9013302A891F800E08B7801928DF801
:1056900025308DF827E08DF826C0FFF791FE019A9E
:1056A0009DF837009DF836109DF835301070517018
:1056B00093700FB000BD00BF0388102B33D12DE9CC
:1056C000F04100F1040CBCE80F0094B00DF1280E7D
:1056D000AEE80F00BCE80F00AEE80F009CE8030046
:1056E0009DF82C308EE803001E46BDF8281003F00C
:1056F000FE03062B1F46884616D1464A01EB810160
:1057000002EB4103BDF830C0A3F806C04FF6FF7CA2
:105710000B9822F811C09DF83220C3F802001A72CB
:1057200014B0BDE8F0817047FAF7CAFF9DF82C303D
:10573000032B4FEA530252D9022A67D105AD2A46FC
:105740000DF106010720FAF7C3FF00285ED0042FF1
:10575000F5D1BDF82D30ADF808300C9B0698ADF8AA
:1057600010301B0C8DF8123003AA9DF82F308DF8E5
:105770000A30013004A9FFF771FFBDF80820BDF819
:105780000C309A42DBD19DF80A209DF80E309A42E7
:10579000D5D108EB88011F4BBDF8062023F8112056
:1057A00003EB4103BDF830100B98D9804FF6FF7121
:1057B000C3F802008A429DF832001872B0D000236C
:1057C0002846ADF818208DF81430ADF81680FBF798
:1057D0000BFD2846FFF770FA14B0BDE8F08105AD67
:1057E0002A460DF106010720FAF772FF062268B17A
:1057F00006994B7C7340012B01F11201F0D80DF199
:105800002D0000F0F8FE0028EAD1C2E7014A08EBBB
:10581000880175E79060002082B010B50C4684B016
:105820008646496820680DF1080CACE80300CDE914
:105830000623039BDA0704460EEB630C03D55A10CC
:105840005EF802301C58DDE90801DDE906238DE829
:1058500003006046A04704B0BDE8104002B07047A6
:105860002DE9F04186B0BDF83850002B46D0DDE977
:105870000C74A046002F44D00F2901D1C02D3DD17A
:1058800006462820CDE90212019300F098FE044656
:105890001030F4F7D1FC0299039A2180628018201D
:1058A00000F08DFE0146019B41F80C3BCDE90478E8
:1058B0000023C360E3604B6004AB0246A06003CBEF
:1058C000114B50609160536100220023C4E908230A
:1058D00033680E4A5B6845F002059342A58008D103
:1058E0002046EFF735FD204606B0BDE8F04100F058
:1058F00064BE2146304698470028F1D106B0BDE885
:10590000F081E407FAD5B7E719580300F1D7010091
:105910002DE9F04383683A4FDA88B3F80890D7F856
:1059200000808DB0002512F4807F80F82850044656
:1059300006A80CBF05260426F4F77EFC1820ADF857
:105940000A60ADF8089000F03AFE2E4A0092024636
:10595000019542F80C4BC56055606A460346CDE997
:10596000040503CA58609960D8F80020264E926852
:105970005E61CDE90A55254D1223AA42ADF80C30DF
:1059800035D102A8EFF7E4FC06A83F68F4F754FC11
:105990001F4B0293182000F012FE1E490091014691
:1059A000002241F80C4B0192C26005924A60CDE999
:1059B0000A226A4603464661049003CA9960586009
:1059C0001223ADF80C303B689B68AB4213D102A8A0
:1059D000EFF7BEFC00200021C4E90801002304F118
:1059E0001000E3600DB0BDE8F043EFF77BBB40462D
:1059F00002A99047C5E7114638469847E7E700BF38
:105A00007859002051C6010019580300F9D7010048
:105A10002300102789C6010090F82820064901605C
:105A200042B100B583B00190FFF772FF019B1846A9
:105A300003B000BD704700BF0087030090F8283016
:105A4000054A10B5044602600BB1FFF761FF20461E
:105A500000F0B3FD204610BD0087030000B590F8AC
:105A6000282083B003461AB10190FFF751FF019B34
:105A70001A798AB11A680C4992688A420FD193F850
:105A800028200A49196022B118460193FFF740FF08
:105A9000019B184600F091FD002003B000BD1846A0
:105AA0009047002003B000BD3D5A0300008703006B
:105AB00038B50022094B03600446828081600121D1
:105AC0001030EFF747FA002204F11000E260E262C2
:105AD00084F82820EFF744FA204638BD00870300F9
:105AE000F0B590F8283089B004460D46002B34D12B
:105AF0008068304A03685B6D934256D1C38802893F
:105B000013F4807F4FF000062B4B04930596DDE9DC
:105B100004018DE80300294B4FF0C007029711469E
:105B200018680CBF052204222346FFF799FE244B78
:105B300006930796DDE906018DE803001F4A0297E8
:105B40001068234642F210722321FFF789FE1D4B95
:105B50001B78D3B1012384F8283085B9284629461B
:105B60000023C4E90801E36004F11000EFF7F8F93D
:105B7000154BE068002808BF184609B0F0BDF0F7E3
:105B8000FDFF281841EBE571EAE70093232242F27A
:105B9000107342F210700021F1F702F8094A012354
:105BA0001370012384F82830D7E703219847A068B1
:105BB000A4E700BFB101020051C6010078590020DE
:105BC00089C60100CB62002011FCFFFF024B186860
:105BD000BFF35B8F704700BF5861002008B52DED03
:105BE000028B08EE100A00F061F8B4EE488AF1EE7C
:105BF00010FA0FD6B5EEC08AF1EE10FA0AD8B5EE5B
:105C0000408AF1EE10FA08D100F0F4FA034622229D
:105C100008481A60BDEC028B08BD00F0EBFABDEC41
:105C2000028B034621221A600348BDE8084000F0B9
:105C300031B800BF000080FF2070030000B52DEDDB
:105C4000028B08EE100A83B000F028F8B4EE488A00
:105C5000F1EE10FA06D6DFED0E7AB4EEE78AF1EE39
:105C600010FA03D403B0BDEC028B00BDCDED017A78
:105C700000F0C0FADDED017AC7EEA77A03462122D3
:105C80001A6017EE900A03B0BDEC028B00BD00BF96
:105C900000000000004870470000C07F07EE900A37
:105CA000F1EEE77A17EE900A704700BF30F000423D
:105CB00033D00028024639DBB0F1FF4F4CDA00B593
:105CC000B0F5000F83B03CDB0021D3157F3B0B44C4
:105CD000D80F03EBD37307EE903AC2F31602F8EE37
:105CE000E77AC0F17F0042EAC050CDED017A00F0C2
:105CF00047F8DFED1D6ADDED017A9FED1C6A07EEC6
:105D0000100A27EE267ADFED1A6AA7EE867AA7EE4A
:105D1000A67A17EE100A03B000BDDFED166ADFEDBC
:105D2000167A86EEA77A17EE100A704707EE900AE9
:105D3000DFED116A77EEE77A87EEA67A17EE100AA2
:105D40007047DFED0E7A07EE100A67EE277A6FF0E4
:105D5000180117EE902AB8E707EE900A37EEA77AF7
:105D600017EE100A704700BFD95BDE3EDB275435C3
:105D700080209A3E000000CC000000000000004C93
:105D800030F000432FD00028034635DBB0F1FF4F41
:105D900048DAB0F5000F3ADB4FF0000C6A48C3F365
:105DA0001601081800F4000282F07E520A43DB1547
:105DB00007EE102A7F3B654A634401F10F0CF7EEB2
:105DC000007A0CEA020237EE677A03EBD05382BB0B
:105DD000B5EE407AF1EE10FA6ED1002B40F09C80C7
:105DE0009FED5B7A05E0DFED5B6ADFED597A86EEC9
:105DF000A77A17EE100A704707EE900ADFED546A93
:105E000077EEE77A87EEA67A17EE100A7047DFED95
:105E1000527A07EE100A67EE277A6FF0180C17EE29
:105E2000903ABBE707EE900A37EEA77A17EE100A12
:105E30007047F0EE007A77EE277A06EE903AC7EEDA
:105E4000273A4648C1F55712081802F52272024354
:105E5000002ADFED432A9FED434A9FED435A9FED11
:105E6000433ADFED434ADFED437A9FED436A63EE49
:105E7000A35AB8EEE62A65EEA56AA6EEA24AE6EEB9
:105E8000834AA4EE265AA4EEA66AE5EE267A67EEC9
:105E9000A57AE6EE267A2ADDF6EE006A67EE266A35
:105EA00066EE876A77EEA67A67EEA37A3BBB76EE5C
:105EB000E76A37EE667A9CE7DFED307AF6EE006A45
:105EC000E7EE676A67EE077A66EEA76A002BF0D006
:105ED00007EE903ADFED2A5A9FED2A6AF8EEE77A4C
:105EE000E7EEE56A36EEC77A97EE867A81E777EED7
:105EF000677A67EEA37AE3B937EE677A79E7DFED81
:105F0000205A9FED206AE2EE257A76EEE76A36EEB9
:105F1000C77A92EE067A6CE707EE903A9FED187A10
:105F2000DFED186AF8EEE77A27EE877AA7EEA67A11
:105F30005FE79FED136ADFED136AE2EE467A37EE14
:105F4000C77A92EE267A54E720FB4A00F0FF7F00E2
:105F500000000000000000CC0000004C305CCFFFCF
:105F60009788173E25333A3E2549923E4FD01C3E36
:105F7000298E633EABAA2A3FCDCCCC3EABAAAA3E2B
:105F8000D1F717378071313F08B5064B044613B17E
:105F90000021AFF30080044B1B6803B198472046F3
:105FA00000F004FB0000000094620020242B2DE987
:105FB000F047884601D8012B06D100F01BF91623C3
:105FC00003600020BDE8F087344E0D46294615F8E1
:105FD000014B375D17F00807F8D12D2C10D12C7824
:105FE00001278D1C33F0100115D1302C0DD12978EB
:105FF00001F0DF01582908D16C78023510230AE03E
:106000002B2C04BF2C788D1CECE7002BF6D1302C08
:1060100014BF0A23082307F1004E0EF1FF3E0021B2
:10602000BEFBF3F90E4603FB19EAA4F1300CBCF1F8
:10603000090F10D86446A3421EDDB1F1FF3F07D01F
:10604000B14516D301D1A24513DB06FB034601215E
:1060500015F8014BE9E7A4F1410CBCF1190F01D887
:10606000373CE8E7A4F1610CBCF1190F04D8573CA8
:10607000E1E74FF0FF31EBE74B1C05D12223036032
:10608000764632B930469DE707B17642002AF9D00C
:1060900009B105F1FF38C2F80080F3E70D8703006E
:1060A00013460A46014602480068FFF77FBF00BF5B
:1060B000CC2000202DE9F043344E86460D4628467C
:1060C00015F8014B375D17F00807F8D12D2C10D1CA
:1060D0002C780127851C33F0100015D1302C0DD100
:1060E000287800F0DF00582808D16C78023510239A
:1060F0000AE02B2C04BF2C78851CECE7002BF6D192
:10610000302C14BF0A2308234FF0FF380026B8FBB9
:10611000F3F803FB08F96FEA09093046A4F1300CE3
:10612000BCF1090F10D86446A3421EDDB6F1FF3F53
:1061300007D0804516D301D1A14513DB00FB0340F6
:10614000012615F8014BE9E7A4F1410CBCF1190F48
:1061500001D8373CE8E7A4F1610CBCF1190F04D871
:10616000573CE1E74FF0FF36EBE7731C06D12223E3
:10617000CEF80030304632B9BDE8F08307B1404276
:10618000002AF9D006B1691E1160F5E70D870300FA
:1061900013460A46014602480068FFF78BBF00BF5E
:1061A000CC20002010B5054C13462CB10A46014600
:1061B0000220AFF3008010BD2046FCE70000000085
:1061C000024B0146186800F047BA00BFCC200020FF
:1061D00038B5074C0023054608461146236000F0F9
:1061E000E1F9431C02D1236803B12B6038BD00BF25
:1061F00098620020014B1868704700BFCC20002037
:1062000070B50D4B0D4C00261D1BB6EBA50F09D12B
:1062100000F06CFA0A4C0B4B00261D1BB6EBA50FC9
:1062200005D170BD54F8043B98470136EDE754F8AA
:10623000043B98470136F1E72C2100202C21002057
:106240002C2100204C21002053B94AB9002908BF55
:1062500000281CBF4FF0FF314FF0FF3000F09CB919
:10626000ADF1080C6DE904CE00F006F8DDF804E0AD
:10627000DDE9022304B070472DE9F04782B00646FD
:10628000DDF828E00846B4460D46002B4ED18A4280
:1062900014466DD9B2FA82F242B1C2F120039540A0
:1062A00026FA03F394401D4306FA02FC260CA7B21B
:1062B000B5FBF6F14FEA1C4306FB115543EA0543D3
:1062C00001FB07F0984209D9E31801F1FF3580F08E
:1062D0000381984240F20081023923441B1A1FFABD
:1062E0008CFCB3FBF6F006FB10334CEA034C00FBCE
:1062F00007F363450AD914EB0C0C00F1FF3580F06D
:10630000ED80634540F2EA80A444023840EA01404F
:10631000ACEB030C0021BEF1000F04D02CFA02F309
:106320000022CEE9003202B0BDE8F0878B4209D9E5
:10633000BEF1000F01D0CEE900610021084602B095
:10634000BDE8F087B3FA83F1174600294DD18342A7
:1063500002D3B24200F20F81B6EB070C60EB0303ED
:1063600001201D46BEF1000FDDD0CEE900C5DAE701
:10637000002A00F098801A46B4FA84F3002B40F00B
:10638000AF800B1B270CA6B20121B3FBF7F54FEA38
:106390001C4007FB153340EA034306FB05F898450C
:1063A00007D9E31805F1FF3002D2984500F2E880E2
:1063B0000546A3EB08031FFA8CFCB3FBF7F007FBC1
:1063C00010334CEA034C06FB00F3634508D914EB89
:1063D0000C0C00F1FF3602D2634500F2CE8030464D
:1063E000ACEB030C40EA054095E7C1F120058B407A
:1063F00022FA05FC4CEA030C00FA01F426FA05F334
:10640000E84002FA01F943EA04084FEA1C4206FA9E
:1064100001FAB0FBF2F71FFA8CF602FB17004FEA05
:10642000184444EA004407FB06F0A0420AD91CEBDA
:10643000040407F1FF3380F09C80A04240F2998071
:10644000023F6444241A1FFA88F3B4FBF2F002FB03
:10645000104443EA044300FB06F69E4209D91CEBB4
:10646000030300F1FF3480F082809E427FD902381E
:10647000634440EA0740A0FB09749B1BA3423E46CD
:10648000A04664D361D0BEF1000F0AD0BAEB060279
:1064900063EB080303FA05F5CA401543CB40CEE988
:1064A000005300213FE7730843EAC1734A08190CFF
:1064B00041EA02414FEAC67C9BB2B2FBF4F02646A9
:1064C000A04627461F2243EA0143B1FBF4F1A3EBA8
:1064D000080341EA004158E72946FFE6284615E748
:1064E0001A46C3F120019C4026FA01F320FA01F17B
:1064F00090400343270C06FA02FCB1FBF7F0A6B26A
:1065000007FB1015190C41EA054100FB06F58D4209
:106510003BD9611801D28D4220D8491B0138B1FB0B
:10652000F7F5019505FB06F8019D9BB207FB1511D8
:1065300043EA0143434526D2E31805F1FF31C6D2B1
:106540004345C4D2A91E2344C1E7BA459BD2B7EB49
:10655000090664EB0C040138A04694E7651B294446
:106560000238B1FBF7F5019505FB06F8DCE720469C
:106570007FE71F4666E70846F4E6A44402382FE7A3
:10658000023D234415E70199A1E7491BB1FBF7F54B
:10659000019505FB06F8C7E7704700BF4FF0FF30D5
:1065A000704700BF4FF0FF30704700BFFEE700BFED
:1065B0000B4601461846FFF7F5BDEEF773BE0128FE
:1065C00038BF012010B504462046EEF725FE00B185
:1065D00010BDFFF7FBFA08B900F002F88047F3E7B7
:1065E00008B50620FFF7ECFD0120FFF7DFFF0A22C8
:1065F0000021FFF755BD10B501390244904201D189
:10660000002005E0037811F8014FA34201D0181BC8
:1066100010BD0130F2E7884210B501EB020402D947
:106620008442234607D8431EA14207D011F8012B0C
:1066300003F8012FF8E70244824200D110BD13F89D
:10664000011D02F8011DF7E702440346934200D101
:10665000704703F8011BF9E71F2938B505460C46BA
:1066600004D9162303604FF0FF3038BDC26B12B15E
:1066700052F821304BB9284600F016F82246014660
:106680002846BDE83840FFF7A3BD012B0AD0591CAE
:1066900003D1162303600120E7E7002142F824100C
:1066A000204698470020E0E7FFF778BF10F8012B5D
:1066B00011F8013B012A28BF9A42F7D0D01A70473F
:1066C0000A44914200F1FF3300D1704710B511F830
:1066D000014B03F8014F9142F9D110BD034613F865
:1066E000012B002AFBD1181A01387047F8B500BFFA
:1066F000F8BC08BC9E467047F8B500BFF8BC08BCA3
:106700009E467047000000000000000000000000EE
:106710000338FDD87047000000300040030000003F
:106720000F00000000400040040000000F000000C7
:1067300000300240230000000C0000000020004058
:10674000020000001000000000F002402F000000D6
:10675000040000000080024028000000100000003B
:106760004400000043000000520A00000A0000003C
:10677000410A00004B0A00005000000048000000E1
:10678000554249545F4C4F475F46535F565F303028
:10679000320A0000676967676C650000303130328B
:1067A00033303938383031393030383434303034AF
:1067B00034303038383831303233303031363031AF
:1067C00030303333303032343030303030303030BD
:1067D00030303030303030303030303030303030B9
:1067E000303030302C313130323332353730303890
:1067F0003734313134343030343430303838383064
:106800003335323030353930313030333330303069
:106810003130303030303030303030303030303077
:10682000303031303030303030303030302C333167
:10683000303233323732393032313130353434302E
:106840003238383930383838303039313030363302
:106850003030303030303030323430373030303229
:106860003030303030303030303030303330303025
:106870003030303030302C333130323332373239FF
:1068800030313032303534343032383839303838CD
:1068900038303039313030363330303030303030DD
:1068A00030323430373030303230303030303030D9
:1068B0003030303030333030303030303030302CD9
:1068C000333130323332373239303131343035349C
:1068D0003430323838393038383830303931303077
:1068E0003633303030303030303032343037303092
:1068F0003032303030303030303030303030333093
:10690000303030303030303000000000686170705E
:106910007900000030313032333139393230363697
:106920003931313434303034343030383838303232
:10693000363230303238303030303138303030323A
:106940003035303030303030303030303030303042
:106950003031303030303030303030302C30303238
:1069600033323231323930323935303834343032F2
:1069700034303430383838303030303030303430F3
:1069800030303232343030313130303030303030FD
:1069900030303030303030303030303735303030EB
:1069A00030303030302C30303030303231323930DD
:1069B0003239353039343430323430343038383894
:1069C00030313435303030343030303232343030B1
:1069D00031313030303030303030303030303030B5
:1069E00030303030373530303030303030300000FB
:1069F00068656C6C6F0000003331303233303637ED
:106A0000333031393730323434303131383730384F
:106A10003838313032333031323830303030303055
:106A20003030323430303030303030303030303060
:106A30003030303030303030303030303030303056
:106A40002C33303030303130363430303136303233
:106A50003434303039383130383838303030303004
:106A60003132383030303030313030303430303016
:106A70003030303030303030303030303030303016
:106A80003030303030303030302C33313032333100
:106A900030363430323933303234343030393831C2
:106AA00030383838313032333031323830303030BD
:106AB00030313030303430303030303030303030D1
:106AC00030303030303030303030303030303030C6
:106AD000303000006D7973746572696F75730000F2
:106AE0003430303030323339303033333130303489
:106AF000343032343034303838383034373730305E
:106B00003034303030323234303031313034303073
:106B1000303030303030303030303030303038306D
:106B200030303030303030302C3430353531323850
:106B3000343533383530303034343030343430302C
:106B4000383838303030303031323830333031301E
:106B50003530303136303030303030303030303029
:106B60003030303030303835303030353030303112
:106B70003500000073616400333130323332323219
:106B800036303730383031343430313632343038D2
:106B900038383130323330313238303030303031D3
:106BA00030303234303030303030303030303030DF
:106BB00030303030303030303030303030303030D5
:106BC0002C333130323331363233303933363032A0
:106BD0003434303039333930383838303030303080
:106BE0003132383030303030313030323430303093
:106BF0003030303030303030303030303030303095
:106C0000303030303030303030000000736C696428
:106C100065000000313035323032333235303232B7
:106C20003330323434303234303430383838313034
:106C3000323330313238303130323030303031313F
:106C40003034303030303030303030303030303040
:106C50003031303030303030303030302C30313036
:106C60003233323532303039313030323434303002
:106C700034343030383838313032333031323830E3
:106C800031303232343030313130343030303030F5
:106C900030303030303030303030313030303030F3
:106CA0003030303030000000736F6172696E670001
:106CB00032313032333430303935333039303534A5
:106CC0003430353939393038383831303233303082
:106CD00032323032303030343030303230323530A1
:106CE00030303030303030303030303030323030A2
:106CF00030303030303030302C3430323233333783
:106D00003237323733303134343430303434303059
:106D10003838383030303030303331303130323450
:106D2000343030303330303030303030303030305C
:106D30003030303030303030303030303030303053
:106D400030000000737072696E67000033303635B2
:106D50003930303337313136333132343430303505
:106D600038373038383830383037303033343030E6
:106D7000303030303030323430303030303030300D
:106D800030303030303030303035303030303030FE
:106D9000303030302C3031303233303033373131E5
:106DA00036333133343430303538373038383831A1
:106DB00030323330303331303030303030303032C8
:106DC00034303030303030303030303030303030BF
:106DD000303035303030303030303030300000003E
:106DE0007477696E6B6C650030313031383030301B
:106DF0003736373232303934343030373536303850
:106E00003838303835353031323830303030303055
:106E1000303032343030303030303030303030306C
:106E20003030303030303030303030303030303062
:106E3000000000007961776E0000000032303030D1
:106E4000303232383131333332303234343031351C
:106E50003030303838383130323330313238303108
:106E6000303234313030323430343030303330300E
:106E70003030303030303030303130303030303011
:106E8000303030302C3030353331323532303039EB
:106E900031303032343430303434303038383830C7
:106EA00036333630313238303130323234303031BE
:106EB00031303330303030303030303030303030CE
:106EC000303031303030303030303030302C3030C5
:106ED0003832323037383430313930303834343079
:106EE000303434303038383830363831303031366C
:106EF0003030303035353030323430303030303082
:106F0000303030303030303030303030353030307C
:106F10003030303030302C3030343739303738344E
:106F2000303139303038343430303434303038382F
:106F3000383032393830303136303030303030302F
:106F4000303234303030303030303030303030303B
:106F50003030303030353030303030303030302C30
:106F600030303332313037383430313930303834F2
:106F700034303034343030383838303130383030E4
:106F800031363030303033333030303830303030EC
:106F900030303030303030303030303030303530EC
:106FA000303030303030303000000000205B0000E6
:106FB0005D00000020563200756E6B6E6F776E00BC
:106FC000424243206D6963726F3A62697400000047
:106FD000636F6D7061737343616C0000302C3235E8
:106FE000352C302C3235352C300A302C3235352CBE
:106FF000302C3235352C300A302C302C302C302CC3
:10700000300A3235352C302C302C302C3235350AC4
:10701000302C3235352C3235352C3235352C300A82
:107020000000000054494C5420544F2046494C4C19
:107030002053435245454E20000000000000000050
:1070400000000000F1BA020069BA02008D5B020084
:107050008D5B0200955B0200955B02007D5B020088
:10706000655C0200A9BD0200315C020071BE020035
:1070700051BF0200E95D0200F1C7010005C801002F
:10708000C1BB0200000000000000000001D10100AF
:1070900005D2010009D1010059D201007D40020052
:1070A00041D30100C5D30100000000000000000032
:1070B00001D10100A5D5010009D10100A9F4010009
:1070C0007D400200B1D50100D5D50100A15A0200D2
:1070D000A55A020085F70100B95A020031F40100F7
:1070E0009DF10100C15A0200C4FFFFFF0000000033
:1070F00001D101009171020009D10100A9D501005F
:107100007D40020029D60100FDD5010000000000ED
:107110000000000001D10100A5D5010035DD01000E
:10712000A9D501007D4002000DD8010029D8010039
:107130003871030008000000010000000200000098
:107140000200000002000000030000000200000036
:10715000040000000100000005000000080000001D
:107160000600000001000000070000000100000010
:107170000800000001000000000000000000000006
:1071800001D10100A5D5010009D10100A9D5010057
:107190007D40020051E1010085E1010091E4010020
:1071A000D1E4010009E901004DE1010029E90100F4
:1071B0003DE9010059E90100F8FFFFFF0000000070
:1071C00081E1010085E9010049E90100BDE9010013
:1071D000C9E40100A9E5010099E90100E471030097
:1071E00008000000010000000C0000000200000088
:1071F0000500000003000000020000000400000081
:107200000100000005000000010000000600000071
:10721000020000000700000003000000080000005A
:10722000010000000000000000000000EDE9010086
:107230003DEA010055EA01000000000000000000E6
:1072400035EB0100F9E9010005EA01005D8D02005E
:1072500011EA010019EA010035EA0100718D02000E
:10726000758D0200000000000000000085EF0100A5
:10727000D9F0010089EF01008DEF010099EF0100C5
:10728000B1EF010055F00100000000000000000017
:1072900001D10100A5D5010009D10100A9F4010027
:1072A0007D40020019F1010035F10100A15A0200F0
:1072B000A55A020085F70100B95A020031F4010015
:1072C0009DF10100C15A0200000000000000000012
:1072D0008197020065970200699702005D8D0200A8
:1072E00075970200799702006D8D0200718D020082
:1072F000758D0200000000000000000055FE010036
:10730000F5F70100F9F701005D8D020005F80100B5
:10731000658D020009F80100718D0200758D020073
:1073200019F8010061F80100F8FFFFFF00000000FC
:1073300001D10100A5D5010009D10100A9D50100A5
:107340007D40020005F90100B1F8010000000000D5
:107350000000000009F1010045E1010059F10100C0
:10736000F5000200FD000200050102000D0102000F
:107370001D0102002D010200390102004901020035
:107380005101020059010200610102007101020075
:10739000790102008101020011F10100990102004E
:1073A000A1010200A9010200B1010200B502020020
:1073B000B9010200BD010200C1010200DD010200AD
:1073C000000000000000000009F1010045E101009B
:1073D00059F10100E5050200FD000200C5010200AF
:1073E0000D0102001D0102002D0102003901020001
:1073F0004901020051010200590102006106020028
:107400000D060200C90102003D03020011F1010056
:1074100099010200A1010200A9010200B1010200CC
:10742000B5020200B9010200BD01020045020200DE
:1074300079030200ED010200D5060200CD01020031
:10744000D1010200E8FFFFFF0000000001D10100B0
:10745000A5D50100F5030200A9D501007D40020079
:107460007D020200B5030200E0FFFFFF0000000004
:1074700035070200598D02006D0302005D8D020088
:1074800069030200658D02006D8D0200718D02009E
:10749000758D0200000000000000000001D1010015
:1074A000A5D50100AD070200950802007D4002004D
:1074B0007D070200390A0200D8ECF0F4F8FC000461
:1074C000000000000000000051110200113902000C
:1074D00091130200191102001D1102002939020046
:1074E0001139020029110200D53B0200093D0200BA
:1074F000293C0200F53C0200153902006E400000F4
:10750000B5A3F393E0A9E50E24DCCA9E00000000B9
:1075100000000000A91802002D1702002517020024
:10752000151702007D170200A1180200CD2E0200DF
:1075300059180200A1C2010021170200AD18020073
:107540000DCF0100D9D00100FCFFFFFF00000000BB
:10755000391D02009919020095190200A9D50100F0
:107560007D400200D1D00100EDD00100FFFFFFFF00
:1075700000000001000200030004010001010102FB
:1075800001030104020002010202020302040300DB
:1075900003010302030303040400040104020403BF
:1075A00004040000000000000000000001D1010000
:1075B000A5D5010009D10100A9D50100ED210200E6
:1075C000411D02005D1D02000000000000000000DF
:1075D00001D10100A5D5010009D10100A9D5010003
:1075E0007D400200ED220200012302003555020019
:1075F000F5540200FD540200F95402004523020034
:107600001D2302009D580200000000000000000041
:1076100001D10100A5D5010009D10100A9D50100C2
:107620007D40020095240200A9240200ED240200FE
:10763000855902001D590200C5240200215902008B
:10764000000001000200030004000001010102012A
:10765000030104010002010202020302040200030A
:1076600001030203030304030004010402040304EE
:10767000040400000000000000000000A91802003F
:107680005143020025170200151702007D17020062
:10769000A1180200CD2E0200C92E02001B1B000EF5
:1076A000110000001C0B1F251E00000015160F18EE
:1076B000130000007A76677074756F6965617A7679
:1076C000677074756F6965617A7667707400000021
:1076D000000000000000000001D10100A5D501005C
:1076E000C9320200CD3502007D4002008D32020019
:1076F000A9320200D8ECF0F4F8FC0004000000000D
:107700000000000001D10100A5D501009D37020055
:10771000A9D501007D400200013702001D3702009B
:1077200000000000000000001139020011390200C1
:107730001139020000000000000000002939020099
:107740001139020011390200D53B0200093D020047
:10775000293C0200F53C020015390200000000003F
:107760000000000001D10100A5D5010009D10100F0
:10777000A9D501007D4002002941020051410200CB
:10778000000000000000000001D10100A5D50100AB
:1077900009D10100A9D501007D40020000000000D0
:1077A00000000000000000000000000000000000D9
:1077B00001D10100A5D5010009D10100A9D5010021
:1077C0007D4002000000000000000000355502006E
:1077D000F5540200FD540200F954020000000000BC
:1077E000000000009D5802000000000000000000A2
:1077F00001D10100A5D5010009D10100A9D50100E1
:107800007D400200000000000000000000000000B9
:10781000855902001D590200000000002159020094
:10782000000000000000000001D10100A5D501000A
:1078300009D10100A9D501007D400200E15A0200F2
:10784000095B0200A15A0200A55A0200A95A0200CF
:10785000B95A0200BD5A0200BD5A0200C15A0200C4
:107860000000000000000000715E0200855B020065
:107870008D5B02008D5B0200955B0200955B020050
:107880007D5B0200655C02009D5B0200315C0200D2
:10789000995C0200555D0200E95D020000000000F5
:1078A00000000000715E0200000000000000000007
:1078B000715E0200000000000000000000000000F7
:1078C00000000000696002000000000000000000ED
:1078D000D95E02000D6202000000000000000000FE
:1078E000F8FFFFFF0000000001D10100A5D5010055
:1078F00091600200A9D501007D4002000000000057
:1079000000000000000000000000000069660200A6
:1079100059660200000000000000000001D10100D3
:107920009171020009D10100A9D501007D4002003A
:10793000996D0200D96D02000000000000000000F7
:1079400001D10100B973020009D1010011760200D2
:107950007D4002007D73020099730200A57402004D
:107960005D7502001D750200F4FFFFFF00000000BE
:10797000B1750200000000000000000001D101000C
:10798000A5D501005D7A0200417B02007D40020026
:10799000117B0200257B020035550200F5540200E0
:1079A000FD540200F9540200657A0200857B020052
:1079B0009D580200BC790300090000006902000024
:1079C00080000000E802000090000000C4090000F0
:1079D0007000000088130000600000001027000005
:1079E00050000000204E000040000000409C0000BD
:1079F00030000000A08601002000000040420F007F
:107A0000100000000C7A03000400000002000000D7
:107A1000000000000400000010000000080000004A
:107A200020000000100000003000000000000000F6
:107A30000000000001D10100A5D50100D17C0200A9
:107A40007D7D02007D4002004D7D0200617D0200CF
:107A5000D97C0200855902001D590200C17D020037
:107A6000215902006C7A0300040000001027000076
:107A70000C000000204E00000800000050C3000071
:107A800004000000A08601000000000000000000CB
:107A900000000000C97E0200F1D70100F9D7010003
:107AA000D97E0200000000000000000031840200C6
:107AB000357F020039800200DD7E02006181020014
:107AC000E9810200F4FFFFFF0000000001D1010086
:107AD000A5D5010009D10100A9D501007D40020012
:107AE000E1810200FD8102000000000000000000B2
:107AF00001D10100A5D5010009D10100A9D50100DE
:107B00007D400200298502003D850200CD840200EF
:107B1000000000000000000001D10100B973020064
:107B200009D10100117602007D400200AD880200FB
:107B3000D5880200A5740200518A020071880200F3
:107B4000F4FFFFFF00000000718A02000000000047
:107B50000000000001D10100A5D5010009D10100FC
:107B6000A9D501007D400200618C0200118D020048
:107B70002D8B0200998A02007D8B0200000000001C
:107B800000000000798D02000000000000000000ED
:107B9000F18D0200598D0200558D02005D8D0200AD
:107BA000618D0200658D02006D8D0200718D0200F5
:107BB000758D02000000000000000000F18D020041
:107BC000858D0200898D0200958D02009D8D020039
:107BD000A58D0200AD8D0200B58D0200758D0200ED
:107BE000818D0200FD8D0200C18D0200F8FFFFFFB4
:107BF00000000000158F02000000000000000000DF
:107C0000958E0200ED8D0200898D0200958D020097
:107C10009D8D0200A58D0200AD8D0200B58D020084
:107C2000758D02000D8E0200298E0200B58E0200B5
:107C3000F8FFFFFF000000000D8F020000000000B1
:107C40000000000001D10100B590020009D101003F
:107C5000A9D501007D400200699002008D900200CC
:107C600025950200F8FFFFFF000000005595020077
:107C700000000000000000008197020065970200EC
:107C8000699702005D8D02007597020079970200E6
:107C90006D8D0200718D0200758D020000000000E4
:107CA0000000000011990200858D0200898D0200FC
:107CB000958D0200FD98020001990200AD8D020031
:107CC000B58D0200758D0200199B02003D9B0200DC
:107CD000099B0200F8FFFFFF00000000119B02005B
:107CE0000000000000000000C99F0200858D020016
:107CF000898D0200958D0200659B0200719B020038
:107D0000059C02002D9C0200758D0200659C0200FE
:107D1000819C0200C18D02007D9B0200F8FFFFFFE5
:107D200000000000158F02000000000000000000AD
:107D30001D9D0200A19C0200719D0200899B020012
:107D4000D19C0200859E0200DD9D0200C99B0200BD
:107D5000299C0200FCFFFFFF0000000001D1010090
:107D6000A5D5010009D10100A9D501007D4002007F
:107D7000519E0200A59D02000000000000080808B6
:107D800000080A4A4000000A5FEA5FEA0ED92ED3D3
:107D90006E19324489330C924C924D080800000051
:107DA00004880808040804848488000A448A40007F
:107DB000048EC480000000048800000EC000000093
:107DC00000080001224488100C9252524C048C840A
:107DD000848E1C824C901E1EC244924C06CA525F76
:107DE000E21FF01EC13E02448ED12E1FE2448810D5
:107DF0000ED12ED12E0ED12EC4880008000800000E
:107E0000048004880244880482000EC00EC0080466
:107E10008244880ED126C0040ED135B36C0C925E1C
:107E2000D2521C925C925C0ED010100E1C925252D8
:107E30005C1ED01C901E1ED01C90100ED013712EF4
:107E400012525ED2521C8808081C1FE242524C1289
:107E500054981492101010101E113B75B131113945
:107E600035B3710C9252524C1C925C90100C925291
:107E70004C861C925C92510ED00C825C1FE4848470
:107E800084125252524C1131312A44113135BB7196
:107E900012524C9252112A4484841EC488101E0E21
:107EA000C808080E10080482410EC242424E048ADD
:107EB000400000000000001F0804800000000ED2F7
:107EC000524F10101C925C000ED0100E02424ED287
:107ED0004E0C925C900E06C81C88080ED24EC24C06
:107EE00010101C92520800080808024002424C1070
:107EF000149814920808080806001B75B131001C7C
:107F0000925252000C92524C001C925C90000ED285
:107F10004EC2000ED010100006C8049808080EC803
:107F200007001252524F0011312A4400113135BB63
:107F300000124C8C9200112A4498001EC4881E0620
:107F4000C48C8486080808080818080C88180000E3
:107F50000C836000FFFF010000000000FFFF000035
:107F6000FFFF0000000000000000000079AD0200EB
:107F700065AD020071AD02005D8D020035AD0200FD
:107F800039AD020049AD02002DB60200758D020028
:107F900041B40200000000000000000001D1010017
:107FA000A5D5010009D10100D1B602007D40020033
:107FB000A9B9020005BA02007DB60200F8FFFFFF72
:107FC00000000000C9B60200D07F030008000000D6
:107FD0000200000001000000030000000200000099
:107FE0000400000003000000050000000400000081
:107FF0001C000000050000001D000000060000003D
:108000001E000000070000001F0000000800000024
:108010000000000000000000F1BA020069BA02008E
:108020008D5B02008D5B0200955B0200955B020098
:108030007D5B0200655C0200A9BD0200315C0200AC
:1080400071BE020051BF0200E95D0200DDBA02000C
:10805000E1BA0200C1BB0200000000000000000005
:1080600001D10100A5D5010009D10100A9D5010068
:108070007D400200ADBF020025C0020051C20200D7
:10808000E9BF0200F8FFFFFF00000000E5C20200A8
:10809000F4FFFFFF000000001DC002000000000010
:1080A0000000000081C6020071CA020005CA020079
:1080B0005DD1020041C50200C5C70200C1C5020072
:1080C000D1C5020005C6020011C602004901020026
:1080D0000DCD020049D20200B9C8020029C8020031
:1080E000D5C80200B5C9020021C6020099010200EC
:1080F000A101020011D00200C1CF020039C7020065
:1081000011C5020001C90200E92202006D2302002C
:108110000000000000000000715E020095D4020023
:10812000B9D20200C9D2020069D30200696002001C
:1081300099D302001DD40200D95E02000D62020034
:10814000F1D402008DD50200B9D50200F8FFFFFF7F
:108150000000000001D10100A5D5010091600200DE
:10816000C1D602007D40020085D50200A1D50200E3
:10817000000000000000000001D10100A5D50100B1
:1081800009D10100A9D501007D4002005DD902009E
:1081900071D9020015DB020039DB020015DA02009A
:1081A000000000000000000001D10100A5D5010081
:1081B00009D1010005DF02007D400200ADDC0200B4
:1081C000C9DC0200E9D70100E9DC020061DB020042
:1081D0008DDB02004DDD0200B1DB020061DE02003A
:1081E000DDDB0200F1DB020019DC020049DC0200E9
:1081F000A1DD020019DD020069DC02005DDB020086
:108200000000000000000000D5E60200CDE60200FC
:10821000558D02005D8D0200D1E60200658D0200E1
:108220006D8D0200718D0200758D0200000000004E
:10823000F45A00200DEA020000000000B71DC1043E
:108240006E3B8209D926430DDC7604136B6BC51790
:10825000B24D861A0550471EB8ED08260FF0C92208
:10826000D6D68A2F61CB4B2B649B0C35D386CD3170
:108270000AA08E3CBDBD4F3870DB114CC7C6D0483C
:108280001EE09345A9FD5241ACAD155F1BB0D45B18
:10829000C2969756758B5652C836196A7F2BD86E80
:1082A000A60D9B6311105A6714401D79A35DDC7DF8
:1082B0007A7B9F70CD665E74E0B6239857ABE29CE4
:1082C0008E8DA191399060953CC0278B8BDDE68F18
:1082D00052FBA582E5E66486585B2BBEEF46EABA00
:1082E0003660A9B7817D68B3842D2FAD3330EEA9F8
:1082F000EA16ADA45D0B6CA0906D32D42770F3D05C
:10830000FE56B0DD494B71D94C1B36C7FB06F7C38F
:108310002220B4CE953D75CA28803AF29F9DFBF687
:1083200046BBB8FBF1A679FFF4F63EE143EBFFE56F
:108330009ACDBCE82DD07DEC77708634C06D473087
:10834000194B043DAE56C539AB0682271C1B43238F
:10835000C53D002E7220C12ACF9D8E1278804F1607
:10836000A1A60C1B16BBCD1F13EB8A01A4F64B056F
:108370007DD00808CACDC90C07AB9778B0B6567C3B
:1083800069901571DE8DD475DBDD936B6CC0526F17
:10839000B5E6116202FBD066BF469F5E085B5E5A7F
:1083A000D17D1D576660DC5363309B4DD42D5A49F7
:1083B0000D0B1944BA16D84097C6A5AC20DB64A8AB
:1083C000F9FD27A54EE0E6A14BB0A1BFFCAD60BB17
:1083D000258B23B69296E2B22F2BAD8A98366C8EFF
:1083E00041102F83F60DEE87F35DA9994440689DF7
:1083F0009D662B902A7BEA94E71DB4E0500075E45B
:10840000892636E93E3BF7ED3B6BB0F38C7671F78E
:10841000555032FAE24DF3FE5FF0BCC6E8ED7DC286
:1084200031CB3ECF86D6FFCB8386B8D5349B79D16E
:10843000EDBD3ADC5AA0FBD8EEE00C6959FDCD6DDC
:1084400080DB8E6037C64F643296087A858BC97E92
:108450005CAD8A73EBB04B77560D044FE110C54B02
:10846000383686468F2B47428A7B005C3D66C15872
:10847000E4408255535D43519E3B1D252926DC2156
:10848000F0009F2C471D5E28424D1936F550D8321A
:108490002C769B3F9B6B5A3B26D6150391CBD4077A
:1084A00048ED970AFFF0560EFAA011104DBDD014FA
:1084B000949B93192386521D0E562FF1B94BEEF55E
:1084C000606DADF8D7706CFCD2202BE2653DEAE61A
:1084D000BC1BA9EB0B0668EFB6BB27D701A6E6D3FA
:1084E000D880A5DE6F9D64DA6ACD23C4DDD0E2C0FA
:1084F00004F6A1CDB3EB60C97E8D3EBDC990FFB936
:1085000010B6BCB4A7AB7DB0A2FB3AAE15E6FBAA91
:10851000CCC0B8A77BDD79A3C660369B717DF79F81
:10852000A85BB4921F4675961A163288AD0BF38C71
:10853000742DB081C330718599908A5D2E8D4B5911
:10854000F7AB085440B6C95045E68E4EF2FB4F4A91
:108550002BDD0C479CC0CD43217D827B9660437F01
:108560004F460072F85BC176FD0B86684A16476C71
:1085700093300461242DC565E94B9B115E565A1555
:1085800087701918306DD81C353D9F0282205E0619
:108590005B061D0BEC1BDC0F51A69337E6BB523379
:1085A0003F9D113E8880D03A8DD097243ACD5620F9
:1085B000E3EB152D54F6D4297926A9C5CE3B68C125
:1085C000171D2BCCA000EAC8A550ADD6124D6CD219
:1085D000CB6B2FDF7C76EEDBC1CBA1E376D660E7F9
:1085E000AFF023EA18EDE2EE1DBDA5F0AAA064F4F9
:1085F000738627F9C49BE6FD09FDB889BEE0798D35
:1086000067C63A80D0DBFB84D58BBC9A62967D9E90
:10861000BBB03E930CADFF97B110B0AF060D71AB80
:10862000DF2B32A66836F3A26D66B4BCDA7B75B870
:10863000035D36B5B440F7B16C8803007088030061
:1086400004000000A90F0300F5240300DD5103001E
:10865000454D030078880300888803000800000067
:1086600070880300788803000800000088880300F1
:10867000988803000800000000100201148803001D
:108680004C880300080000004C8803006C8803003D
:108690000800000050EADA308883B89F604F15F375
:1086A0000000C98E0000FFFFDEC0ADDEFE011EF13E
:1086B000DEC0ADDEFF011EF1D9460300B546030062
:1086C000A546030015490300A148030079460300AD
:1086D0007D460300814603000010000004000000F6
:1086E0000100000000000000010000000100FFFF89
:1086F0000000000001000000000000000000000079
:108700005D5A0300195A03003D5A0300002020203F
:108710002020202020202828282828202020202031
:108720002020202020202020202020202088101001
:10873000101010101010101010101010100404045D
:10874000040404040404041010101010101041411B
:108750004141414101010101010101010101010109
:10876000010101010101010110101010101042421D
:1087700042424242020202020202020202020202D9
:108780000202020202020202101010102000000079
:1087900000000000000000000000000000000000D9
:1087A00000000000000000000000000000000000C9
:1087B00000000000000000000000000000000000B9
:1087C00000000000000000000000000000000000A9
:1087D0000000000000000000000000000000000099
:1087E0000000000000000000000000000000000089
:1087F0000000000000000000000000000000000079
:108800000000000000000000000000000000000068
:048810000000000064
:10881400D5FB0200000000009D020300B8570020B1
:1088240019FA0200000000006D0E030000000000B1
:108834004D3D020000000000A92A0300345E002020
:08884400010B0200000000001E
:10884C0075EF010000000000F13E02000000000086
:10885C007148030000000000C52C0300000000005C
:04886C00210D0200D8
:088870007D4803000000000038
:108878003129030000000000352A03000000000031
:10888800550D0200000000009146030000000000A2
:08889800DC3EFE7F0100000040
:1088A000FFFFFFFF0000000006000000B86F03009C
:1088B000C06F03007D0000000138FDD1704700BF8C
:1088C000DD980200DD980200A59A0200E1980200FE
:1088D000E5980200E9980200E9980200F598020084
:1088E000F9980200AD980200AD980200B19802001C
:1088F000B9980200BD980200C5980200CD98020008
:10890000D5980200D9980200787D0300CC6200203F
:108910000090D0030010014011000400FFFFFFFF92
:10892000FFFFFFFFFFFFFFFFFFFFFFFFD020002043
:10893000000000005C610020C46100202C62002067
:108940000000000000000000000000000000000027
:108950000000000000000000000000000000000017
:108960000000000000000000000000000000000007
:1089700000000000000000000000000000FA0004F9
:10898000FF030118181818181818180051C701000B
:10899000BDCD0100DDFE01004938020099A00200B2
:1089A000B9A7020015AC020079E2020029C7010054
:1089B0000000000000000000593B03000000000020
:0489C00000000000B3
:0200000270008C
:1070000000000220F97207002173070023730700B4
:10701000257307002773070029730700000000008D
:107020000000000000000000000000001DB5070087
:107030002D730700000000002F7307003173070055
:10704000337307003373070033730700337307008C
:10705000337307003373070033730700337307007C
:10706000337307003373070033730700337307006C
:10707000337307003373070033730700337307005C
:10708000998E0700337307003373070033730700CB
:1070900033730700337307001DB70700337307000E
:1070A000337307003373070033730700337307002C
:1070B0003373070033730700000000000000000076
:1070C000337307003373070033730700337307000C
:1070D0001D8B0700337307003373070033730700FA
:1070E00033730700000000000000000000000000F3
:1070F0000000000033730700000000003373070036
:10710000000000000000000000000000000000007F
:10711000000000000000000000000000000000006F
:10712000000000000000000000000000000000005F
:10713000000000000000000000000000000000004F
:10714000000000000000000000000000000000003F
:10715000000000000000000000000000000000002F
:10716000000000000000000000000000000000001F
:10717000000000000000000000000000000000000F
:1071800000000000000000000000000000000000FF
:1071900000000000000000000000000000000000EF
:1071A00000000000000000000000000000000000DF
:1071B00000000000000000000000000000000000CF
:1071C00000000000000000000000000000000000BF
:1071D00000000000000000000000000000000000AF
:1071E000000000000000000000000000000000009F
:1071F000000000000000000000000000000000008F
:107200000348044B834202D0034B03B11847704735
:10721000A02B0020A02B00200000000005480649FC
:107220000B1AD90F01EBA301491002D0034B03B194
:1072300018477047A02B0020A02B00200000000062
:1072400010B5064C237843B9FFF7DAFF044B13B1AE
:107250000448AFF300800123237010BDB42B00203D
:1072600000000000B0D2070008B5044B1BB1044970
:107270000448AFF30080BDE80840CFE700000000FD
:10728000B82B0020B0D20700A3F5803A704700BFAA
:10729000154B002B08BF114B9D46FFF7F5FF002152
:1072A0008B460F461148124A121A05F00FFC0C4B80
:1072B000002B00D098470B4B002B00D098470020A4
:1072C000002104000D000B4805F0DEFA05F010FB6C
:1072D0002000290001F020F905F0DCFA0000080088
:1072E000000000000000000000000220B42B00207D
:1072F0004C520020BDC807000649074A074B9B1A9D
:1073000003DD043BC858D050FBDC00F023F8FFF746
:10731000BFFF000020D30700E82A0020B42B002084
:10732000FEE7FEE7FEE7FEE7FEE7FEE7FEE7FEE735
:10733000FEE7FEE7054B1B680D2B01BF044B1868E9
:10734000B0FA80F0400918BF0020704730010010EB
:107350003401001008B5FFF7EDFF40B14FF0804356
:107360000022C3F80C21C3F81021C3F83825FFF719
:10737000E1FF002846D04FF080524D4BD2F8041464
:10738000C3F82015D2F80814C3F82415D2F80C1449
:10739000C3F82815D2F81014C3F82C15D2F8141419
:1073A000C3F83015D2F81814C3F83415D2F81C14E9
:1073B000C3F84015D2F82014C3F84415D2F82414A9
:1073C000C3F84815D2F82814C3F84C15D2F82C1479
:1073D000C3F85015D2F83014C3F85415D2F8341449
:1073E000C3F86015D2F83814C3F86415D2F83C1409
:1073F000C3F86815D2F84014C3F86C15D2F84424C9
:10740000C3F87025FFF796FF48B14FF08043D3F8DB
:107410000024D20744BF6FF00102C3F80024254ABC
:10742000D2F8883043F47003C2F88830BFF34F8F2E
:10743000BFF36F8F4FF01023D3F80022002A03DB35
:10744000D3F80432002B2FDA1B4B0122C3F804259A
:10745000D3F80024002AFBD04FF010221221C2F8EA
:107460000012D3F80024002AFBD04FF01023122280
:10747000C3F80422104B1A46D3F800140029FBD09D
:107480000021C3F80415D2F80034002BFBD0BFF361
:107490004F8F0849094BCA6802F4E0621343CB607E
:1074A000BFF34F8F00BFFDE7054B064A1A6008BDCA
:1074B00000C0004000ED00E000E001400400FA05DB
:1074C000E82A00200090D0034B1C30B5DB000446B6
:1074D00012F003009BB20DD1074D2A601A44074BEE
:1074E0001A60074B1870074B1870074B1C80074B2E
:1074F000198030BD0720FCE7D82B0020D42B0020BA
:10750000D02B0020E02B0020DC2B0020DE2B0020E5
:107510002DE9F3472B4F3B888B4206460D4690469C
:107520004BD300240DF107008DF8074000F086F8DA
:10753000254B26481A78264B008893F800C08445CE
:107540005FFA8CF138BF4C1CD2B238BFE4B2A24211
:107550002DD01C781A78D1B2904286BF0131C9B2C1
:10756000002119709DF8070000F08CF84FF6FF73AA
:107570009C4224D0DFF86090D9F800204FEAC40A7A
:1075800042F8348002EBC403A6B19DB1114B388898
:107590001B682A4604FB0030314605F0FDF9D9F896
:1075A0000030534400209D8002B0BDE8F0874FF6C4
:1075B000FF74D7E700209880F6E70920F4E704205D
:1075C000F2E700BFDC2B0020E02B0020DE2B0020A8
:1075D000D02B0020D42B0020D82B0020F8B5114C44
:1075E000114D264622782B789A4200D1F8BD0F48DB
:1075F0000F4A2378126807880E4802EBC30100681F
:1076000052F83320898803FB070090470A49227803
:107610000988D3B2914286BF0133DBB200233370B5
:10762000E0E700BFE02B0020D02B0020DC2B002067
:10763000D82B0020D42B0020DE2B002070B5EFF3D8
:10764000108672B60C4A946801239CB993600B4B68
:107650000B4DD3F8801029401160C3F88050D3F847
:10766000841051604FF0FF32C3F88420047006B9D3
:1076700062B670BD0370FAE7C04E002000E100E082
:10768000FC06FFBD10B5084B9A685AB150B9EFF32C
:10769000108172B6054A1C6814605C68546098607A
:1076A00001B962B610BD00BFC04E002000E100E08D
:1076B00030B53AB11368DB430A4D0144814204D12D
:1076C000D84330BD4FF0FF33F6E710F8012B53409D
:1076D000082213F0010418BF2C46013A84EA530330
:1076E000F7D1EBE72083B8ED10B561B1B2FBF3F44D
:1076F00003FB1424A4B244B9C0E90014846082815D
:10770000C381204610BD0E20FCE70920FAE782B0B5
:1077100050E8022FC188B2EB324F4FF0000317BF81
:1077200092B241EA014142EA014104E04268B2EB0F
:10773000324F08BF012340E80212002AE8D18DF839
:1077400007309DF80730002B0CBF1120002002B03D
:10775000704737B550E8013F9DB2C48925448489FC
:10776000A54228BF2D1B0489A54202BFBFF32F8F5E
:10777000002207E0C5EA030540E80154002CE9D1E6
:107780004FF001028DF803200193019B9DF8032027
:107790000B6002F0FF0322B10B880068184403B0AD
:1077A00030BD1846FBE70A884B889A4209D150E859
:1077B000012FC2EA024240E80123002BF7D1012049
:1077C00070470020704737B550E8023F1FFAA3F515
:1077D000C488A54202BFBFF32F8F00220DE0C489E9
:1077E00025448489A54228BF2D1BC3EA054540E8EE
:1077F0000254002CE8D14FF001028DF803200193D0
:10780000019B9DF803200B6002F0FF0322B14B881F
:107810000068184403B030BD1846FBE70A884B885F
:107820009A4209D150E8022FC2EA224240E80223DC
:10783000002BF7D1012070470020704710B5034698
:1078400053E8000F40EA010243E8002494F0000FDF
:10785000F6D110BD10B5034653E8002F02EA01002F
:1078600043E8000494F0000FF6D110BD0121FFF7AA
:10787000E5BF0021FFF7EEBF10B590B1D0E90123BD
:1078800001689B1ADBB20A60013BDBB2FF2B026886
:1078900002D10020107110BD11684C1C14600B70D7
:1078A000F2E70E20F7E737B5044600250DF1070093
:1078B0008DF80750FFF7C2FE2268616813688B429B
:1078C00010D9591E116013F8015C228AE36802FB8B
:1078D00005352268A36811685B1A1179DBB29942F9
:1078E00038BF13719DF80700FFF7CCFE284603B0A0
:1078F00030BD37B5054600230DF107000C468DF865
:107900000730FFF79BFE2A681368591C1160E9686D
:10791000641A298AB4FBF1F41C709DF80700FFF784
:10792000B1FE03B030BD01600B681146184710B4BA
:107930000468E468A4465DF8044B604710B404682A
:107940002469A4465DF8044B6047000070B550B947
:107950000E4D0F4C0026641B1423B4FBF3F4B44209
:1079600008D1002010E00368002BF1D0BDE8704082
:10797000DB6918472B6813B901361435EFE7DB696B
:10798000284698470028F7D070BD00BFA02B0020E4
:10799000B42B0020014B436000207047B4CD07009A
:1079A0000846704700207047024B1868003818BF1F
:1079B00001207047E42B002008B50248FFF759FF6B
:1079C000002008BDE42B002008B510461A4604F03C
:1079D000E3FF002008BD00002DE9F043814687B099
:1079E00014480E4615469846FFF740FF0446F0B986
:1079F0000746BD4215D10F48FFF73BFFD9F80830C5
:107A00005BB102228DF800200022CDE90126CDE9EC
:107A10000325CDF8148068469847204607B0BDE896
:107A2000F08306EB073000F07DFB0137E1E711241E
:107A3000F3E700BFE42B00202DE9F041804686B03B
:107A400011480F4616461D46FFF710FF0446C8B9F9
:107A5000AA083146384600F093FB0B48FFF709FFB0
:107A6000D8F8083053B101228DF800200C9A059205
:107A7000CDE90147CDE9036568469847204606B041
:107A8000BDE8F0811124F9E7E42B002029DF7047DD
:107A900028DF704770B50668B36886B004460D46A7
:107AA00073B114220021684605F010F8A36805930D
:107AB0002379019533B1012B0ED0B36868469847FE
:107AC00006B070BD01238DF8003023690293E3688E
:107AD000039363690493F0E702238DF80030E368B1
:107AE0001B030293F5E7084670470020704700002B
:107AF000024B187A003818BF01207047D42D00209F
:107B0000034B187A0122B0FA80F05A74400970478A
:107B1000D42D002008B510461A4604F03DFF002081
:107B200008BD000008B514220021044804F0CEFF6F
:107B30000348FFF7ECFD002008BD00BFD42D002056
:107B4000C42D002010B5094C094B43602046FFF7B7
:107B50008DFE48B903F0C8FD064920741C23064871
:107B60004FF4EE72FFF7C0FD002010BDD42D0020B1
:107B7000E0CD0700E82B0020C42D002070B5234C79
:107B8000234E237A25463BB922492348FFF71BFEA3
:107B9000306008B9606070BD022334682B722379AD
:107BA00073B1012B22D020460321FFF773FF00237E
:107BB0002B726B60BDE8704016491748FFF72EBE68
:107BC000D4E90523D21A142AD4E9031028BF1422B9
:107BD0009208012A38BF012219441844FFF756FFC2
:107BE00050B11128DFD101232B72D4E7D4E903036C
:107BF0001844FFF74DFFF3E72B7C002BCBD1014658
:107C0000BDE87040022000F009B800BFD42D00206C
:107C1000EC2D0020E82D0020C42D002038B5831E57
:107C2000012B43D8224C237A002B3FD0022B09D1C1
:107C300003282ED01F4B00221B68E2601A793AB14C
:107C4000012A20D0637C6BBBBDE83840FFF796BFAC
:107C5000D3E905128D1A142D94BF521914329A616A
:107C60009142EFD102284FF0000308BF194623725A
:107C7000104B18BF0D211868FFF70CFF0E490F4875
:107C8000FFF7CCFDDEE71A6901321A615B699A429F
:107C9000E7E7E3680133082B01D8E360D2E700236C
:107CA000E360DFE7BDE8384003F00EBD38BD00BF3C
:107CB000D42D0020EC2D0020E82D0020C42D002024
:107CC00000F0FD03012B08D1044B00225A74421E20
:107CD000504250411874FFF751BF7047D42D002017
:107CE00010B5064C201DFFF7C1FD28B9637C1BB9F8
:107CF000BDE81040FFF742BF10BD00BFD42D0020EB
:107D00002DE9F34180460D460F4801A916461F464E
:107D1000FFF71FFD0446A8B11C22002104F0D6FE87
:107D20002D0B0123237101A90748C4F80080A76027
:107D3000E5606661FFF737FDFFF7D2FF002002B074
:107D4000BDE8F0810420FAE7C42D00202DE9F743B7
:107D500081468846104801A917461E46FFF7F9FCE0
:107D60000446B0B11C22002104F0B0FE00250A9B9D
:107D7000A36001A9C4E9037807482571C4F80090FD
:107D80006661FFF710FDFFF7ABFF284603B0BDE8C3
:107D9000F0830420FAE700BFC42D002001600B68C7
:107DA00043604A68934204BF0023436070474368BE
:107DB00043B1026891680B4443605268934204BF28
:107DC00000234360704700002DE9F04FC9B008AAB6
:107DD00001F1400514464B780E781B0443EA066314
:107DE000CE7833438E78043143EA06238D4244F83B
:107DF000043BF0D11024916B16464FEAF14383EA1D
:107E0000714383EA9123716A366852F8045F314402
:107E10000B444FEAB54181EAF51181EAD5010134FD
:107E20000B44402CD363E6D1D0E914E30093836D77
:107E30000193C36D0293036E0393436E0493836EA9
:107E40000593C36E0693DDE9057BDDE9031CDDE9DF
:107E500001592B4B009E079374464FF00008079B77
:107E600053F8042B07934FEAF12383EAB11383EA13
:107E7000716A08AB53F828301A440AEB020327EA68
:107E8000010A01EA0C028AEA02021A444FEA743A31
:107E900086EA05035A448AEAB40A06EA050B234037
:107EA00083EA0B038AEAB45A08F101089A44B8F14C
:107EB000400F02EB0903BB465244A94619D1724454
:107EC0000265009A22444265019A32448265029A10
:107ED0002A44C265039A1A44049B02660B44436613
:107EE000059B63448366069B3B44C36649B0BDE87B
:107EF000F08F674635468C46264619461446AEE74F
:107F00000CCE070030B5E0B10F4A1049002400251F
:107F1000C0E91245C0E914120D4C0E4A0E4DC0E9DD
:107F200016420E4AC0E918520D4A826602F1745296
:107F3000A2F523020023A2F692420364C266184609
:107F400030BD0E20FCE700BF85AE67BB67E6096A5F
:107F500072F36E3C3AF54FA57F520E518C68059B2B
:107F6000ABD9831F70B5F0B1DAB900201CE00C4624
:107F70008D180026AC42F8D0036C14F8012BC254C3
:107F80000133402B0364F5D10146FFF71DFFD0E913
:107F9000123213F5007342F10002C0E91232066496
:107FA000E8E70029E3D10E2070BD70B50D461646F6
:107FB0000446002875D0002973D0026C8021372A2E
:107FC000815402F101034FF0000240D8382B39D11F
:107FD000D4E91201226C0823E3FB020103BAE36334
:107FE0000B0A84F83A300B0C84F839300B0EC4E9D4
:107FF000120184F83B1084F8383021462046FFF700
:10800000E3FE691E76B30023E26EDA4001F8012F29
:10801000A26EDA400A71626EDA400A72226EDA40AB
:108020000A73E26DDA400A74A26DDA400A75626D75
:10803000DA400A76226DDA400833202B0A77E3D142
:10804000002070BDE2540133C0E7E25401333F2BFE
:10805000FBD921462046FFF7B7FE3822002104F065
:1080600035FDB5E71823226DDA4001F8012F626D66
:10807000DA400A71A26DDA400A72E26DDA400A73E0
:10808000226EDA400A74626EDA400A75A26EDA4035
:108090000A76E26EDA40083B13F1080F0A77E2D164
:1080A000CEE70E20CDE743689B68184708B54368C4
:1080B00008305A7900F083F9002008BD2DE9F0411D
:1080C0000C469CB008461F460392FFF7ECFFD4F81D
:1080D0000480039998F80550BD4228BF3D460646E6
:1080E0002A4604A800F060F998F8052022990CA807
:1080F00000F065F900960CAB2A4604A904F10800CB
:1081000004F044FA002848F2425018BF00201CB086
:10811000BDE8F081024AD2F80034002BFBD0704752
:1081200000E001400A4908B50223C1F80435BFF355
:108130006F8FBFF34F8FC1F80805FFF7EBFF0023E8
:10814000C1F80435BFF36F8FBFF34F8F08BD00BF79
:1081500000E0014010B5094C0123C4F80435BFF319
:108160006F8FBFF34F8F0160FFF7D4FF0023C4F878
:108170000435BFF36F8FBFF34F8F10BD00E0014098
:108180000E4B10B50124C3F80445BFF36F8FBFF346
:108190004F8F01EB8204401AA14208D1074B002205
:1081A000C3F80425BFF36F8FBFF34F8F10BD431883
:1081B00051F8042B1A60FFF7ADFFEDE700E0014036
:1081C00028B139B10023C1E900301846704748F2A0
:1081D0001050704748F21350704738B1006848F2A9
:1081E0004053884214BF18460020704748F2105090
:1081F000704730B148F21153914214BF1846002025
:10820000704748F21050704770B506460C461D4640
:10821000FFF7D6FF50B9B3794AB1AB420AD1114644
:108220002046FFF743FF08B9044B236070BD48F2B6
:108230001050FBE748F21150F8E700BF7052464D6E
:108240002DE9F0470C4606460F492046DDE908892E
:1082500015461F46FFF7C1FFA0B963685A79494622
:1082600052004046FFF7C5FF60B94DB1CDF8208000
:108270003B462A4621463046BDE8F047FFF71EBF81
:1082800048F21050BDE8F0877052464D10B50446D4
:1082900038B149B141600B68984708B9044B236075
:1082A00010BD48F20150FBE748F21050F8E700BF5C
:1082B0006E524648F0B4134648B10768094EB742BB
:1082C0000AD161B12AB14368F0BC5B68184748F233
:1082D00001531846F0BC704748F20253F9E748F2E0
:1082E0001053F6E76E524648F0B460B107680C4E82
:1082F000B7420CD171B143681568DC68A5420CD354
:10830000F0BC9B68184748F20150F0BC704748F237
:108310000250FAE748F21350F7E748F21450F4E736
:108320006E524648F7B50446DDE9086715460193E5
:10833000FFF7ACFF68B9019A29462046FFF7BAFF5C
:1083400038B93A463146204603B0BDE8F040FFF761
:10835000CBBF03B0F0BD0000F8B50A4F0A4C0B4D7F
:10836000E41B0121E40829700026A64203D1022360
:108370002B700020F8BD57F8363098470028F9D107
:108380000136F2E7B4D20700B4D20700F02D002086
:1083900001390144814200D2704703780A7800F81D
:1083A000012B01F80139F5E7013A02440139824213
:1083B00000D2704711F8013F02F80139F7E770B5B4
:1083C00016460D46FFF7F0FF3246A9193044BDE8C6
:1083D0007040FFF7E9BF38B50D460446FFF7D8FFF8
:1083E00029466019BDE83840FFF7D2BFBFF34F8F71
:1083F0000549064BCA6802F4E0621343CB60BFF341
:108400004F8F00BFFDE700BF00ED00E00400FA055C
:10841000044A136801331360034B1B780BB100F05F
:10842000FFB87047FC2D0020F82D002010B5094C36
:1084300000F018F923785BB9074A137000F0B8F818
:10844000012323700549BDE81040A32000F0D6BBEE
:1084500010BD00BFF82D0020F12D00201184070071
:1084600008B5084B00221A7000F030F90649A32025
:1084700000F0C4FB054B1A68054B1A60054B01223E
:108480001A7008BDF82D002011840700FC2D002073
:10849000F42D0020F12D0020013870B5082823D8D4
:1084A000DFE800F00A0C23220522050E0C0011481B
:1084B000BDE87040FFF7BABF0F48F9E70F48F7E78C
:1084C00002F07AF80E4B1B787BB10E4E0E4D3468DD
:1084D0002B68E41A3B2C94BF0021012100F040F9E5
:1084E0003B2C01D933682B6070BDBDE87040FFF7AD
:1084F000B7BF00BF5DCF070058CF070062CF0700AE
:10850000F12D0020FC2D0020F42D002008B5FFF7F0
:108510006DFF08B5FFF76AFF08B500F089FC024857
:1085200000F0A6F9FFF762FF99840700F0B51B4B36
:108530001B4819781B4B1C4D5F5C0422012447FA31
:1085400002F6F60710F8013B1BD51F2B86BF03F080
:108550001F032E464FF0A04604FA03F3C6F80C356D
:10856000013AECD2114B5B5C1F2B86BF0E4903F026
:108570001F034FF0A041012202FA03F3C1F80835AE
:10858000F0BD1F2B86BF03F01F032E464FF0A04601
:1085900004FA03F3C6F80835E2E700BF052E002011
:1085A00067CF0700002E0020000300506CCF0700AB
:1085B00030B41748174D0022032410F8013B1F2B3D
:1085C00086BF03F01F0329464FF0A04103F5E07377
:1085D0000132052A41F82340EFD10F480D4D00220A
:1085E000032410F8013B1F2B86BF03F01F0329460D
:1085F0004FF0A04103F5E0730132052A41F8234012
:10860000EFD1064B00221A7030BCFFF78FBF00BFBE
:1086100067CF0700000300506CCF0700052E002035
:1086200010B40D4A0D4913780120C95C03441F2979
:10863000DBB28ABF0A4C4FF0A04401F01F01042BAB
:1086400000FA01F188BF0023C4F80C1513705DF81F
:10865000044BFFF76BBF00BF052E00206CCF070057
:108660000003005001460522014804F095B900BFFF
:10867000002E00201F2886BF054A00F01F004FF083
:10868000A042012303FA00F0C2F80805704700BFBA
:10869000000300500B4B185C1F288ABF0A4B4FF099
:1086A000A04300F01F01D3F8042598BF0146CA403B
:1086B000D20704D501228A40C3F80C257047FFF782
:1086C000D9BF00BF71CF070000030050F8B5204AA2
:1086D000204D214E002313602846032410F8012B5F
:1086E0001F2A86BF02F01F0231464FF0A04102F55B
:1086F000E0720133052B41F82240EFD1174C164FA1
:1087000020460022032610F8013B1F2B86BF03F0F2
:108710001F0339464FF0A04103F5E0730132052AEB
:1087200041F82360EFD1002115F8010BFFF7A2FFFC
:1087300001310529F8D1002114F8010BFFF79AFF48
:1087400001310529F8D1BDE8F8400020FFF7A2BFAC
:10875000082E002071CF07000003005076CF0700DD
:10876000F0B5164A164F1668DFF858C03446002593
:108770004FF0010E00EB8000642390FBF3F0A04269
:108780000BDCB042B8BF304605B11060A1B104287F
:1087900012DCBDE8F040FFF77DBFE35D1F2B8ABF11
:1087A00065464FF0A04503F01F030EFA03F3C5F82A
:1087B0000C3501340125E2E7F0BD00BF082E002092
:1087C00071CF070000030050007800F001007047EF
:1087D00041DF7047014B01221A7070472C32002094
:1087E000BFF34F8F0549064BCA6802F4E06213439A
:1087F000CB60BFF34F8F00BFFDE700BF00ED00E08F
:108800000400FA05024B034800221A7001F0F2BF7F
:108810002C320020E1870700042810B5044609D84F
:10882000022811D816D00D4B1B68B3B12046BDE805
:1088300010401847831F012BF5D8094B0948002227
:108840001A7001F0D7FFEEE707494FF4701000F0FF
:10885000A7F9E8E701F014FFE5E710BD303200208A
:108860002C320020E18707000588070000207047B0
:1088700038B5504B1860002001F0D2FF04460028A4
:1088800040F0928000F07EFA012800F088800228F3
:1088900000F08C80002840F087804FF08043D3F8B0
:1088A000004414F4803435D04FF48032C3F80024EF
:1088B0000446414D2B6A012B3FD04FF4701400F059
:1088C000F7FA3E4A20211820FEF7FEFD08B1FFF717
:1088D00020FE3B4B1A6802F0F802B02A06D11A6853
:1088E000D20742BF1A6802F04E021A60FFF7BEFFBD
:1088F000002859D12046334900F052F9324800F09F
:10890000E9FF002850D100F0F9FAFEF767FEFFF703
:108910005FFFF8E7D3F8202502F0F802A82A0AD171
:10892000D3F82025D10706D5D3F8202502F056022A
:10893000C3F82025BDE70124BBE743F204031A680E
:10894000224B9A4209D002F023F8AA69014694B159
:108950001F4802F07AFB90B9AFE76A6B1CB995F833
:108960006032012BEFD01B484FF4805102F06DFBB9
:108970000028E8D1A1E795F8A132012BE8D1104BEE
:108980001B6813F0B10F98D101F0AEFF60B9124B24
:108990001870124801F02EFF00F024F804E00E4B8E
:1089A0000F481C7001F026FF032038BD4FF4A024AF
:1089B00085E700BF30320020CC4E00200C2E002076
:1089C0001C0500400588070019880700DBE5B15148
:1089D0006D5100202C5100202C320020D58707003B
:1089E000E187070008B5074B4FF0FF32C3F880203E
:1089F000C3F8802101F060FCBDE808404FF48050CE
:108A000000F002B800E100E000B5EFF305830023B9
:108A1000D0E9001283F3148883F3108883F311885C
:108A200083F3138881F308884FF0FF339E46104785
:108A30005DF804FB00F1402000F50030002382B017
:108A4000036003680193019B02B0704738B56FF073
:108A50007F42134C057BD4F804358A4228BF0A466E
:108A6000891A13444A1E942A23F07F4305F5A872FD
:108A70009BBF963B96314160416044F82230094BE0
:108A80004FF4F86043F00103984705F1500080006F
:108A9000FFF7D0FF4FF48033AB40C4F8043338BD48
:108AA0000040024080CF070008B517490A7852BB42
:108AB0004FF080434FF48070D3F81834DB035EBF6F
:108AC000124B01221A60FFF7B5FF4FF4A070FFF7B9
:108AD000B1FF4FF4A270FFF7ADFF4FF4A470FFF7A2
:108AE000A9FF0B4B0B48A02283F8242310225A60C5
:108AF000094A0023C2F808350123036002201360ED
:108B0000C2F804030B7008BD383200200800004092
:108B100000E100E008400240004002402DE9F04141
:108B2000194B1B683BB1194A13684FF4827001332B
:108B30001360FFF77FFF164C164DDFF86080164E6E
:108B40004FF480372B68A5F5804080B25BB1FFF70A
:108B500071FF237B07FA03F3C8F80833616849B152
:108B60002046FFF773FF0435B54204F11004E9D144
:108B7000BDE8F081A16811B12046FFF767FF2368C7
:108B8000002BF0D09847EEE7044102403432002039
:108B9000EC2A0020404102404C410240004002408B
:108BA00070B50B4B1D682A7B4FF480339340094A04
:108BB0000E46C2F80833044640B1FFF775FF2E6039
:108BC00021462846BDE87040FFF740BF70BD00BF9A
:108BD0001C2B00200040024070B5074B1D680E465C
:108BE000A8600446FFF760FF2E6021462846BDE8D6
:108BF0007040FFF72BBF00BF242B002070B50E4B39
:108C00001C68237B4FF480329A400C4B0E46D3F8FD
:108C100004130A42054602D0A16881420BD0C3F872
:108C20000823A560FFF740FF266029462046BDE8DF
:108C30007040FFF70BBF70BD202B002000400240AA
:108C4000014B01221A7070473932002038B50F4BA2
:108C5000DA6A5D6A9C6CAC2A10D15B6B1C44ED1A1D
:108C60000B482A46214603F067FE68B100F046F93A
:108C700029462046BDE8384001F000BB002CEFD16A
:108C800001F09CFE0446EBE738BD00BFCC4E00204F
:108C9000007007002DE9F74F06468846A8EB060549
:108CA0002D0B02F6FF77144600F002F9802D28BF45
:108CB00080252B03DFF868B001933F0B0CB92346E6
:108CC00029E0BD422CBFBA46AA464FF000025146E9
:108CD000304634BFDDF80490A14601F0B7FA0346F0
:108CE000C8B909F1030222F003024146304601F0FF
:108CF0009FFA034678B9DBF830304B44CBF830307C
:108D000001F07EFDA7EB0A07A4EB09044E44C8441A
:108D100003460028D2D0184603B0BDE8F08F00BF4C
:108D2000CC4E002010B501F059FE154A42F2040362
:108D3000916CCC5803F1A34303F5471303F2D753C7
:108D40009C4218D1D2E90C32934216D0884204D109
:108D5000BDE81040002001F053BDD21A02F6FF72A8
:108D600022F47F6222F00F0219441844FFF792FFA9
:108D70000028EDD010BD0320FCE70020FAE700BF7B
:108D8000CC4E002070B5264CE36AAA2B37D005D80C
:108D9000012B0BD0A52B2ED0002070BDAC2BFBD10E
:108DA000FFF7C0FF48BBFFF751FF26E0A66C656ADE
:108DB00001F0EEFD864229D101F0EAFD00222946AC
:108DC000FEF776FCA36A984202BF0123C4E90703B9
:108DD000A5610025134801F0CFFD134B1348002275
:108DE0001A7001F00DFD68B975B1236A012B14BF2B
:108DF00001200220D1E7FFF795FF0125EAE7FFF701
:108E000025FFE6E70320C8E70120C6E7236BEA1A3F
:108E1000F1181844FFF73EFF0028DAD1CCE700BF75
:108E2000CC4E0020F04E002039320020418C07004B
:108E300008B540F6F8700368013302D10749FFF71F
:108E400089F940F6FC700368013305D1BDE808409C
:108E50004FF4FC21FFF77EB908BD00BF007007008A
:108E60000A4AD2F800347BB109480023D2F8081529
:108E7000D940C90748BF03F5C07103F1010348BFDA
:108E800042F82100072BF1D1704700BF00000140DC
:108E90003546526EFFF7E4BF044B002282B01A60E1
:108EA0001B680193019B02B0704700BF00010140A5
:108EB00038B50E4C2278BAB90D4BD3F800248AB1DC
:108EC000D3F80455FFF7CCFF40F61650A842B8BFC0
:108ED00028460849A0F54860FFF77EFE064B4FF490
:108EE00080321A600123237038BD00BF3A3200205F
:108EF00000000140958E070000E100E0034BD3F82D
:108F000000340BB1FFF7ACBF704700BF0000014059
:108F10000023C0E90232C0E900118B881A440261C3
:108F2000B1F906301A4442610888003818BF0120A0
:108F3000704710B5426811880346002939D002F104
:108F400010014160148A2CB9C2680168FFF7E0FF84
:108F5000204610BD9078118900F03004302C1BD1D0
:108F6000947C04F03004302C1DD190881969091AC2
:108F700019610021907810F0300F02BF986801301D
:108F80009860908A0844196901441961B2F9162061
:108F9000114459610120DCE700F0F004202C02D1DB
:108FA00050894143E6E700F0C000802808BF042153
:108FB000E0E70846CDE770B5466804460D466368AD
:108FC0001A88AA4204D19B7803F00F03082B07D11B
:108FD0002046FFF7AEFF6368B342F0D1002070BDBA
:108FE0000120FCE743681A44426011B101399A42FA
:108FF00001D10120704713F8010B01F8010FF6E7CA
:109000002DE9F34183680446884623B9002630469B
:1090100002B0BDE8F081036801220DF10701984715
:1090200006460028F2D0A3689DF80750013BA360D4
:109030009DF90730002B1ADA05F07F050727A36892
:10904000002BE3D0236801220DF107012046984749
:109050000028DBD0A3689DF80720013BA36002F045
:109060007F03BB401D43130607F1070702D4C8F86E
:109070000050CCE7232FE2D1C8E770B54268927860
:1090800002F00F01082986B003461FD103691C684E
:1090900000260CB906B070BD236826739D6862680F
:1090A00029466846FFF734FF6368049304F10C0314
:1090B0000593AB7803F0C003802B08BF231D6846DF
:1090C00008BF0493FFF7D9FFA468E2E712F0C001DC
:1090D00020D102F0300010280ED15A6911705A6860
:1090E00018699378D46803F00F03072B09D1014660
:1090F000204600F017F8CDE79006F0D55B6919809F
:10910000C8E71289214614B103F046FCC2E703F018
:10911000DDFCBFE78029BDD1006900219206016016
:10912000B8D5EBE77FB50A4601466846FFF7F0FE83
:1091300030B16846FFF7A1FF6846FFF7FAFEF7E790
:1091400007B05DF804FB000030B5044685B0154655
:10915000A9B90268114B9A4211D0102D06D82A469F
:1091600069462046FFF7F0FF05B030BD1022694682
:109170002046FFF7E9FF0028F6D0103DEDE7A36891
:10918000AB4201D20020EFE723682A4620469847E9
:109190000028F7D0A268521BA260E5E7E58F070020
:1091A000F7B50E4601A907461546FFF729FFA8B1F6
:1091B000019A0123D3184FF0000404D2B17801F0D2
:1091C000C001802901D1204608E031899942FAD3B3
:1091D00029463846FFF7B8FF019BEC5403B0F0BDB9
:1091E00073B50D4601A906461446FFF709FF98B16D
:1091F000019AB2F5803F11D2AB7803F0C003802B07
:1092000002F102010AD02B898B4207D32146304656
:1092100021F8022BFFF798FF02B070BD0020FBE79A
:1092200010B5034C82600022C0E90041C26010BD4D
:10923000E58F07002DE9F341002604460F46B046AE
:109240003546A3682BB3236801220DF107012046A0
:109250009847F0B1A3689DF807C0013B0CF07F026E
:10926000C5F12001A360A5F1200302FA03F322FA5D
:1092700001F10B43AA401CF0800F46EA020643EAC4
:10928000080805F1070502D1C7E9006802E0462D8C
:10929000D7D1002002B0BDE8F08173B50C46694615
:1092A0001646FFF7C7FF68B12389082B0CD1DDE90B
:1092B0000045C6E90045DDE90023AB4206BFA242F6
:1092C0000120002002B070BD042B04D1009B33604C
:1092D0001C460025EFE7022B4FF0000004D1009B55
:1092E00033809CB20546E6E7012BEBD1009B33703F
:1092F00003F0FF04F6E737B50D4669461446FFF75D
:1093000099FF30B12A89082ADDE9003103D1C4E987
:10931000003103B030BD042A18464FEAE37108D18A
:1093200023601A460B468B4206BF82420120002072
:10933000EFE7022A04D11BB223801AB2D317F2E757
:10934000012A03D15BB223705AB2F7E70020E0E7AD
:10935000F7B51F4600233B700D460B70136001A943
:1093600004461646FFF74CFE30B9A36813B9012333
:109370003B70002003B0F0BD019C002CF7D0E30847
:1093800004F0070433602C70F4E713B50446052994
:109390001FD8DFE801F0030F151E1E1C012201A9D2
:1093A0002046FFF7D1FE18B19DF90430002BF5DB04
:1093B00002B010BD082200212046FFF7C5FEF7E7E6
:1093C00001A9FFF71DFE0028F2D0019AF3E704225D
:1093D000F1E70020ECE773B50D4601A90446FFF75D
:1093E0000FFE064618B90026304602B070BD94E85C
:1093F0000F0085E80F0001998A42F4D3A960A368A1
:109400005B1AA360F0E700002DE9F0435768BB78D2
:1094100013F0C00489B006468C46154603D0402C94
:109420006AD000240CE003F00F025F4903F0300320
:10943000202B51F8228026D006D8CBB1102B1CD07F
:10944000204609B0BDE8F083302BF9D16B6939882B
:109450001980072A0AD16B6828691A89214603F006
:1094600035FB6B682969D868FFF75CFE2A6940E024
:109470002A693946C0470446E2E76B6901221A703F
:109480002A696968F6E7BCF1020FD5F8149024D177
:10949000042A22D804A9FFF79EFF04460028C0D062
:1094A000069B2BB16968B9F800304A899A4205D801
:1094B000059B7360069B002BC2D0B2E708892A691E
:1094C00003FB002204A8C04728B1B9F800300133DB
:1094D000A9F80030E4E70446EAE7B9F800307A89F1
:1094E0009A429ED92A693989581CA9F8000003FBC1
:1094F000012269683046BDE7D2F81080474657F828
:10950000043B13B9FFF741FFB5E7022914D104A9C1
:10951000FFF761FF002884D0D8F8003069683A4628
:1095200004A89847044600283FF47BAF069B002B15
:10953000F2D1059B736083E7012925D005292BD043
:1095400000297FF46EAF0C460DF1040901340B2C99
:109550003FF467AF012249463046FFF7F5FD00288A
:109560003FF45FAF19F9013B002BEFDB0F4B049386
:1095700001ABCDE9053400230793D8F800306968C2
:109580003A4604A8984776E7082201A9FFF7DCFDD0
:1095900008240028EAD144E704220DEB0201FFF77A
:1095A000D3FD0424F5E700BF88CF0700E58F07004F
:1095B0002DE9F04F91B00446002604A8CDE90266DB
:1095C000FFF7A6FCA3683BBBDDE9053404A89D7842
:1095D000FFF7AFFC0028F7D115F0300F03D1059B42
:1095E0001B8803B10134002C00F0A980630900221C
:1095F00002A9934240F09C8010AA02EB830304F07E
:109600001F0453F8383CC4F120044FF0FF30E04011
:10961000C31A584258410DE00DF1030301AA0DF1A0
:1096200002012046FFF794FE38B99DF80330002B65
:10963000CAD1002011B0BDE8F08F019904A8FFF74E
:10964000BAFC002850D1019BB3427DD3059D059AF9
:10965000937803F00F03082B7FD004A8FFF769FC71
:10966000059B9D42F3D14FF0FF36019FB7426BD36C
:10967000089B9DF802A0D4F808801D684FF00109EE
:10968000A368002D5DD098459CD12B68D3F800B01D
:10969000BBF1000F08D053463A4629462046D8472A
:1096A0000028C6D0AD68EBE7D3F808B0BBF80030AF
:1096B0009F42F7D16A6859460AA8FFF729FC6B68F0
:1096C0000E9305F10C030F939BF8023003F0C003D7
:1096D000802B04BF2B1D0E930AAA85F80C905146CF
:1096E0002046FFF791FEDBE7059B9B7813F0300FD8
:1096F0000FD1069A3F2A0CD8510910AB03EB810118
:1097000002F01F020123934051F8382C134341F813
:10971000383CE5682DB19DF80220019904AB204644
:10972000A8479DF8021004AA2046FFF76DFE10E03E
:1097300051F8225001357FF47DAF013259E7012005
:1097400078E798457FF43EAF9DF802102046FFF77A
:109750001CFE00287FF436AF6BE7168885E737B527
:109760000C460546114620460192FFF7DBFC019AA4
:109770002146284603B0BDE83040FFF719BF70B559
:1097800086B0CE6801920C4602A90546FFF723FE7B
:1097900068B1E06858B1A378019A03F03003202B38
:1097A000314602A805D1FFF7DAFF039B6B6006B0D4
:1097B00070BDFFF7FDFEF8E7D3B50C466946FFF72D
:1097C00039FD80B1DDE9001300274A0801F00106E8
:1097D00042EAC37256EA07014FEA53031CBFD24361
:1097E000DB43C4E9002302B0D0BD37B50D4669465E
:1097F0001446FFF7E1FF68B12B89082B0CD1DDE996
:109800000001C4E90001DDE900238B4206BF82426A
:109810000120002003B030BD042B03D1009820604C
:10982000C117F0E7022B04D1BDF90000208000B27F
:10983000F6E7012B04D19DF90000207040B2EFE75C
:109840000020E7E713B504220C460DEB0201FFF7F9
:109850007BFC08B1019B236002B010BD1146FFF7ED
:10986000F1BF13B508220C466946FFF76DFC18B12D
:10987000DDE90023C4E9002302B010BD1146FFF763
:10988000F0BF10B513681F2B144607D9002208300B
:10989000FEF78BFB08B92023236010BD48F214505B
:1098A000FBE70830FEF75EBB0830FEF72BBB00007D
:1098B000831F012B10B5044602D8002001F044F8A4
:1098C000034B1B681BB12046BDE81040184710BD74
:1098D0003C32002008B5074B18600020FFF7E8FF76
:1098E000054801F019F820B9BDE80840024800F029
:1098F0007BBE08BD3C320020B19807006EDF704788
:109900006FDF704772DF704773DF704774DF704737
:1099100075DF704776DF70477ADF70477CDF70470E
:109920007DDF70477FDF704786DF70478FDF7047CE
:1099300090DF7047A8DF7047AADF7047ADDF704740
:10994000AEDF7047AFDF7047B0DF7047B1DF704701
:10995000B5DF704762DF704766DF704713DF70471F
:109960007FB50023CDF80B308DF80F300A4BADF8E2
:1099700006109B89ADF8083001238DF80A300DF1EF
:109980000603CDE90430054B02A91888FFF7D8FF7C
:1099900007B05DF804FB00BF8E4200202A2B002098
:1099A00001460148FDF7A5BFBCD2070070B51822DB
:1099B0008CB00DEB0200002103F088F801238DF834
:1099C00018308DF82D30324B1B7828220892002B4E
:1099D0005CD0304B02AA03F110061546186859688E
:1099E000144603C40833B3422246F7D12A4C10224E
:1099F0002946204602F0A0FF002847D002238DF818
:109A00002C30012104F110036846CDE90034FFF742
:109A100075FF0122002101A8FFF772FF04231F4CEC
:109A200002941622A37003230926ADF80420E370E4
:109A300000225923CDE903220592012502226371F8
:109A400001A9FE23A019ADF80C6022706570227187
:109A5000A371FFF765FFB8B9BDF8043026725A1933
:109A6000E271BDF80C200E4C134402A906AA204650
:109A7000ADF80C30FFF746FF30B92078FFF746FF0E
:109A800020782946FFF740FF0CB070BD0623C6E7DB
:109A90000C43002080D10700D0420020A2420020C9
:109AA000282B00202DE9F0410388232B8AB004469F
:109AB00036D80F2B05D8012B00F0EB800AB0BDE89B
:109AC000F081103B132BF9D801A252F823F000BF0C
:109AD000519B07006D9B0700BD9A07003D9C070046
:109AE0008F9D0700BD9A0700BD9A0700BD9A070029
:109AF000BD9A0700BD9A0700E99D0700BD9A0700BF
:109B0000BD9A0700BD9A0700BD9A0700BD9A0700DD
:109B1000BD9A07006F9C0700BD9A07002D9C0700A7
:109B2000503B9AB2062AC9D8062BC7D801A252F8D0
:109B300023F000BF959B07009F9C0700E99D07004D
:109B4000BD9A0700BD9A0700ED9B07007F9C0700A8
:109B5000984B82881A80984A12681C460AB10120E4
:109B6000904796492088FFF7D3FEA7E7914B4FF621
:109B7000FF721A80924B1B685A0704D4FFF716FF36
:109B800008B1FEF7C6FC8C4B1B68002B96D0022058
:109B9000984793E78B4EE288B3889A428ED18A48E1
:109BA000FDF781FE0546002888D0228A04F11201C3
:109BB00002F0F2FE1822002104A802F087FF082319
:109BC0008DF81030814B0693814B0596CDE9073512
:109BD00004A8238AADF8243000F0FCFC00283FF4F0
:109BE0006DAF79482946FDF784FE67E7E188F629DD
:109BF0001AD8CB1E9B070DD0CB1F9BB2013B5A42FC
:109C000002F0030203F0030301F1FF3158BF534296
:109C1000C91A89B2674B1888FFF79AFE00283FF4EB
:109C20004DAFFEF776FC49E7F721F3E7002204A9E0
:109C30008088CDE90422FFF77BFEEFE700235D4C2F
:109C4000ADF812300223ADF81030208802AB04AA20
:109C500042F605210593FFF771FE08B1FEF759FCA6
:109C6000002320881A468521FFF75CFED6E70023F3
:109C700004A98088ADF81030FFF758FECEE7A3792D
:109C8000002B7FF41BAF4B4B13211888FFF742FECC
:109C9000C4E7484B00211888FFF75EFEBEE7A379B2
:109CA000002B3FF40BAF022B7FF408AF454920890E
:109CB0008A8990420E467FF401AFA27B012A7FF48D
:109CC000FDAE00220120CDE904228DF81600208A85
:109CD000384DADF81800608AADF81A0004F1140090
:109CE0000790ADF80A20098A28888DF8103001AF56
:109CF00002AAADF808300397FFF720FEA84660B926
:109D00003846FEF761FD40B940F2FD132888ADF8F2
:109D1000143004A9FFF718FED0E6002304A9B8F810
:109D20000000ADF81430FFF70FFE014600287FF465
:109D3000C5AE182204A802F0C9FE237D234A8DF87F
:109D40001030022B0596069218D0062B10D0012B4E
:109D500010D1204B1A88204B1A80637DD4F816202E
:109D60000893012B099205D11C4800F0EDFD01E09C
:109D7000637D089304A800F02DFC9FE6A27D637D1F
:109D800043EA0223134A1380134A1380F2E7144B69
:109D90001A7862B11349028ACB8D9A4201F104020A
:109DA00005D11C31A0880023FFF7BEFD36E7002156
:109DB000F8E700BF2A2B0020C8420020A6D10700E8
:109DC000C44200208E420020BCD20700BD9E070086
:109DD000A19907000E43002010430020B4D20700D1
:109DE0000C430020CC420020174B1B7833B3174B99
:109DF00017491C88082201232046FFF7A7FD0028E9
:109E00007FF40FAF0246014602232046FFF79EFD76
:109E100000287FF406AF0F4B4FF6FF7219882046DB
:109E2000FFF790FD43F2020398423FF447AE082843
:109E30003FF444AE11287FF4F1AE3FE6A0881A4605
:109E40001946FFF783FDE9E60C4300202A2B00208A
:109E5000044300208E42002038B5134A1368D90706
:109E600001D4002038BD11498842FAD01049088831
:109E70004FF6FF71884211D043F0040313211360A1
:109E8000FFF748FD0028EDD10A4DC82445F0010533
:109E90004FF47A40A847013CFAD1E2E7064B187824
:109EA000BDE83840FFF732BDC4420020B4D20700FD
:109EB0002A2B0020A0D10700282B002010B5044633
:109EC00086B000210D2202A8019102F0FFFD237847
:109ED000082B0BD1364A374913880988013B9BB2BE
:109EE0001380D9B1D3B9032311802370627823780A
:109EF0008DF805306021012A8DF804108DF80620B8
:109F00000ED00B2A12D100F0AFF98DF80700002017
:109F100000F0A4F9042101A8FFF722FD06B010BD4E
:109F2000062B05D0082B29D0032B27D00321F2E7DD
:109F3000E1688DF80710D4E90123080A8DF80800BC
:109F4000080C090E8DF80A10110A8DF80B208DF8F7
:109F50000C10110C120E8DF80E201A0A8DF80F300D
:109F60008DF810201A0C1B0E8DF80D108DF80900BD
:109F70008DF811208DF812300F21CCE7D4E90123A0
:109F8000110A8DF807208DF80810110C120E8DF8AB
:109F90000A201A0A8DF80B308DF80C201A0C1B0EB3
:109FA0008DF809108DF80D208DF80E300B21B2E7D9
:109FB000104300200E4300202DE9F0414D4B94B09A
:109FC00005464FF6FF721A8001204FF659632A4664
:109FD00002A98DF80A00ADF80830FFF7ABFC044683
:109FE000002840F08380444B04AA03F11007164672
:109FF00018685968144603C40833BB422246F7D197
:10A00000A91C3046FFF7A6FC044600286ED11C228E
:10A0100001460DA802F05AFD04F0F8029DF8343014
:10A02000ADF8044042F003028DF80620F42243F01C
:10A030000403CDE90A44ADF82C20304A8DF83430C1
:10A040000223ADF80C3092F80080AB788DF80E301A
:10A0500001AE212303AFCDE908768DF805300C94CD
:10A06000B8F1000F04D1012262F307138DF8053017
:10A070002B4608AA33F8040B0DA9FFF75DFC044634
:10A08000A0BB01461C220DA802F020FD9DF8343033
:10A09000ADF8044023F0180343F0180304F0E8027D
:10A0A00042F013028DF83430AB788DF80E30012178
:10A0B00021238DF806201722CDE90A44CDE9087640
:10A0C000ADF80C108DF805300C94ADF82C20B8F1DB
:10A0D000000F03D161F307138DF805302B4608AA52
:10A0E00033F80C0B0DA9FFF727FC0446204614B0EB
:10A0F000BDE8F0812A2B002090D107000C430020FE
:10A1000073B5354D2B6813F0010403D000242046AD
:10A1100002B070BD314E30603148FDF7ADFB0194A7
:10A1200000F0BDF804460028F1D12E48FFF716FCD8
:10A1300004460028EBD101F059FA04460028E6D184
:10A1400001A801F021FB04460028E0D101A901206B
:10A1500001F024FB04460028D9D101A801F082FBBC
:10A1600004460028D3D100F093FB1F4B002830D0C9
:10A170001E4A126A012A2CD11D481A7000F07CFB7D
:10A1800011231C488DF8043002F0FAFC194982B200
:10A1900001A8FFF7C3FB04460028B8D11648FFF713
:10A1A000BBFB04460028B2D11448FFF705FF044664
:10A1B0000028ACD1FFF7FAFB04460028A7D12B6892
:10A1C00043F001032B603368002B9FD00920984790
:10A1D0009DE700221A70D3E7C4420020C842002045
:10A1E000BCD20700007007000C430020CC4E0020BA
:10A1F000CC42002078D10700A6D107008E42002073
:10A2000043690BB1C06818477047000010B4054996
:10A21000054C0022904218BF214604485DF8044BCB
:10A22000FDF781BBC0CD0700ECCD0700A02B0020BF
:10A2300007B5009313460A4601460348FDF777FB2E
:10A2400003B05DF804FB00BFA02B002013460A46B4
:10A2500001460148FDF772BBA02B0020014B18708E
:10A260000B20704712430020024B002218781A700E
:10A27000704700BF1243002018DF704730B585B02B
:10A28000054610220C466846002102F01FFCA40877
:10A29000684601950294FFF7EFFF05B030BD1FB58A
:10A2A0000023CDE901330393684602230093FFF7AF
:10A2B000E3FF05B05DF804FB4FF000534FF480520C
:10A2C0001A60002070470000014B06201B681847E9
:10A2D0001C4300200A2803D90B38C0B2FFF7BEBFC9
:10A2E0007047000010B5044686B00020FDF72EFB35
:10A2F000014630B1164A18212046FDF709F906B08B
:10A3000010BD1822684602F0E1FB0423114A8DF8C3
:10A310000030114B116D1B68994211D10F4B186819
:10A3200000F0F4FF8DF80100FFF7D4FFD4E901132A
:10A330008DF8010068469847094800F061FADEE7A9
:10A3400001238DF801306846D4E901139847D6E718
:10A35000E5A20700CC4E0020144300201843002043
:10A36000C9A20700F0B5044687B01822002168464C
:10A3700002F0ACFB22788DF8002001238DF801302B
:10A38000531E0B2B00F20C81DFE813F01100330099
:10A39000110011000A0111000A0111000A010A014D
:10A3A0000A010C007F4B1B680720984721E0062A12
:10A3B0007D4901D0012A01D122690A700A78012A57
:10A3C00004D0022A51D000230B7094E0072B10D840
:10A3D000DFE803F0040F452F0F420F1C714B0320E1
:10A3E0001B689847606900F06BFDFFF773FF8DF8FD
:10A3F0000100D4E90113684698479DF80130012B0C
:10A4000000F0C380674B05201B68BDE0A18A20696E
:10A4100000F06EFDFFF75EFF644B8DF80100DA6B14
:10A420001B6C0293E3680192002BE2D020699847ED
:10A43000DFE75F495F4800F0A7FDFFF74BFF01280A
:10A440008DF80100D5D1002000F0DAF90028D0D035
:10A450000A238DF80130CCE74FF400730393534B7C
:10A46000DA6B1B6C01920293C3E7072BC1D801A2E0
:10A4700052F823F095A40700F3A3070059A507009D
:10A4800065A50700F3A307008FA50700F3A3070046
:10A49000FBA4070000F04CFD08B90823D9E7626966
:10A4A0000AB90323D5E7C2F30B0333B13F4B40494D
:10A4B0005B6D096813448B42F3D1B2F5805F01D91B
:10A4C0000423C6E7394B3A49586D096815188D427F
:10A4D000E3D85A64DA6C9A6418651863354B61697D
:10A4E0001B6801F6FF710022090B1844FFF7AEFE4E
:10A4F00000283FF47EAF0523ABE700F019FD0028EC
:10A50000CBD02A4DA18AD5E914329B1A6A6C0B4430
:10A510009342C6D8274B2F6B1B68206905F1480270
:10A520001F44FDF7C5F8E368A28A2169064638464C
:10A53000FFF77EFE08B1E36878E7A28A2B6B13442D
:10A540002B63A38A2A6DAE641344CDE901362B65D3
:10A55000144B08201B6828E7144B9A6C1B6D029261
:10A56000019346E7114BD3E91402596C821A8A42CF
:10A5700093D19A6C5865002120465964DA64FFF73C
:10A58000B1FE084B1B680420984707B0F0BD074B8D
:10A590009A6C1B6D01934FF480530292039328E74A
:10A5A000022356E71C4300202C2B0020CC4E002019
:10A5B0001443002018430020044B054A186D6423FF
:10A5C00043431068B3FBF0F0704700BFCC4E00204F
:10A5D0001443002083681BB1024A1821FCF798BF7E
:10A5E0000720704765A3070038B50546C0B10120B4
:10A5F000FFF70CFE044648B900F054FC00F098FC4C
:10A6000030B9084B00201D60FFF728FE204638BDFA
:10A610000549064800F0B8FC0128F2D00324F5E70C
:10A620000724F3E71C4300201443002018430020B4
:10A630002DE9F04115464FF46072064688461F46E4
:10A6400002F07AF928B915B90020BDE8F081A847D1
:10A65000FAE7002201213046FFF7F8FD70B94FF408
:10A6600060724146384602F097F92B464FF460720B
:10A6700039463046FFF7DCFD0028E5D00320E4E74B
:10A680002DE9F0413D4C236801335CD00022582174
:10A69000201DFDF70DF8D4F80080A8EB0002D2F1E0
:10A6A000000848EB0208364D364E2F683B680133F0
:10A6B0005ED000225821381DFCF7FAFF3B68834228
:10A6C00044D17C68012C0AD00022C32107F5187000
:10A6D000FCF7EEFFD7F85C42231A5C425C41B8F10C
:10A6E000000F35D0254927484FF4607202F054F925
:10A6F00064B1296824485422043102F04DF92968D4
:10A7000022484FF432725C3102F046F97468012C31
:10A710002CD11F49402201F5E47002F03DF91D499A
:10A720001C2201F5E47002F037F91B4986F8A142BA
:10A730000023042201F2862086F8603286F8E23295
:10A7400002F02AF910E04FF00008ACE70024C6E759
:10A7500024B129680B484FF46072D5E709484FF4DB
:10A760006072002102F0B2F902237360BDE8F0814B
:10A77000B8F1000FF2D00024B4E700BF00F00700EA
:10A78000302B0020CC4E0020D04E0020284F00203F
:10A790002850002068500020E84E002070B50D4C75
:10A7A0000546002258212046FCF782FF002244F88B
:10A7B000040CC32104F51770FCF77AFF261FC4F8B8
:10A7C00058022A463146044B0448BDE87040FFF762
:10A7D0002FBF00BFD04E00202043002000F0070014
:10A7E00002460248024B0068FFF722BF302B0020D0
:10A7F000A04600200149FFF7F3BF00BF00F00700AB
:10A8000038B505460020FFF7C9FF044618B90349CB
:10A810002846FFF7E5FF204638BD00BFCC4E00209C
:10A8200010B5FFF7F3FC044628B9FFF729FF2046CF
:10A83000FFF7E6FF00B1032010BD29DF70470000DD
:10A8400038B50C4D0446D5F8243378B101330FD117
:10A8500000223C210430FCF72BFF2060214605F547
:10A8600049701022BDE83840FFF7E7BF0E2038BD21
:10A870000820FCE700F0070008B528B10349402292
:10A8800002F08AF8002008BD0E20FCE724F3070040
:10A8900010B5064C00223C212046FCF709FF54F875
:10A8A000043C1B1A5842584110BD00BF28F3070052
:10A8B00038B50C4D0446D5F8643378B101330FD167
:10A8C000002218210430FCF7F3FE2060214605F534
:10A8D00059700722BDE83840FFF7AFBF0E2038BDE2
:10A8E0000820FCE700F0070010B50A4CD4F8243328
:10A8F000D4F864231340013309D04FF4FE20FDF750
:10A9000011FCC92221464FF4FE20FDF739FC00203E
:10A9100010BD00BFCC4E0020F8B5094E094CA41B59
:10A920000746E4080025A54201D10020F8BD56F8ED
:10A930003530384698470028F8D10135F3E700BF95
:10A94000B4D20700BCD20700F8B5094E094CA41BCD
:10A950000746E40800250436A54201D10020F8BDD1
:10A9600056F83530384698470028F8D10135F3E7D6
:10A97000B4D20700BCD2070008B50C22002102F0B7
:10A98000A5F8024B00221A6308BD00BFCC4E002080
:10A9900043F204031A68084B9A4201BF43F20803CA
:10A9A000186800F6FF7020F47F600CBF20F00F00E5
:10A9B0004FF48050704700BFDBE5B15108B5FFF799
:10A9C000E7FF054B9B69184400F6FF7020F47F6099
:10A9D00020F00F0008BD00BFCC4E00204FF4805087
:10A9E000704700002DE9F74F0193244BDFF894B036
:10A9F0001B6ADFF894900093054616464FF0000856
:10AA000043F2040AB8F1010F5FFA88F714D0022F5D
:10AA10001FD0FFF7D3FF6EB1009B013B5C425C414E
:10AA2000A9EB0000A84200D3F9B1B4B1A8421CD2EE
:10AA300004201FE03446F3E7FFF7AAFF019B33B978
:10AA4000DAF80040B4EB0B0418BF0124E8E74446F1
:10AA5000E6E701244FF48050E2E708F10108B8F17D
:10AA6000030FCFD1A842E3D300E017B10448FFF7AA
:10AA700083FF002003B0BDE8F08F00BFCC4E002064
:10AA8000E44E0020DBE5B1510040070090F855206E
:10AA900012F0FB0F07D190F8643023B1836ECBB175
:10AAA0000B600120704712F0010303D090F856307C
:10AAB00003B1836D9207F2D590F85C20002AEED0A6
:10AAC000054A006EC2F5FC22904201D80344E6E735
:10AAD000042070470F2070470070070010B5084C25
:10AAE0004FF40072FF21204601F0F0FF20220021E8
:10AAF000A4F1240001F0EAFF002344F82C3C10BD2F
:10AB0000284F00202DE9F0475A495B48DFF888813B
:10AB1000DFF88891DFF888A1584C92B00C2201F040
:10AB20000BFF064600284CD15349382204A801F0F7
:10AB300033FF4FF447723146204688F80060C9F869
:10AB40000060CAF8006001F0C1FF079D012D58D1D7
:10AB50004FF48073A3803423636143F20C0384F8C1
:10AB60006C612570A5712572E560257425831B88AD
:10AB7000E361089B2367032384F87630099BA4F8DC
:10AB80005C5084F85E50266684F86450A66684F8AB
:10AB90006C5084F87450A4F8783020220AA904F18B
:10ABA0007A0001F0F9FEA4F89A50A4F89C5084F8B9
:10ABB0009E60A4F8A06088F800500834304B1C60F8
:10ABC00020E03049304E8A6B6F465C313846FEF7E4
:10ABD00027FB97E80F0086E80F0000212B4B88F831
:10ABE00000104FF447722046C9F80010CAF8001050
:10ABF000F36001F06BFF264922463046FEF7AFFDB9
:10AC000020B90025284612B0BDE8F08798F800501A
:10AC1000002DF6D094F86C3194F800801BB3B8F195
:10AC2000000FEED194F87231002BEAD0DAF8002050
:10AC3000D9F800103846FEF7F3FA97E80F0086E8D7
:10AC40000F004FF4B272414604F5BA7001F03EFFB6
:10AC5000104904F5BA723046FEF781FD0028D0D0C5
:10AC600004F5BA74AAE7B8F1000FCAD0A379002B93
:10AC7000A3D1C6E7AED10700284F0020504A0020DC
:10AC8000284E0020CC4E00206C4D0020A5AC0700C3
:10AC900008D1070054D007004C4A0020484A002041
:10ACA000444A002030B55B68DA680D4B9A4208D1FF
:10ACB0000C490A6812B90C4A14681CB10B4B0022EB
:10ACC0001A7030BDD0E90134181913F9015B002D59
:10ACD000A0EB0304F9DB0B601460044B0122EFE7E7
:10ACE00054D00700484A0020444A00204C4A002023
:10ACF00010B543F2040319491C688C4202462BD05C
:10AD000042F20403C358581A434243418C42184646
:10AD100021D142F20403D358A3421CD14FF4405333
:10AD200002F500511B780978142B81BF43F21403FC
:10AD30000B481B68B3FBF0F398BF0023142989BFAD
:10AD400042F2140100205058054A88BFB0FBF2F0CF
:10AD5000181A18BF012010BD0023D7E7DBE5B15159
:10AD600040420F0000B591B0FDF7F6FA6846084979
:10AD70002022FDF724FB6A46064907484023FDF7D9
:10AD800043FA064B01221A7011B05DF804FB00BFB4
:10AD900018CF07007C4D00200CCF0700204A002070
:10ADA000F0B5A3B007460D4614461E467822202370
:10ADB000002104A8029301F089FE00230393194B9C
:10ADC0001B780BB9FFF7CEFF2DB337BB02AB164F85
:10ADD00001931649289B0097324604A8FDF7A2FA72
:10ADE000E8B9402C1BD1124E22462946304601F0CC
:10ADF000D3FD20213046FDF7EEFACDE90064029B39
:10AE00000C493A4603A8FDF71BFA00280CBF0120A5
:10AE1000052023B0F0BD1320FBE71620F9E70A2038
:10AE2000F7E700BF204A0020C44D0020ACCF070048
:10AE3000E44D00207C4D0020F0B5ABB004460D463B
:10AE400016461F467822202300210CA8039301F008
:10AE50003DFE114B1B780BB9FFF784FF2FB1214644
:10AE6000202204A8FDF7A0FA04AC03AB0B4F01931A
:10AE70000B49009733462A460CA8FDF753FA48B908
:10AE800020222146384601F057FDB0FA80F04009F3
:10AE90002BB0F0BD0020FBE7204A0020214A002013
:10AEA000ACCF070008B5044B986B08B1FFF72AFE3A
:10AEB000024B187008BD00BFCC4E0020244E00206D
:10AEC00010B5044658B1B0F5007F0AD8064B0022F1
:10AED0001A70FFF703FE054B01209C6310BD032091
:10AEE000FCE70420FAE700BF244E0020CC4E0020EF
:10AEF00070B50E4C0646E06BA36B42189A420D46A5
:10AF000011D85C300A462044314601F045FDE36B20
:10AF100004F140022B4429463046E363FCF7C8FBAA
:10AF20002064012070BD0320FCE700BFCC4E002050
:10AF3000014B1878704700BF244E002013B50F4C0A
:10AF400094F86C31B3B10E4B1B6800930D4BB4F801
:10AF5000DA221B6894F8D80204F53771FFF720FF56
:10AF6000012809D104F5B874201D02B0BDE81040D5
:10AF700000F0D0B90434F7E702B010BD504A002009
:10AF8000444A0020484A00202DE9F843DFF8888031
:10AF9000D8E90E329A4206460D4637D1DFF87C904A
:10AFA00099F800704FB1FFF709FD1A4B3060294640
:10AFB0001868BDE8F843FFF769BDFFF7A3FD38B394
:10AFC000FFF7BCFF0128376004462F601BD1114BEF
:10AFD00029461868FFF75AFD0128044613D198F84E
:10AFE000A112B1FA81F103463A4628684909FFF7F0
:10AFF000F9FC38B9FFF7E2FC89F8004030602046E0
:10B00000BDE8F8830424FFF769FDF8E70824F6E7B4
:10B010000524F4E7284E0020CC4E0020244E0020CA
:10B0200010B490F86C305BB190F86E404CB1B0F851
:10B03000704034B15DF8044B01237230FFF7FCBE61
:10B04000012318465DF8044B704713B504460846C3
:10B0500023781146032B03D8DFE803F021050F18EE
:10B06000002002B010BD0022D4F80140FCF720FB04
:10B07000844214BF00200120F3E70A460023014662
:10B08000601C02B0BDE81040FFF7D6BE0091034639
:10B090004022611C0020FFF783FE0128E9E7012020
:10B0A000DFE700002DE9F041A2B004460D46164648
:10B0B000002178221F4604A8202303939DF8A08036
:10B0C00001F004FD41220021204601F0FFFCB5F80B
:10B0D00094300BB195F8968084F80080B8F1030F96
:10B0E0001ED8DFE808F00902111F00223946304659
:10B0F000FCF7DEFAC4F801003A4631462046FFF775
:10B10000A4FF22B0BDE8F08103AB0193631C009360
:10B1100008493B46324604A8FDF704F90028EBD065
:10B120000020EEE7B5F8982005F19A01601C01F0C7
:10B1300033FCE1E7ACCF07002DE9F0476D4B1D680C
:10B14000A4B004460F4690460A4601462846FFF73B
:10B1500067FF002800F0CC8095F855601EBB4FF0CB
:10B160000109CDF800903B462246294613A8FFF777
:10B1700099FF00287FD0B8F1000F6DD041225E48C2
:10B1800013A901F009FC5D4BC3F82C901E626A689C
:10B190009A60002239462046FCF78AFA574B01256F
:10B1A000C3E909709FE04122002102A801F08EFC52
:10B1B00006F001094122002113A806F0020601F061
:10B1C00085FCB9F1000F4BD042F20403E15803F1C2
:10B1D000A34303F5471303F2D75399424BD1D5F854
:10B1E00058A00AF5FF520AF6FF73C3F30B031F3290
:10B1F000D21A42F20803E35893423CD343F20403C9
:10B200001B688B4213D14FF440531B78102B8ABF1D
:10B2100043F2100300221A6804F500531B78102B28
:10B220008ABF42F210030023E3589A4223D12046FA
:10B23000FFF75EFD00B1F6B10123009322465346AD
:10B24000294602A8FFF72EFFA8B1AB6DE218FB1A42
:10B250004EB9B8F1000F18D1284B01255D6110E0FF
:10B260003B462246F4E70021009113A82946FFF748
:10B2700019FF0028EDD10525B8F1000F30D1FFF7F7
:10B280002DFC284624B0BDE8F087DFF87080B9F1C6
:10B29000000F21D02046FFF72BFD18B108F1180050
:10B2A000FFF76AFB1648412202A901F075FB002E48
:10B2B00014BFAC23A523C8F82C30AB6DC8F83430CC
:10B2C000002E3FF466AF0F48412213A901F064FB42
:10B2D0006B68C8F80C305CE7AA23C8F82C30EFE79D
:10B2E0000948FFF749FBFFF7F9FB044B9C64C8E7EB
:10B2F0001725C1E7284E00206D510020CC4E0020BC
:10B300002C510020AE510020F04E00200122FFF70A
:10B3100013BF0000F0B590F854200346002A51D026
:10B3200090F8550003284DD893F86E20032A47D192
:10B330001A7A002A46D0DA68342A45D143F2040149
:10B340001A8A0C6821498C422AD152B15969E9B153
:10B35000D2B2002103F1140543F20C06CCB2A24292
:10B3600001D8122011E055F821703488A74201F16C
:10B370000101F3D11A78FAB101285B68144A15D893
:10B380009068834234BF10200120F0BD10B9012A1B
:10B39000E7D8EFE7421E18BF0122002AEAD1E0E712
:10B3A00012B15A69002ADCD11A78F6E7D0688342D4
:10B3B0008CBF01201020E8E7012818BF0F20E4E728
:10B3C0001420E2E70F20E0E71120DEE7DBE5B151D2
:10B3D000CC4E002038B1054B0360054B4360012380
:10B3E0000372002070470E20704700BF61B4070051
:10B3F00015B4070038B1054B0360054B43600123CA
:10B400000372002070470E20704700BF91B4070000
:10B410003BB4070069B10B78022B0CD1022804D091
:10B42000032814BF08201120704703230B7000204D
:10B4300070470E2070470820704769B10B78022BC7
:10B440000CD1022804D0032814BF08201120704713
:10B4500003230B70002070470E20704708207047B0
:10B4600010B50C4681B10B78012B06D00ED9033BE9
:10B47000012B94BF0820112010BDFFF7E1F900282F
:10B48000FAD102232370F7E70E20F5E70820F3E74F
:10B4900010B50C4681B10B78012B06D00ED9033BB9
:10B4A000012B94BF0820112010BDFFF701FA0028DE
:10B4B000FAD102232370F7E70E20F5E70820F3E71F
:10B4C00070B5144B144A0C21D21AB2FBF1F2816907
:10B4D00011F8025C044635B900690021914205D19A
:10B4E000012323600EE04FF0FF30F6E71E68AE4206
:10B4F0000CD1461C07D19D68D4E90001D4E9022390
:10B50000A847206070BD5E688642F4D001310C33DC
:10B51000E4E700BFD0D20700E8D207001EF0040F16
:10B520000CBFEFF30880EFF30980FFF7C9BF00BF3E
:10B5300010DF704711DF704713B5044609496846AC
:10B54000FCF72CFC019808B902B010BDD0E900212D
:10B550002046904718B16846FCF729FCF2E7112015
:10B56000F2E700BFC0D1070013B50446074968469B
:10B57000FCF714FC019B0BB902B010BD2046D3E9C7
:10B58000002190476846FCF712FCF3E7D8D107008A
:10B59000064B9A6822B11A6822F480021A6070473A
:10B5A000034B4FF48002C3F880207047C04E002048
:10B5B00000E100E00B4991F816335A09EC231341DE
:10B5C000DB0706D5084B9A683AB94FF480030B6045
:10B5D000704742F20200FCF79CBF1A6842F48002F6
:10B5E0001A60704700E100E0C04E0020F7B5194F27
:10B5F0003C7864BB184E012520463570FFF79CFF50
:10B60000112821D02046FFF7AFFF144B8DF80340DF
:10B61000186801900DF10300FCF710F8104901A81B
:10B62000FFF786FF0446B0FA80F0400938709DF8B5
:10B630000300FCF727F83CB90A4B34701C70FFF785
:10B64000B9FF2846FFF790FF204603B0F0BD08245D
:10B65000FAE700BF2D4E00202C4E0020BBD1070082
:10B660000D8507002E4E0020F7B5154F3B781BB314
:10B67000144E01203070FFF75FFF11284FF00005D6
:10B680001CD00220FFF770FF0DF107008DF8075066
:10B69000FBF7D4FFFFF74EFF04469DF807003D700F
:10B6A000FBF7F0FF2CB93470FFF772FF0320FFF7B0
:10B6B0005BFF204603B0F0BD0824FAE72C46F8E70C
:10B6C0002D4E00202C4E0020054B1B7833B1054B2E
:10B6D0001B780BB1FFF7C8BFFFF788BF0820704782
:10B6E0002C4E00202D4E0020014B1878704700BFD3
:10B6F0002D4E002007B508496846FCF74FFB019B1B
:10B7000013B903B05DF804FBD3E900209047684605
:10B71000FCF74DFBF3E700BFCCD10700FFF7EABF12
:10B7200060DF704769DF704761DF704730B5114DEA
:10B73000ADF5017D4FF4FA740DF1020103A8ADF8E7
:10B740000240FFF7F1FF70B9294601A8FCF726FB7C
:10B75000029B002BF0D003A8D3E90021904701A859
:10B76000FCF725FBF4E7052801D0FCF7D2FE0DF528
:10B77000017D30BDE4D10700024B1B780BB1FFF710
:10B78000D5BF70472F4E002018B1034B0360002037
:10B7900070470E20704700BFE82A00207FB506469C
:10B7A0000C46002959D02E4B0B600C22002101A819
:10B7B00001F08CF9012506232268ADF8083001A9B3
:10B7C00020208DF804608DF80650FFF7ABFF0C22A7
:10B7D000002101A801F07AF922688DF8055001A92D
:10B7E0004020FFF79FFF0C22002101A801F06EF915
:10B7F000F7232268ADF8063001A923208DF80460F4
:10B80000FFF790FF0C22002101A801F05FF92268E8
:10B810008DF8045001A92846FFF784FF0C2200216F
:10B8200001A801F053F94FF4B0632268019301A914
:10B83000A120FFF777FF0C22002101A801F046F9B3
:10B840009DF8043022682B4301A9A0208DF8043014
:10B85000FFF768FF002004B070BD0E20FBE700BFBB
:10B86000E82A002008B5FFF75BFF10B9014B012261
:10B870001A7008BD2F4E00204BDF70471FB50D4CCE
:10B8800001A8FFF7F9FF70B9214602A8FCF786FA74
:10B89000039B002BF4D00198D3E90021904702A824
:10B8A000FCF785FAF4E7052801D0FCF732FE04B076
:10B8B00010BD00BFF0D107008B1802448B4200D1AD
:10B8C000704713F8010D02F8010DF7E700000000C2
:10B8D000C3F10803DB0070B501330446002003A563
:10B8E0005B1920C940CAAD1920C4184720C940CAF5
:10B8F000754120C420C940CA754120C420C940CA2E
:10B90000754120C420C940CA754120C420C940CA1D
:10B91000754120C420C940CA754120C420C940CA0D
:10B92000754120C4404170BD0000000000000000CF
:10B93000C3F10803DB0070B50133002403A500BF89
:10B940005B1920C940CAAD1B20C0184720C940CA96
:10B95000B54120C020C940CAB54120C020C940CA55
:10B96000B54120C020C940CAB54120C020C940CA45
:10B97000B54120C020C940CAB54120C020C940CA35
:10B98000B54120C06441B4FA84F0400970BD00BFE5
:10B990002DE9F04F08B4F8CA04B451F8042BA3FB06
:10B9A000028940F8048B4FF0000AE4FB629A4FF0E2
:10B9B000000BE5FB62AB4FF0000CE6FB62BC4FF006
:10B9C000000EE7FB62CE51F8042B4FF00008E3FBBA
:10B9D000628940F8048BE4FB629AE5FB62ABE6FB0C
:10B9E00062BCE7FB62CE51F8042B4FF00008E3FB8A
:10B9F000628940F8048BE4FB629AE5FB62ABE6FBEC
:10BA000062BCE7FB62CE51F8042B4FF00008E3FB69
:10BA1000628940F8048BE4FB629AE5FB62ABE6FBCB
:10BA200062BCE7FB62CE51F8042B4FF00008E3FB49
:10BA3000628940F8048BE4FB629AE5FB62ABE6FBAB
:10BA400062BCE7FB62CE40F8049B40F804AB40F8D0
:10BA500004BB40F804CB40F804EB0CBC052B00F011
:10BA60001E810C68A0F11400A1F11401A2F11402CE
:10BA700052F804EB4FF0000550F8046BE4FB6E56EF
:10BA800052F804EB50F8047BE4FB6E6752F804EBC9
:10BA900050F8048BE4FB6E7852F804EB50F8049BEA
:10BAA000E4FB6E8952F804EB50F804ABE4FB6E9AA9
:10BAB000A0F1140052F8044B51F804EB4FF0000CC5
:10BAC000E4FB6EC540F804CB51F804EBE4FB6E5682
:10BAD00040F8045B51F804EBE4FB6E6740F8046B3C
:10BAE00051F804EBE4FB6E7840F8047B51F804EB6A
:10BAF000E4FB6E8940F8048B51F804EBE4FB6E9A8A
:10BB0000A0E80006062B00F0CA800C68A0F118001F
:10BB1000A1F11801A2F1180252F804EB4FF0000550
:10BB200050F8046BE4FB6E5652F804EB50F8047BBB
:10BB3000E4FB6E6752F804EB50F8048BE4FB6E787C
:10BB400052F804EB50F8049BE4FB6E8952F804EBC6
:10BB500050F804ABE4FB6E9A52F804EB50F804BBC7
:10BB6000E4FB6EABA0F1180052F8044B51F804EB63
:10BB70004FF0000CE4FB6EC540F804CB51F804EB29
:10BB8000E4FB6E5640F8045B51F804EBE4FB6E678F
:10BB900040F8046B51F804EBE4FB6E7840F8047B4A
:10BBA00051F804EBE4FB6E8940F8048B51F804EB88
:10BBB000E4FB6E9A40F8049B51F804EBE4FB6EAB97
:10BBC000A0E8000C072B6AD008B40C68A0F11C0098
:10BBD000A1F11C01A2F11C0252F804EB4FF0000588
:10BBE00050F8046BE4FB6E5652F804EB50F8047BFB
:10BBF000E4FB6E6752F804EB50F8048BE4FB6E78BC
:10BC000052F804EB50F8049BE4FB6E8952F804EB05
:10BC100050F804ABE4FB6E9A52F804EB50F804BB06
:10BC2000E4FB6EAB52F804EB50F804CBE4FB6EBCC3
:10BC3000A0F11C0052F8044B51F804EB4FF0000344
:10BC4000E4FB6E3540F8043B51F804EBE4FB6E5620
:10BC500040F8045B51F804EBE4FB6E6740F8046BBA
:10BC600051F804EBE4FB6E7840F8047B51F804EBE8
:10BC7000E4FB6E8940F8048B51F804EBE4FB6E9A08
:10BC800040F8049B51F804EBE4FB6EAB40F804ABC6
:10BC900051F804EBE4FB6EBCA0E8001808BCBDE85A
:10BCA000F08F002310B51C465AB2914200DC10BD43
:10BCB00040F823400133F7E710B500231A465CB281
:10BCC000A14203DCB2FA82F0400910BD50F82340D3
:10BCD00001332243F3E74A11012350F8220001F017
:10BCE0001F0103FA01F108407047013910B549B24C
:10BCF000041D0A06CBB204D4013954F82120002ACD
:10BD0000F7D001335BB273B103F18042013A50F8CE
:10BD10002220002022B9013B00EB431318B210BDD2
:10BD200052080130F6E71846F9E710B500235CB277
:10BD3000A24200DC10BD51F8234040F823400133FB
:10BD4000F5E710B5013A52B2130601D5002010BD37
:10BD500050F8224051F822309C4205D802F1FF32BF
:10BD6000F2D24FF0FF30F2E70120F0E700EB810163
:10BD70000023884200D3704751F8042D43EA520350
:10BD80000B60D307F5E737B51D469DF918300193D1
:10BD90000446FFF79DFD019B38B91A462146284607
:10BDA000FFF7CFFF0128019B07D02A4621462046F6
:10BDB00003B0BDE83040FFF7BBBD03B030BD37B5C1
:10BDC0001D469DF9183001930446FFF7B1FD019B14
:10BDD00038B12A462146204603B0BDE83040FFF77F
:10BDE00077BD03B030BD2DE9F04FB5B004AC9DF97F
:10BDF000F8501E4680462B462046FFF7C9FD24AB6F
:10BE000029463046CDE90234FFF76FFFC0EB8510BD
:10BE100004B2002C2146B8BF04F11F01634241F374
:10BE2000471103F01F0314A804F01F0758BF5F4217
:10BE3000FFF737FF002F08B22BDD14AB002203EB16
:10BE40008001C7F1200E1346AB4217D36B0001935C
:10BE500014AB03EB85096F1E34AB012603EB870798
:10BE6000002C54DA34AB03EB86062A4656F8C81C7D
:10BE70004046FFF75AFF35B0BDE8F08F56F823C0B3
:10BE80000CFA07F0024341F8042B01332CFA0EF2AE
:10BE9000DAE714AB2A46314603EB8000FFF745FF93
:10BEA000D4E70FFA82FE5AF8C83C53F82EB034ABF0
:10BEB00003EB8202013052F8803C0B44BBEB0303DE
:10BEC00034BF012200229B4518BF11465CF8C82CE4
:10BED00042F82E30019B42B29A42E2DB731A5E4274
:10BEE000294614A85E41FFF741FF34AB03EB8503FD
:10BEF000294653F8802C57F8803C484643EAC273E1
:10BF0000013C47F8803C24B2FFF730FFA8E734AB90
:10BF10000020C6F1010C014603EB860A03EB8C0CF2
:10BF2000D8E730B51C4691B0054693F90030684615
:10BF3000FFF72EFDD4F8AC3069462846984711B07B
:10BF400030BD13460A46FFF7ECBF2DE9F04793F9E1
:10BF5000006092B0044689461046314615461F4699
:10BF6000FFF7AAFE002840F091803A46494602A811
:10BF7000FFF7E7FF3B4602AA21460AA8FFF7D1FFD9
:10BF800002A908463A46FFF7DCFF3B462A464946E7
:10BF90004846FFF7C6FF07F104083A4629462846F7
:10BFA000FFF7CFFF43462A46214620460096FFF77B
:10BFB000EAFE43462A46294628460096FFF7E3FE56
:10BFC00043462A46214628460096FFF7F8FE3B46A0
:10BFD0002A4621462046FFF7A4FF43462246214633
:10BFE00028460096FFF7CFFE434600962A46214694
:10BFF0002046FFF7C8FE2368DB074AD53346424692
:10C0000021462046FFF764FC314682462046FFF772
:10C01000ADFE06F18043013B54F8232042EACA7288
:10C0200044F823203A4621462846FFF78AFF434634
:10C030000AAA294628460096FFF7C1FE43460AAAE7
:10C04000294628460096FFF7BAFE0AA90846434645
:10C050002A460096FFF7B3FE3B460AAA2146204631
:10C06000FFF75FFF02AA4346104621460096FFF7FE
:10C07000A6FE324629462046FFF757FE4946284687
:10C08000FFF753FE02A94846FFF74FFE12B0BDE886
:10C09000F08731462046FFF769FEC3E72DE9F041FE
:10C0A00015468AB004460E461C22002103A800F063
:10C0B0000DFD2F1D95F9008003232A4631462046A9
:10C0C0000293FFF73EFF3B4602AA21462046CDF8E9
:10C0D0000080FFF774FE2B46324621462046FFF7CC
:10C0E00020FFCDF800803B4605F184022146204622
:10C0F000FFF749FE0AB0BDE8F08100002DE9F042EB
:10C10000082288B00C468146FFF70FFECB6A0393E6
:10C110000B6B04934B6B05938B6B0693CB6B079365
:10C12000002708236A4669466846CDE901770097EB
:10C13000FFF7CEFB082305466A4649464846FFF707
:10C14000C7FB236B0393636B0493A36B0593E36BB0
:10C150000544CDE906376A46082369466846FFF775
:10C16000B7FB082305446A4649464846FFF7B0FB3B
:10C17000236A0093636A0193A36A0293A36B0693F5
:10C18000E36B0793054408236A4649464846CDE9D0
:10C1900004770397FFF79CFB636A0093A36AA26B83
:10C1A0000193E36A02930492636BE26B0393CDE91C
:10C1B0000523236A07932E1808236A4649464846F2
:10C1C000FFF786FBE36A0093236B0193636B029393
:10C1D000236A0693A36A0793351808236A464946DB
:10C1E0004846CDE904770397FFF7A2FB236B009342
:10C1F000636B0193A36B0293E36B0393636A0693F0
:10C20000E36A07932E1A08236A4649464846CDE951
:10C210000477FFF78DFB636B0093A36B0193E36BD4
:10C220000293236A0393636A0493A36ACDE90537F3
:10C23000236B0793361A08236A4649464846FFF798
:10C2400077FBA36B0093E36BCDE90137636A03933C
:10C25000A36A0493E36ACDE90537636B0793361A43
:10C2600008236A4649464846FFF762FB361A0E4CD9
:10C270000FD436B9082249462046FFF762FD01284F
:10C280000FD00823224649464846FFF751FB361A8D
:10C29000EFE70823224649464846FFF719FB3618C0
:10C2A000F7D408B0BDE8F08200D2070070B514469C
:10C2B0008AB006460D461A46214602A80193FFF7AA
:10C2C00040FE019B02AA31463046FFF72AFE02A932
:10C2D000019B22460846FFF724FE019B02AA29463D
:10C2E0002846FFF71EFE0AB070BD2DE9F0478AB060
:10C2F0001446DDF848A055461F4615F9046B009614
:10C30000804689462B460246214602A8FFF757FD84
:10C3100002A952460846FFF714FE534602AA4146B8
:10C320004046FFF7FEFD534602AA21462046FFF78E
:10C33000F8FD2B464A46394638460096FFF73FFD42
:10C340005246394602A8FFF7FCFD02A92B46424699
:10C3500008460096FFF733FD02A92B462246084601
:10C360000096FFF72CFD2B464246214620460096BC
:10C37000FFF725FD5346224649464846FFF7D1FDC3
:10C380002B4602AA414620460096FFF718FD534669
:10C39000224639463846FFF7C4FD2B464A46394601
:10C3A00038460096FFF70BFD324602A92046FFF7FC
:10C3B000BCFC0AB0BDE8F0872DE9F0479846B3F918
:10C3C0000230894613F11F0148BF03F13E01DD1D14
:10C3D00048BF03F10E05EC104E11944275B228BF10
:10C3E000144629460746FFF75CFC22464946FFF7FC
:10C3F00063FAB8F90230B3EBC40F4FEAC40220D29B
:10C40000D21A07EB86010020C2F120068F420FD31B
:10C4100008F124082A4639464046FFF792FC0128D5
:10C420000FD02B4642463846BDE8F047FFF780BAAA
:10C4300051F8044D24FA02F303430B6004FA06F0AA
:10C44000E4E7BDE8F08770B5036813F00106054620
:10C45000144605D013460A460146FFF739FA064648
:10C4600021462846FFF782FC46B104F18042013A9A
:10C4700055F8223043F0004345F8223070BDF0B546
:10C480000F46A1B006461946384615461C46FFF72A
:10C4900013FC20B13046FFF704FC21B0F0BD22466A
:10C4A00039466846FFF741FC294608A8FFF73DFCDE
:10C4B00010A82146FFF7F5FB012318A81093FFF7FA
:10C4C000F0FB224608A96846FFF73BFC28B9224644
:10C4D00010A93046FFF729FCDFE7009BDA0709D4F3
:10C4E00021466846FFF742FC2246294610A8FFF77E
:10C4F000AAFFE6E7089BDB0707D4214608A8FFF759
:10C5000035FC2246294618A8F1E7002823461CDD01
:10C5100008AA69466846FFF70BFA21466846FFF706
:10C5200025FC224618A910A8FFF70BFC002805DA05
:10C5300010A923462A460846FFF7CAF910A9234640
:10C5400018AA0846FFF7F4F9CEE708A96A46084694
:10C55000FFF7EEF9214608A8FFF708FC224610A9CC
:10C5600018A8FFF7EEFB002805DA18A923462A468B
:10C570000846FFF7ADF918A9234610AA0846FFF7A9
:10C58000D7F9BEE700487047FCD107002DE9F04F0E
:10C590002DED028BEDB08946789E05901946B6F9CF
:10C5A000023096F9004013F11F0748BF03F13E0720
:10C5B00047F3471707F1FF3B24AB002543F82B5007
:10C5C0006CAB03EB8B0307EE902A4CA896F9012085
:10C5D00043F8805C43F8605CFFF76EF996F9012040
:10C5E00054A81144FFF768F921464CA8FFF764FBF3
:10C5F0008046002840F0428154A8FFF75DFB03907D
:10C60000002840F03D8106F1240A3A464CA95046E4
:10C61000FFF797FB012840F035813A4654A9504670
:10C62000FFF78FFB0128069040F02C811CAD3B46A4
:10C63000524654A92846FFF722FF0DF13008039B0C
:10C6400048F82B3017EE902A494640463346FFF70C
:10C65000B3FE4146404653462A460097FFF7C3FBC8
:10C660000DF5B87B53462A464CA914A80097FFF74E
:10C67000BAFB224658460599FFF757FBA3000793DC
:10C68000059B0BEB840903EB84014846FFF74DFB48
:10C6900006F14403194634A80493FFF746FB049BB4
:10C6A000A10059183CA8FFF740FB331D08EE903A53
:10C6B000594634AA28460094FFF781FB4B465A4658
:10C6C0003CA934A80096FFF710FE18EE902A2346E6
:10C6D00029462846FFF7D3FE2A46494658463346A0
:10C6E000FFF7E4FD039B0893049B0993059B3946E0
:10C6F0004046CDE90A3BFFF7F8FA3946834614A8CD
:10C70000FFF7F3FA5845B8BF58461FFA80FB0BF104
:10C71000FF3109B240460491FFF7DDFA0499B0F108
:10C72000000814A818BF4FF00108FFF7D4FA00283A
:10C7300014BF0220002048EA00080DF1200922461B
:10C7400059F8281024A8FFF7F0FA0DF1B009A3005A
:10C7500019444846FFF7E9FA21462846FFF7A1FAAF
:10C76000069B2B60ABF1020824AB08EE105A0FFABF
:10C7700088F80493B8F1000F2ADA18EE902A18EE20
:10C78000101A18EE100A2346FFF779FE18EE102A49
:10C79000049833464946FFF789FD04993A465046C6
:10C7A000FFF7CFFA012805D004993B4652460846C8
:10C7B000FFF7BEF8013C64B24CAA230653D5039B95
:10C7C000B3FA83F040096DB0BDEC028BBDE8F08F89
:10C7D000334618EE102A0498D6F8A4504946A847C4
:10C7E00041460CA8FFF777FA4146B0F1000B14A8B8
:10C7F00018BF4FF0010BFFF76EFA002814BF02209C
:10C8000000204BEA000B08AB53F82B1031B3224643
:10C8100034A8FFF78AFA079B3CA81944FFF785FA6A
:10C8200018EE102A33463CA934A8FFF73FFD18EE56
:10C83000903A0499009434AA44A8FFF7C0FA049AE5
:10C8400000964B463CA934A8FFF74FFD18EE101A8E
:10C8500018EE100A334644AAFFF763FB08F1FF38CD
:10C860000FFA88F886E7049B52F8241053F8243016
:10C870004B40039919430391013C9EE72846A2E7E8
:10C880004046A0E703989EE7002301461A46184653
:10C8900000F0E4B908B5074B044613B1002100F0DD
:10C8A0002DFA054B1868836A03B19847204600F0BB
:10C8B00073FA00BFFDCC0700ACD2070038B50A4CB4
:10C8C0000A4D641BA4100AD004F18043013B05EB20
:10C8D0008305013C55F804399847002CF9D1BDE88F
:10C8E000384000F061BA00BFA02B00209C2B002034
:10C8F00070B50D4E0D4D761BB61006D000240134D8
:10C9000055F8043B9847A642F9D1094E094D761BCC
:10C9100000F044FAB61006D00024013455F8043B68
:10C920009847A642F9D170BD982B0020982B002083
:10C930009C2B0020982B0020032A70B412D940EAC7
:10C940000105AD0704460B4620D11946204653F891
:10C95000045B54F8046BAE4218D1043A032A204613
:10C960001946F2D8541E72B103780A789A4208BF69
:10C97000241806D00CE010F8013F11F8012F934263
:10C9800006D1A042F7D1002070BC7047541EEBE7DF
:10C99000981A70BC704700BF844641EA000313F048
:10C9A00003036DD1403A41D351F8043B40F8043BB6
:10C9B00051F8043B40F8043B51F8043B40F8043B79
:10C9C00051F8043B40F8043B51F8043B40F8043B69
:10C9D00051F8043B40F8043B51F8043B40F8043B59
:10C9E00051F8043B40F8043B51F8043B40F8043B49
:10C9F00051F8043B40F8043B51F8043B40F8043B39
:10CA000051F8043B40F8043B51F8043B40F8043B28
:10CA100051F8043B40F8043B51F8043B40F8043B18
:10CA200051F8043B40F8043B403ABDD2303211D3B8
:10CA300051F8043B40F8043B51F8043B40F8043BF8
:10CA400051F8043B40F8043B51F8043B40F8043BE8
:10CA5000103AEDD20C3205D351F8043B40F8043BB8
:10CA6000043AF9D2043208D0D2071CBF11F8013BB6
:10CA700000F8013B01D30B8803806046704700BF7C
:10CA8000082A13D38B078DD010F003038AD0C3F18B
:10CA90000403D21ADB071CBF11F8013B00F8013B6D
:10CAA00080D331F8023B20F8023B7BE7043AD9D32C
:10CAB000013A11F8013B00F8013BF9D20B78037001
:10CAC0004B7843708B78837060467047F0B486076C
:10CAD00046D0541E002A3CD0CAB2034602E014F1EC
:10CAE000FF3436D303F8012B9D07F8D1032C29D945
:10CAF000CDB245EA05250F2C45EA054533D9A4F109
:10CB00001006360903F1200707EB061703F11002A0
:10CB100042E9045542E902551032BA42F8D1721C7A
:10CB200014F00C0F03EB021204F00F0613D0331FA6
:10CB300023F003030433134442F8045B9342FBD114
:10CB400006F003042CB1C9B21C4403F8011B9C423B
:10CB5000FBD1F0BC704734461346002CF3D1F8E704
:10CB600014460346C2E71A462646E0E700000000E6
:10CB700000000000000000000000000000000000B5
:10CB800090F800F06DE9024520F007016FF0000C0D
:10CB900010F0070491F820F040F049804FF00004B5
:10CBA0006FF00700D1E9002391F840F000F1080090
:10CBB00082FA4CF2A4FA8CF283FA4CF3A2FA8CF3C8
:10CBC0004BBBD1E9022382FA4CF200F10800A4FA2F
:10CBD0008CF283FA4CF3A2FA8CF3E3B9D1E9042383
:10CBE00082FA4CF200F10800A4FA8CF283FA4CF3BA
:10CBF000A2FA8CF37BB9D1E9062301F1200182FA74
:10CC00004CF200F10800A4FA8CF283FA4CF3A2FA79
:10CC10008CF3002BC6D0002A04BF04301A4612BA87
:10CC2000B2FA82F2FDE8024500EBD2007047D1E98A
:10CC3000002304F00305C4F100004FEAC50514F019
:10CC4000040F91F840F00CFA05F562EA05021CBFEA
:10CC500063EA050362464FF00004A9E72DE9F843B3
:10CC6000224C25680DB36C681F2C3BDC984691461E
:10CC70000F46064688B1D5F8880028B3D0F80031B1
:10CC800040F824900122A24000EB84011343022EBD
:10CC9000C0F80031C1F8808010D0A31C01346C6052
:10CCA00045F823700020BDE8F883114E114D256032
:10CCB000002ED8D03468C5F88840D4E7D0F80431C5
:10CCC0001A43C0F80421E8E70B4B5BB14FF48470C2
:10CCD000AFF3008030B100236C68C0E94033C5F881
:10CCE0008800CDE74FF0FF30DDE700BFBC4E0020ED
:10CCF00000000000304E0020000000002DE9F04F41
:10CD0000DFF8908083B0D8F8005001900F464FF0C4
:10CD1000010A8DB16C68D5F88860013C0CD405F12E
:10CD2000080B67B12EB106F1800353F82430BB42E3
:10CD300005D014F1FF34F4D203B0BDE8F08F6B6876
:10CD40005BF82420013BA34216BF00236C604BF824
:10CD50002430002AEDD0D5F80490B6B1D6F80011F1
:10CD60000AFA04F30B4210D0D6F8040156F8241046
:10CD700003420CD1019890476B68D8F800204B45CE
:10CD800001D1AA42D5D01546C3E79047F4E708463B
:10CD90009047F1E7BC4E0020FEE700BFF8B500BFAA
:10CDA000F8BC08BC9E467047F8B500BFF8BC08BC8C
:10CDB0009E467047001000000400000001000000C3
:10CDC00095790700B9790700C9790700397A070012
:10CDD000D9790700A1790700A5790700A97907008B
:10CDE000001000000400000001000000457B070067
:10CDF000257B0700157B07004D7D0700017D07009F
:10CE0000E77A0700EB7A0700F17A0700982F8A4249
:10CE100091443771CFFBC0B5A5DBB5E95BC256398C
:10CE2000F111F159A4823F92D55E1CAB98AA07D8A4
:10CE3000015B8312BE853124C37D0C55745DBE72C7
:10CE4000FEB1DE80A706DC9B74F19BC1C1699BE447
:10CE50008647BEEFC69DC10FCCA10C246F2CE92DD7
:10CE6000AA84744ADCA9B05CDA88F97652513E98FB
:10CE70006DC631A8C82703B0C77F59BFF30BE0C602
:10CE80004791A7D55163CA0667292914850AB72790
:10CE900038211B2EFC6D2C4D130D385354730A652D
:10CEA000BB0A6A762EC9C281852C7292A1E8BFA204
:10CEB0004B661AA8708B4BC2A3516CC719E892D16C
:10CEC000240699D685350EF470A06A1016C1A419EF
:10CED000086C371E4C774827B5BCB034B30C1C39EE
:10CEE0004AAAD84E4FCA9C5BF36F2E68EE828F74AD
:10CEF0006F63A5781478C8840802C78CFAFFBE90C7
:10CF0000EB6C50A4F7A3F9BEF27871C64800280074
:10CF10000020400085C50700DDAC843D1EBD6AFCD5
:10CF2000F19B4BD0C49DB1BE608F0D7ACA0083AA1D
:10CF3000B84899DE96F7E90C05200B441BE1104A2E
:10CF4000A3418950BAD2FDB74999C850A1D379AF4E
:10CF50008939544350D9C92D06150E1506110A04F6
:10CF60000A1104041F04041C0B1F251E15160F189C
:10CF7000131C0B1F251E15160F18130000000000B0
:10CF80000338FDD870470000F79207009B92070016
:10CF9000EB9707005D9807007D980700E191070077
:10CFA000A19107007F97070000000000A9980700E3
:10CFB000A398070083980700200000007800000075
:10CFC000000000000100010000000000010000005E
:10CFD0000000000002000500010000004200000007
:10CFE0000000000000000000000000000000000041
:10CFF00000000000010011000100FFFF010000001F
:10D0000000000000020017000200FEFF64010000A3
:10D0100054D00700000000000000000000000000E5
:10D0200000000000010001000000000001000000FD
:10D0300000000000020005000100000022000000C6
:10D0400000000000000000000000000000000000E0
:10D0500000000000010011000400FCFF04000000BB
:10D0600000000000020011000400FCFF04000000AA
:10D0700000000000030021000400FCFF0400100079
:10D0800000000000040011000100FFFF010000008B
:10D0900000000000050011000200FEFF0400000077
:10D0A00000000000060011000400FCFF0400000066
:10D0B00000000000070011000400FCFF0400000055
:10D0C00000000000080017000200FEFF240000001E
:10D0D00024D00700090010000100FFFF010000003C
:10D0E00004D107000A0027000200FEFF44000300ED
:10D0F000C4CF070000000000000000000000000096
:10D100000000000000000000010017000400FCFF08
:10D1100068010000F4CF0700020017000400FCFFC4
:10D12000AC01000038D10700000000000000000042
:10D1300000000000000000000100070000000000E7
:10D1400068010000F4CF07000200010000000000A9
:10D1500001000000000000000300050001000000C5
:10D16000420000000000000000000000000000007D
:10D170000000000000000000446675546172670002
:10D18000000000000000000000000000000000009F
:10D1900050EADA308883B89F604F15F30000C98EDB
:10D1A0000338FDD870470C000C00000058026D6970
:10D1B00063726F6269745F61707000001002010039
:10D1C00008D3070010D3070008000000F8D20700BA
:10D1D00008D3070008000000F0D20700F8D20700CB
:10D1E00008000000E8D20700F0D2070008000000A5
:10D1F00010D3070018D30700080000000820000122
:10D20000FFFFFFFFFFFFFFFFFFFFFFFF000000002A
:10D21000000000000000000001000000FFFFFFFF11
:10D22000512563FCC2CAB9F3849E17A7ADFAE6BCC8
:10D23000FFFFFFFFFFFFFFFF00000000FFFFFFFFFA
:10D2400096C298D84539A1F4A033EB2D817D0377A0
:10D25000F240A463E5E6BCF847422CE1F2D1176B3B
:10D26000F551BF376840B6CBCE5E316B5733CE2B0E
:10D27000169E0F7C4AEBE78E9B7F1AFEE242E34F3D
:10D280004B60D2273E3CCE3BF6B053CCB0061D657A
:10D29000BC86987655BDEBB3E7933AAAD835C65A03
:10D2A0004BBF07009DC00700FDC00700382B0020C2
:10D2B0000000000001A10700599E07004032002035
:10D2C0007C4200208D42002048320020F400000003
:10D2D0000000000003000000F5B30700000000009C
:10D2E00002000000D5B30700A59A07000000000067
:10D2F000C17C07000000000079B7070000000000B3
:10D300007DB8070000000000017B0700000000005E
:10D310001D7C070000000000709FFF7F01000000DF
:10D320000090D0030000000000000000000000009A
:10D3300000000000000000000000000000000000ED
:10D3400001000000000000000000000000000000DC
:10D3500002000000EC2A00200C2B0020FC2A0020F8
:10D36000FF00FFFF0100000000E00700382B002055
:10D3700000000000000000000000000000000000AD
:10D38000000000000000000000000000000000009D
:10D39000000000000000000000000000000000008D
:10D3A000000000000000000000000000000000007D
:10D3B000000000000000000000000000000000006D
:10D3C000000000000000000000000000000000005D
:10D3D00069720700417207000000000000000000B1
:0CD3E00001A2070000100000000008007F
:10E00000BE361649020000000000000000000000BB
:10E0100000000000000000001CD20000105EBCF8F0
:10E0200001000000000000000000000000000000EF
:10E0300000000000000000000000000000000000E0
:10E0400000000000000000000000000000000000D0
:10E0500000000000000000000000000000000000C0
:10E0600000000000000000000000000000000000B0
:10E0700000000000000000000000000000000000A0
:10E080000000000000000000000000000000000090
:10E090000000000000000000000000000000000080
:10E0A0000000000000000000000000000000000070
:10E0B0000000000000000000000000000000000060
:10E0C0000000000000000000000000000000000050
:10E0D0000000000000000000000000000000000040
:10E0E0000000000000000000000000000000000030
:10E0F0000000000000000000000000000000000020
:10E10000000000000000000000000000000000000F
:10E1100000000000000000000000000000000000FF
:10E1200000000000000000000000000000000000EF
:10E1300000000000000000000000000000000000DF
:10E1400000000000000000000000000000000000CF
:10E1500000000000000000000000000000000000BF
:10E1600000000000000000000000000000000000AF
:10E17000000000000000000000000000000000009F
:10E18000000000000000000000000000000000008F
:10E19000000000000000000000000000000000007F
:10E1A000000000000000000000000000000000006F
:10E1B000000000000000000000000000000000005F
:10E1C000000000000000000000000000000000004F
:10E1D000000000000000000000000000000000003F
:10E1E000000000000000000000000000000000002F
:10E1F000000000000000000000000000000000001F
:10E20000000000000000000000000000000000000E
:10E2100000000000000000000000000000000000FE
:10E2200000000000000000000000000000000000EE
:10E2300000000000000000000000000000000000DE
:10E2400000000000000000000000000000000000CE
:10E25000000000000000000000000000A21BDAAC7B
:10E2600000000000000000000000000000000000AE
:10E27000000000000000000000000000000000009E
:10E28000000000000000000000000000000000008E
:10E29000000000000000000000000000000000007E
:10E2A000000000000000000000000000000000006E
:10E2B000000000000000000000000000000000005E
:10E2C000000000000000000000000000000000004E
:10E2D000000000000000000000000000000000003E
:10E2E000000000000000000000000000000000002E
:10E2F000000000000000000000000000000000001E
:10E30000000000000000000000000000000000000D
:10E3100000000000000000000000000000000000FD
:10E3200000000000000000000000000000000000ED
:10E3300000000000000000000000000000000000DD
:10E3400000000000000000000000000000000000CD
:10E3500000000000000000000000000000000000BD
:10E3600000000000000000000000000000000000AD
:10E37000000000000000000000000000000000009D
:10E38000000000000000000000000000000000008D
:10E39000000000000000000000000000000000007D
:10E3A000000000000000000000000000000000006D
:10E3B000000000000000000000000000000000005D
:10E3C000000000000000000000000000000000004D
:10E3D000000000000000000000000000000000003D
:10E3E000000000000000000000000000000000002D
:10E3F000000000000000000000000000000000001D
:10E40000000000000000000000000000000000000C
:10E4100000000000000000000000000000000000FC
:10E4200000000000000000000000000000000000EC
:10E4300000000000000000000000000000000000DC
:10E4400000000000000000000000000000000000CC
:10E4500000000000000000000000000000000000BC
:10E4600000000000000000000000000000000000AC
:10E47000000000000000000000000000000000009C
:10E48000000000000000000000000000000000008C
:10E49000000000000000000000000000000000007C
:10E4A000000000000000000000000000000000006C
:10E4B000000000000000000000000000000000005C
:10E4C000000000000000000000000000000000004C
:10E4D000000000000000000000000000000000003C
:10E4E000000000000000000000000000000000002C
:10E4F000000000000000000000000000000000001C
:10E50000000000000000000000000000000000000B
:10E5100000000000000000000000000000000000FB
:10E5200000000000000000000000000000000000EB
:10E5300000000000000000000000000000000000DB
:10E5400000000000000000000000000000000000CB
:10E5500000000000000000000000000000000000BB
:10E5600000000000000000000000000000000000AB
:10E57000000000000000000000000000000000009B
:10E58000000000000000000000000000000000008B
:10E59000000000000000000000000000000000007B
:10E5A000000000000000000000000000000000006B
:10E5B000000000000000000000000000000000005B
:10E5C000000000000000000000000000000000004B
:10E5D000000000000000000000000000000000003B
:10E5E000000000000000000000000000000000002B
:10E5F000000000000000000000000000000000001B
:10E60000000000000000000000000000000000000A
:10E6100000000000000000000000000000000000FA
:10E6200000000000000000000000000000000000EA
:10E6300000000000000000000000000000000000DA
:10E6400000000000000000000000000000000000CA
:10E6500000000000000000000000000000000000BA
:10E6600000000000000000000000000000000000AA
:10E67000000000000000000000000000000000009A
:10E68000000000000000000000000000000000008A
:10E69000000000000000000000000000000000007A
:10E6A000000000000000000000000000000000006A
:10E6B000000000000000000000000000000000005A
:10E6C000000000000000000000000000000000004A
:10E6D000000000000000000000000000000000003A
:10E6E000000000000000000000000000000000002A
:10E6F000000000000000000000000000000000001A
:10E700000000000000000000000000000000000009
:10E7100000000000000000000000000000000000F9
:10E7200000000000000000000000000000000000E9
:10E7300000000000000000000000000000000000D9
:10E7400000000000000000000000000000000000C9
:10E7500000000000000000000000000000000000B9
:10E7600000000000000000000000000000000000A9
:10E770000000000000000000000000000000000099
:10E780000000000000000000000000000000000089
:10E790000000000000000000000000000000000079
:10E7A0000000000000000000000000000000000069
:10E7B0000000000000000000000000000000000059
:10E7C0000000000000000000000000000000000049
:10E7D0000000000000000000000000000000000039
:10E7E0000000000000000000000000000000000029
:10E7F0000000000000000000000000000000000019
:10E800000000000000000000000000000000000008
:10E8100000000000000000000000000000000000F8
:10E8200000000000000000000000000000000000E8
:10E8300000000000000000000000000000000000D8
:10E8400000000000000000000000000000000000C8
:10E8500000000000000000000000000000000000B8
:10E8600000000000000000000000000000000000A8
:10E870000000000000000000000000000000000098
:10E880000000000000000000000000000000000088
:10E890000000000000000000000000000000000078
:10E8A0000000000000000000000000000000000068
:10E8B0000000000000000000000000000000000058
:10E8C0000000000000000000000000000000000048
:10E8D0000000000000000000000000000000000038
:10E8E0000000000000000000000000000000000028
:10E8F0000000000000000000000000000000000018
:10E900000000000000000000000000000000000007
:10E9100000000000000000000000000000000000F7
:10E9200000000000000000000000000000000000E7
:10E9300000000000000000000000000000000000D7
:10E9400000000000000000000000000000000000C7
:10E9500000000000000000000000000000000000B7
:10E9600000000000000000000000000000000000A7
:10E970000000000000000000000000000000000097
:10E980000000000000000000000000000000000087
:10E990000000000000000000000000000000000077
:10E9A0000000000000000000000000000000000067
:10E9B0000000000000000000000000000000000057
:10E9C0000000000000000000000000000000000047
:10E9D0000000000000000000000000000000000037
:10E9E0000000000000000000000000000000000027
:10E9F0000000000000000000000000000000000017
:10EA00000000000000000000000000000000000006
:10EA100000000000000000000000000000000000F6
:10EA200000000000000000000000000000000000E6
:10EA300000000000000000000000000000000000D6
:10EA400000000000000000000000000000000000C6
:10EA500000000000000000000000000000000000B6
:10EA600000000000000000000000000000000000A6
:10EA70000000000000000000000000000000000096
:10EA80000000000000000000000000000000000086
:10EA90000000000000000000000000000000000076
:10EAA0000000000000000000000000000000000066
:10EAB0000000000000000000000000000000000056
:10EAC0000000000000000000000000000000000046
:10EAD0000000000000000000000000000000000036
:10EAE0000000000000000000000000000000000026
:10EAF0000000000000000000000000000000000016
:10EB00000000000000000000000000000000000005
:10EB100000000000000000000000000000000000F5
:10EB200000000000000000000000000000000000E5
:10EB300000000000000000000000000000000000D5
:10EB400000000000000000000000000000000000C5
:10EB500000000000000000000000000000000000B5
:10EB600000000000000000000000000000000000A5
:10EB70000000000000000000000000000000000095
:10EB80000000000000000000000000000000000085
:10EB90000000000000000000000000000000000075
:10EBA0000000000000000000000000000000000065
:10EBB0000000000000000000000000000000000055
:10EBC0000000000000000000000000000000000045
:10EBD0000000000000000000000000000000000035
:10EBE0000000000000000000000000000000000025
:10EBF0000000000000000000000000000000000015
:10EC00000000000000000000000000000000000004
:10EC100000000000000000000000000000000000F4
:10EC200000000000000000000000000000000000E4
:10EC300000000000000000000000000000000000D4
:10EC400000000000000000000000000000000000C4
:10EC500000000000000000000000000000000000B4
:10EC600000000000000000000000000000000000A4
:10EC70000000000000000000000000000000000094
:10EC80000000000000000000000000000000000084
:10EC90000000000000000000000000000000000074
:10ECA0000000000000000000000000000000000064
:10ECB0000000000000000000000000000000000054
:10ECC0000000000000000000000000000000000044
:10ECD0000000000000000000000000000000000034
:10ECE0000000000000000000000000000000000024
:10ECF0000000000000000000000000000000000014
:10ED00000000000000000000000000000000000003
:10ED100000000000000000000000000000000000F3
:10ED200000000000000000000000000000000000E3
:10ED300000000000000000000000000000000000D3
:10ED400000000000000000000000000000000000C3
:10ED500000000000000000000000000000000000B3
:10ED600000000000000000000000000000000000A3
:10ED70000000000000000000000000000000000093
:10ED80000000000000000000000000000000000083
:10ED90000000000000000000000000000000000073
:10EDA0000000000000000000000000000000000063
:10EDB0000000000000000000000000000000000053
:10EDC0000000000000000000000000000000000043
:10EDD0000000000000000000000000000000000033
:10EDE0000000000000000000000000000000000023
:10EDF0000000000000000000000000000000000013
:10EE00000000000000000000000000000000000002
:10EE100000000000000000000000000000000000F2
:10EE200000000000000000000000000000000000E2
:10EE300000000000000000000000000000000000D2
:10EE400000000000000000000000000000000000C2
:10EE500000000000000000000000000000000000B2
:10EE600000000000000000000000000000000000A2
:10EE70000000000000000000000000000000000092
:10EE80000000000000000000000000000000000082
:10EE90000000000000000000000000000000000072
:10EEA0000000000000000000000000000000000062
:10EEB0000000000000000000000000000000000052
:10EEC0000000000000000000000000000000000042
:10EED0000000000000000000000000000000000032
:10EEE0000000000000000000000000000000000022
:10EEF0000000000000000000000000000000000012
:10EF00000000000000000000000000000000000001
:10EF100000000000000000000000000000000000F1
:10EF200000000000000000000000000000000000E1
:10EF300000000000000000000000000000000000D1
:10EF400000000000000000000000000000000000C1
:10EF500000000000000000000000000000000000B1
:10EF600000000000000000000000000000000000A1
:10EF70000000000000000000000000000000000091
:10EF80000000000000000000000000000000000081
:10EF90000000000000000000000000000000000071
:10EFA0000000000000000000000000000000000061
:10EFB0000000000000000000000000000000000051
:10EFC0000000000000000000000000000000000041
:10EFD0000000000000000000000000000000000031
:10EFE0000000000000000000000000000000000021
:10EFF0000000000000000000000000000000000011
:10F00000BE361649020000000000000000000000AB
:10F0100000000000000000001CD20000105EBCF8E0
:10F0200001000000000000000000000000000000DF
:10F0300000000000000000000000000000000000D0
:10F0400000000000000000000000000000000000C0
:10F0500000000000000000000000000000000000B0
:10F0600000000000000000000000000000000000A0
:10F070000000000000000000000000000000000090
:10F080000000000000000000000000000000000080
:10F090000000000000000000000000000000000070
:10F0A0000000000000000000000000000000000060
:10F0B0000000000000000000000000000000000050
:10F0C0000000000000000000000000000000000040
:10F0D0000000000000000000000000000000000030
:10F0E0000000000000000000000000000000000020
:10F0F0000000000000000000000000000000000010
:10F1000000000000000000000000000000000000FF
:10F1100000000000000000000000000000000000EF
:10F1200000000000000000000000000000000000DF
:10F1300000000000000000000000000000000000CF
:10F1400000000000000000000000000000000000BF
:10F1500000000000000000000000000000000000AF
:10F16000000000000000000000000000000000009F
:10F17000000000000000000000000000000000008F
:10F18000000000000000000000000000000000007F
:10F19000000000000000000000000000000000006F
:10F1A000000000000000000000000000000000005F
:10F1B000000000000000000000000000000000004F
:10F1C000000000000000000000000000000000003F
:10F1D000000000000000000000000000000000002F
:10F1E000000000000000000000000000000000001F
:10F1F000000000000000000000000000000000000F
:10F2000000000000000000000000000000000000FE
:10F2100000000000000000000000000000000000EE
:10F2200000000000000000000000000000000000DE
:10F2300000000000000000000000000000000000CE
:10F2400000000000000000000000000000000000BE
:10F25000000000000000000000000000A21BDAAC6B
:10F26000000000000000000000000000000000009E
:10F27000000000000000000000000000000000008E
:10F28000000000000000000000000000000000007E
:10F29000000000000000000000000000000000006E
:10F2A000000000000000000000000000000000005E
:10F2B000000000000000000000000000000000004E
:10F2C000000000000000000000000000000000003E
:10F2D000000000000000000000000000000000002E
:10F2E000000000000000000000000000000000001E
:10F2F000000000000000000000000000000000000E
:10F3000000000000000000000000000000000000FD
:10F3100000000000000000000000000000000000ED
:03F32000000000EA
:020000020000FC
:020000041000EA
:081014000070070000E0070076
:040000032000E69162
:00000001FF
